date,precip_mm,region,region_name,regime,dry_spell,roll30_mm,month,year,dry_bin,roll30_mean,roll30_sd,drought_z,drought_severity,success_0.1mm_1d,success_0.1mm_3d,success_0.1mm_7d,success_0.1mm_14d,success_1mm_1d,success_1mm_3d,success_1mm_7d,success_1mm_14d,success_5mm_1d,success_5mm_3d,success_5mm_7d,success_5mm_14d,success_1mm_1d_mean,success_1mm_3d_mean,success_1mm_7d_mean,success_1mm_14d_mean,previous_dry_spell,previous_drought,rule,observer_mean_before,perceived_delta_before,scenario_wtp
2011-01-02,0.0,london,"London, United Kingdom",temperate maritime,4,22.7,1,2011,3–5,54.43781512605042,29.21881165985792,-1.0862117014037642,1.0862117014037642,0,1,1,1,0,1,1,1,0,0,1,1,0.3050847457627119,0.4915254237288136,0.7203389830508474,0.9322033898305084,3.0,0.9527360472464123,30-day deficit threshold,0.5,0.0,2.6279304964122128
2011-01-02,0.0,tucson,"Tucson, United States",hot semi-arid / monsoonal,2,31.70000000000001,1,2011,0–2,30.94554621848741,34.211305053009895,0.02205276239370535,0.0,0,0,0,0,0,0,0,0,0,0,0,0,0.18848167539267016,0.36649214659685864,0.6649214659685864,0.8272251308900523,1.0,0.0,season-matched placebo,0.5,0.0790682373051872,4.581364746103744
2011-01-05,4.4,london,"London, United Kingdom",temperate maritime,7,16.8,1,2011,6–9,54.43781512605042,29.21881165985792,-1.2881364089751428,1.2881364089751428,1,1,1,1,1,1,1,1,1,1,1,1,0.1746031746031746,0.42857142857142855,0.746031746031746,0.9682539682539683,6.0,1.2881364089751428,dry-spell threshold,0.5,0.0,2.5018441740231743
2011-01-05,0.6,nairobi,"Nairobi, Kenya",subtropical highland / bimodal rainfall,7,45.800000000000004,1,2011,6–9,38.80621848739496,39.3988033067764,0.17751253656483904,0.0,0,1,1,1,0,0,0,0,0,0,0,0,0.14130434782608695,0.2608695652173913,0.40217391304347827,0.5543478260869565,6.0,0.0,dry-spell threshold,0.5,0.0,3.0
2011-01-06,0.0,cape_town,"Cape Town, South Africa",Mediterranean winter-rainfall,3,4.4,1,2011,3–5,13.84655462184874,12.698939511184065,-0.7438853152681827,0.7438853152681827,0,1,1,1,0,0,0,0,0,0,0,0,0.030303030303030304,0.18181818181818182,0.47474747474747475,0.5454545454545454,2.0,0.7438853152681827,random drought day,0.5,0.0,2.8131931616365082
2011-01-06,9.8,london,"London, United Kingdom",temperate maritime,0,21.200000000000003,1,2011,0–2,54.43781512605042,29.21881165985792,-1.1375484914642842,1.1375484914642842,1,1,1,1,1,1,1,1,1,1,1,1,0.37755102040816324,0.6938775510204082,0.8596938775510204,0.9693877551020408,7.0,1.2881364089751428,high prospective hazard,0.5,0.0,2.5967686071346137
2011-01-06,9.8,london,"London, United Kingdom",temperate maritime,0,21.200000000000003,1,2011,0–2,54.43781512605042,29.21881165985792,-1.1375484914642842,1.1375484914642842,1,1,1,1,1,1,1,1,1,1,1,1,0.37755102040816324,0.6938775510204082,0.8596938775510204,0.9693877551020408,7.0,1.2881364089751428,random drought day,0.5,0.0,2.5967686071346137
2011-01-06,0.0,nairobi,"Nairobi, Kenya",subtropical highland / bimodal rainfall,8,43.099999999999994,1,2011,6–9,38.80621848739496,39.3988033067764,0.10898253632659262,0.0,0,1,1,1,0,0,0,0,0,0,0,0,0.14130434782608695,0.2608695652173913,0.40217391304347827,0.5543478260869565,7.0,0.0,random drought day,0.5,0.0,3.0
2011-01-07,0.0,tucson,"Tucson, United States",hot semi-arid / monsoonal,7,31.70000000000001,1,2011,6–9,30.94554621848741,34.211305053009895,0.02205276239370535,0.0,0,0,0,0,0,0,0,0,0,0,0,0,0.225,0.3625,0.55,0.8,6.0,0.0,dry-spell threshold,0.5,0.0790682373051872,4.581364746103744
2011-01-08,3.4,london,"London, United Kingdom",temperate maritime,0,37.1,1,2011,0–2,54.43781512605042,29.21881165985792,-0.5933785168227722,0.5933785168227722,0,1,1,1,0,1,1,1,0,1,1,1,0.37755102040816324,0.6938775510204082,0.8596938775510204,0.9693877551020408,0.0,0.8021481297355536,random drought day,0.6666666666666666,0.0,2.8783832207831255
2011-01-08,0.0,tucson,"Tucson, United States",hot semi-arid / monsoonal,8,31.70000000000001,1,2011,6–9,30.94554621848741,34.211305053009895,0.02205276239370535,0.0,0,0,0,0,0,0,0,0,0,0,0,0,0.225,0.3625,0.55,0.8,7.0,0.0,random drought day,0.5,0.0790682373051872,4.581364746103744
2011-01-10,0.0,cape_town,"Cape Town, South Africa",Mediterranean winter-rainfall,7,5.1000000000000005,1,2011,6–9,13.84655462184874,12.698939511184065,-0.6887626021169386,0.6887626021169386,0,0,0,0,0,0,0,0,0,0,0,0,0.1271186440677966,0.2796610169491525,0.3389830508474576,0.5677966101694916,6.0,0.7438853152681827,dry-spell threshold,0.5,0.0,2.8384166851498707
2011-01-10,0.0,cape_town,"Cape Town, South Africa",Mediterranean winter-rainfall,7,5.1000000000000005,1,2011,6–9,13.84655462184874,12.698939511184065,-0.6887626021169386,0.6887626021169386,0,0,0,0,0,0,0,0,0,0,0,0,0.1271186440677966,0.2796610169491525,0.3389830508474576,0.5677966101694916,6.0,0.7438853152681827,random drought day,0.3333333333333333,0.0,2.8384166851498707
2011-01-16,0.9,london,"London, United Kingdom",temperate maritime,2,55.5,1,2011,0–2,54.43781512605042,29.21881165985792,0.036352774586273104,0.0,1,1,1,1,1,1,1,1,1,1,1,1,0.37755102040816324,0.6938775510204082,0.8596938775510204,0.9693877551020408,1.0,0.0,season-matched placebo,0.5,0.0,3.0
2011-01-18,0.0,tokyo,"Tokyo, Japan",humid subtropical,2,37.50000000000005,1,2011,0–2,56.298487394958,37.50707562065987,-0.5011984294665527,0.5011984294665527,0,0,1,1,0,0,1,1,0,0,0,0,0.23102310231023102,0.504950495049505,0.7491749174917491,0.9372937293729373,1.0,0.5011984294665527,random drought day,0.5,0.0,2.912214260271706
2011-01-20,0.0,cape_town,"Cape Town, South Africa",Mediterranean winter-rainfall,17,4.5,1,2011,10–19,13.84655462184874,12.698939511184065,-0.7360106419608622,0.7360106419608622,0,0,0,1,0,0,0,0,0,0,0,0,0.05027932960893855,0.12849162011173185,0.30726256983240224,0.6145251396648045,16.0,0.7045119487315797,random drought day,0.25,0.0,2.8168871261464563
2011-01-21,0.0,tokyo,"Tokyo, Japan",humid subtropical,5,4.200000000000043,1,2011,3–5,56.298487394958,37.50707562065987,-1.389030910377368,1.389030910377368,0,1,1,1,0,1,1,1,0,0,0,0,0.22758620689655173,0.4482758620689655,0.7103448275862069,0.9586206896551724,4.0,0.5038645930728914,30-day deficit threshold,0.5,0.0,2.435996576423081
2011-01-22,3.2,brasilia,"Brasília, Brazil",tropical savanna,1,296.8,1,2011,0–2,238.4326050420168,65.85281015382101,0.8863311196841389,0.0,1,1,1,1,1,1,1,1,1,1,1,1,0.8050089445438283,0.9159212880143113,0.9838998211091234,0.9964221824686941,0.0,0.0,season-matched placebo,0.5,0.0,3.0
2011-01-22,0.0,cape_town,"Cape Town, South Africa",Mediterranean winter-rainfall,19,4.5,1,2011,10–19,13.84655462184874,12.698939511184065,-0.7360106419608622,0.7360106419608622,0,0,0,1,0,0,0,0,0,0,0,0,0.05027932960893855,0.12849162011173185,0.30726256983240224,0.6145251396648045,18.0,0.7360106419608622,random drought day,0.2,0.0,2.8168871261464563
2011-01-23,3.3,tokyo,"Tokyo, Japan",humid subtropical,7,4.200000000000043,1,2011,6–9,56.298487394958,37.50707562065987,-1.389030910377368,1.389030910377368,1,1,1,1,0,0,0,1,0,0,0,0,0.21568627450980393,0.46078431372549017,0.7941176470588235,0.9803921568627451,6.0,1.389030910377368,dry-spell threshold,0.5,0.0,2.435996576423081
2011-01-25,0.0,nairobi,"Nairobi, Kenya",subtropical highland / bimodal rainfall,0,10.5,1,2011,0–2,38.80621848739496,39.3988033067764,-0.7184537628463052,0.7184537628463052,0,0,1,1,0,0,1,1,0,0,0,0,0.3453815261044177,0.5220883534136547,0.678714859437751,0.8112449799196787,26.0,0.7641404296718026,random drought day,0.3333333333333333,0.0,2.825015444011977
2011-01-31,0.0,brasilia,"Brasília, Brazil",tropical savanna,1,200.60000000000002,1,2011,0–2,238.4326050420168,65.85281015382101,-0.5745025148303652,0.5745025148303652,0,1,1,1,0,1,1,1,0,1,1,1,0.8050089445438283,0.9159212880143113,0.9838998211091234,0.9964221824686941,0.0,0.0,high prospective hazard,0.5,0.0,2.8857075784695883
2011-01-31,0.0,tokyo,"Tokyo, Japan",humid subtropical,7,7.3000000000000425,1,2011,6–9,56.298487394958,37.50707562065987,-1.3063798385808656,1.3063798385808656,0,0,1,1,0,0,1,1,0,0,0,1,0.21568627450980393,0.46078431372549017,0.7941176470588235,0.9803921568627451,6.0,1.3090460021872043,dry-spell threshold,0.3333333333333333,0.0,2.4900493603680016
2011-02-01,0.0,cape_town,"Cape Town, South Africa",Mediterranean winter-rainfall,29,3.4000000000000004,2,2011,20+,11.802123893805309,12.848555776895664,-0.6539352779955276,0.6539352779955276,0,1,1,1,0,0,0,1,0,0,0,1,0.07692307692307693,0.21153846153846154,0.48717948717948717,0.7756410256410257,28.0,0.7675093351901445,random drought day,0.16666666666666666,0.0,2.8535670339839485
2011-02-01,0.0,tucson,"Tucson, United States",hot semi-arid / monsoonal,0,1.3000000000000071,2,2011,0–2,30.121769911504437,27.801130207843915,-1.0367121658734775,1.0367121658734775,0,0,0,0,0,0,0,0,0,0,0,0,0.22099447513812154,0.43646408839779005,0.6077348066298343,0.856353591160221,31.0,0.904541530074277,30-day deficit threshold,0.5,0.0790682373051872,4.784061654180448
2011-02-01,0.0,tucson,"Tucson, United States",hot semi-arid / monsoonal,0,1.3000000000000071,2,2011,0–2,30.121769911504437,27.801130207843915,-1.0367121658734775,1.0367121658734775,0,0,0,0,0,0,0,0,0,0,0,0,0.22099447513812154,0.43646408839779005,0.6077348066298343,0.856353591160221,31.0,0.904541530074277,high prospective hazard,0.5,0.0790682373051872,4.784061654180448
2011-02-02,0.0,brasilia,"Brasília, Brazil",tropical savanna,3,161.40000000000003,2,2011,3–5,233.41380530973456,101.62431886591932,-0.7086276800019472,0.7086276800019472,1,1,1,1,1,1,1,1,1,1,1,1,0.5208333333333334,0.8541666666666666,1.0,1.0,2.0,0.4754157848130683,high prospective hazard,0.6666666666666666,0.05427236289814086,4.215987647105068
2011-02-02,0.0,london,"London, United Kingdom",temperate maritime,7,74.10000000000001,2,2011,6–9,45.498407079646014,27.221080971026016,1.0507148099958774,0.0,0,0,0,1,0,0,0,1,0,0,0,1,0.0847457627118644,0.2542372881355932,0.6779661016949152,0.9830508474576272,6.0,0.0,dry-spell threshold,0.6666666666666666,0.0,3.0
2011-02-04,0.5,brasilia,"Brasília, Brazil",tropical savanna,0,135.60000000000002,2,2011,0–2,233.41380530973456,101.62431886591932,-0.9625039203341448,0.9625039203341448,0,1,1,1,0,1,1,1,0,0,1,1,0.7727272727272727,0.8992094861660079,0.9960474308300395,1.0,4.0,0.9103510492581506,random drought day,0.5,0.0,2.6998577443898064
2011-02-05,0.0,brasilia,"Brasília, Brazil",tropical savanna,1,129.20000000000002,2,2011,0–2,233.41380530973456,101.62431886591932,-1.0254809721994962,1.0254809721994962,0,1,1,1,0,1,1,1,0,1,1,1,0.7727272727272727,0.8992094861660079,0.9960474308300395,1.0,0.0,0.9625039203341448,30-day deficit threshold,0.5,0.0,2.6638409898277846
2011-02-07,0.0,tucson,"Tucson, United States",hot semi-arid / monsoonal,6,1.3000000000000071,2,2011,6–9,30.121769911504437,27.801130207843915,-1.0367121658734775,1.0367121658734775,0,0,0,1,0,0,0,1,0,0,0,0,0.17582417582417584,0.3626373626373626,0.6153846153846154,0.8351648351648352,5.0,1.0367121658734775,high prospective hazard,0.3333333333333333,0.0,2.6572831413974054
2011-02-08,0.0,nairobi,"Nairobi, Kenya",subtropical highland / bimodal rainfall,7,4.3999999999999995,2,2011,6–9,32.5141592920354,40.980944947675,-0.6860300397643814,0.6860300397643814,0,0,1,1,0,0,1,1,0,0,1,1,0.11827956989247312,0.27956989247311825,0.5268817204301075,0.7849462365591398,6.0,0.6762694058768337,dry-spell threshold,0.3333333333333333,0.0,2.8396278544376763
2011-02-08,0.0,tucson,"Tucson, United States",hot semi-arid / monsoonal,7,1.3000000000000071,2,2011,6–9,30.121769911504437,27.801130207843915,-1.0367121658734775,1.0367121658734775,0,0,0,1,0,0,0,1,0,0,0,0,0.17582417582417584,0.3626373626373626,0.6153846153846154,0.8351648351648352,6.0,1.0367121658734775,dry-spell threshold,0.3333333333333333,0.0,2.6572831413974054
2011-02-11,10.2,brasilia,"Brasília, Brazil",tropical savanna,0,114.10000000000002,2,2011,0–2,233.41380530973456,101.62431886591932,-1.1740674539443092,1.1740674539443092,1,1,1,1,1,1,1,1,1,1,1,1,0.7727272727272727,0.8992094861660079,0.9960474308300395,1.0,0.0,1.1228985993037115,random drought day,0.6666666666666666,0.05427236289814086,4.052335907941028
2011-02-12,0.0,cape_town,"Cape Town, South Africa",Mediterranean winter-rainfall,1,20.2,2,2011,0–2,11.802123893805309,12.848555776895664,0.6536046737093824,0.0,0,0,0,0,0,0,0,0,0,0,0,0,0.06140350877192982,0.15789473684210525,0.42105263157894735,0.6578947368421053,0.0,0.0,season-matched placebo,0.5,0.0,3.0
2011-02-13,0.0,tucson,"Tucson, United States",hot semi-arid / monsoonal,12,1.3000000000000071,2,2011,10–19,30.121769911504437,27.801130207843915,-1.0367121658734775,1.0367121658734775,0,0,1,1,0,0,1,1,0,0,0,1,0.1509433962264151,0.3490566037735849,0.6037735849056604,0.8207547169811321,11.0,1.0367121658734775,random drought day,0.3333333333333333,0.0,2.6572831413974054
2011-02-14,0.5,london,"London, United Kingdom",temperate maritime,0,47.2,2,2011,0–2,45.498407079646014,27.221080971026016,0.06251011567707966,0.0,1,1,1,1,1,1,1,1,0,0,1,1,0.39143730886850153,0.6972477064220184,0.8746177370030581,0.944954128440367,0.0,0.1395391712654254,season-matched placebo,0.6666666666666666,0.0,3.0
2011-02-17,2.2,nairobi,"Nairobi, Kenya",subtropical highland / bimodal rainfall,0,88.0,2,2011,0–2,32.5141592920354,40.980944947675,1.353942442733071,0.0,0,1,1,1,0,0,0,0,0,0,0,0,0.2847682119205298,0.3973509933774834,0.6158940397350994,0.7814569536423841,0.0,0.0,season-matched placebo,0.5,0.0,3.0
2011-02-18,0.0,cape_town,"Cape Town, South Africa",Mediterranean winter-rainfall,7,20.2,2,2011,6–9,11.802123893805309,12.848555776895664,0.6536046737093824,0.0,0,0,0,1,0,0,0,0,0,0,0,0,0.06329113924050633,0.17721518987341772,0.35443037974683544,0.5063291139240507,6.0,0.0,dry-spell threshold,0.3333333333333333,0.0,3.0
2011-02-18,0.0,london,"London, United Kingdom",temperate maritime,2,21.900000000000002,2,2011,0–2,45.498407079646014,27.221080971026016,-0.8669166042584436,0.8669166042584436,1,1,1,1,1,1,1,1,1,1,1,1,0.39143730886850153,0.6972477064220184,0.8746177370030581,0.944954128440367,1.0,0.4517971601765696,high prospective hazard,0.6666666666666666,0.0,2.7518256973060358
2011-02-18,0.0,nairobi,"Nairobi, Kenya",subtropical highland / bimodal rainfall,0,90.2,2,2011,0–2,32.5141592920354,40.980944947675,1.4076259291145832,0.0,1,1,1,1,0,0,0,0,0,0,0,0,0.2847682119205298,0.3973509933774834,0.6158940397350994,0.7814569536423841,0.0,0.0,season-matched placebo,0.3333333333333333,0.0,3.0
2011-02-20,0.0,london,"London, United Kingdom",temperate maritime,0,27.3,2,2011,0–2,45.498407079646014,27.221080971026016,-0.6685409407148933,0.6685409407148933,1,1,1,1,1,1,1,1,0,1,1,1,0.39143730886850153,0.6972477064220184,0.8746177370030581,0.944954128440367,3.0,0.8669166042584436,high prospective hazard,0.75,0.0,2.8472895034156918
2011-02-20,0.0,nairobi,"Nairobi, Kenya",subtropical highland / bimodal rainfall,2,90.39999999999999,2,2011,0–2,32.5141592920354,40.980944947675,1.4125062460583566,0.0,1,1,1,1,0,0,0,0,0,0,0,0,0.2847682119205298,0.3973509933774834,0.6158940397350994,0.7814569536423841,1.0,0.0,season-matched placebo,0.25,0.0,3.0
2011-02-22,4.5,brasilia,"Brasília, Brazil",tropical savanna,0,161.10000000000002,2,2011,0–2,233.41380530973456,101.62431886591932,-0.7115797293081356,0.7115797293081356,1,1,1,1,1,1,1,1,1,1,1,1,0.7727272727272727,0.8992094861660079,0.9960474308300395,1.0,2.0,0.8001412084937859,random drought day,0.75,0.13760569623147423,6.345713205482581
2011-02-25,0.0,nairobi,"Nairobi, Kenya",subtropical highland / bimodal rainfall,7,88.60000000000001,2,2011,6–9,32.5141592920354,40.980944947675,1.3685833935643927,0.0,0,0,1,1,0,0,0,0,0,0,0,0,0.11827956989247312,0.27956989247311825,0.5268817204301075,0.7849462365591398,6.0,0.0,dry-spell threshold,0.5,0.0,3.0
2011-02-25,0.0,tokyo,"Tokyo, Japan",humid subtropical,0,82.50000000000006,2,2011,0–2,65.73982300884958,35.926938123744165,0.4665072468303011,0.0,0,1,1,1,0,1,1,1,0,1,1,1,0.2696245733788396,0.5358361774744027,0.8805460750853242,1.0,3.0,0.0,season-matched placebo,0.5,0.0,3.0
2011-02-27,9.4,tucson,"Tucson, United States",hot semi-arid / monsoonal,6,3.600000000000007,2,2011,6–9,30.121769911504437,27.801130207843915,-0.9539817163268232,0.9539817163268232,0,0,0,0,0,0,0,0,0,0,0,0,0.17582417582417584,0.3626373626373626,0.6153846153846154,0.8351648351648352,5.0,0.9539817163268232,high prospective hazard,0.25,0.0,2.7046282669144475
2011-02-28,0.6,london,"London, United Kingdom",temperate maritime,0,39.1,2,2011,0–2,45.498407079646014,27.221080971026016,-0.23505337963824605,0.23505337963824605,0,0,0,1,0,0,0,0,0,0,0,0,0.39143730886850153,0.6972477064220184,0.8746177370030581,0.944954128440367,0.0,0.28281048382465646,season-matched placebo,0.75,0.0,2.980240969726574
2011-03-01,0.0,london,"London, United Kingdom",temperate maritime,1,39.7,3,2011,0–2,43.66516129032258,22.75797034071517,-0.17423176280481836,0.17423176280481836,0,0,0,1,0,0,0,0,0,0,0,0,0.4197860962566845,0.6764705882352942,0.8181818181818182,0.9278074866310161,0.0,0.23505337963824605,season-matched placebo,0.6,0.0,2.9891112510065305
2011-03-07,0.0,london,"London, United Kingdom",temperate maritime,7,39.0,3,2011,6–9,43.66516129032258,22.75797034071517,-0.2049902175140974,0.2049902175140974,0,0,1,1,0,0,0,1,0,0,0,1,0.1643835616438356,0.4246575342465753,0.7123287671232876,0.8767123287671232,6.0,0.2049902175140974,dry-spell threshold,0.5,0.0,2.984948342126957
2011-03-07,0.0,tucson,"Tucson, United States",hot semi-arid / monsoonal,7,11.700000000000006,3,2011,6–9,26.86919354838711,20.47341795216967,-0.7409214027587195,0.7409214027587195,0,0,0,0,0,0,0,0,0,0,0,0,0.12149532710280374,0.2336448598130841,0.411214953271028,0.5514018691588785,6.0,0.7409214027587195,dry-spell threshold,0.25,0.0,2.8145869907255463
2011-03-13,0.0,cape_town,"Cape Town, South Africa",Mediterranean winter-rainfall,30,1.0,3,2011,20+,11.060483870967742,9.490236616741582,-1.0600877804479811,1.0600877804479811,0,1,1,1,0,0,0,0,0,0,0,0,0.11510791366906475,0.2805755395683453,0.5467625899280576,0.6834532374100719,29.0,0.0,30-day deficit threshold,0.5,0.0,2.6435110786400253
2011-03-15,0.4,tokyo,"Tokyo, Japan",humid subtropical,7,124.20000000000003,3,2011,6–9,86.56790322580649,40.11320514013068,0.9381473418224825,0.0,1,1,1,1,1,1,1,1,0,0,1,1,0.5757575757575758,0.8484848484848485,0.9696969696969697,1.0,6.0,0.0,dry-spell threshold,0.5,0.0,3.0
2011-03-18,5.3,nairobi,"Nairobi, Kenya",subtropical highland / bimodal rainfall,0,16.3,3,2011,0–2,34.05548387096774,29.879996154646307,-0.5942264443098592,0.5942264443098592,1,1,1,1,1,1,1,1,1,1,1,1,0.42948717948717946,0.6538461538461539,0.8653846153846154,0.9711538461538461,3.0,0.0,high prospective hazard,0.5,0.0,2.8780495350894935
2011-03-19,0.0,tucson,"Tucson, United States",hot semi-arid / monsoonal,19,11.700000000000006,3,2011,10–19,26.86919354838711,20.47341795216967,-0.7409214027587195,0.7409214027587195,0,1,1,1,0,1,1,1,0,0,0,0,0.09554140127388536,0.1910828025477707,0.3248407643312102,0.5732484076433121,18.0,0.7409214027587195,random drought day,0.5,0.0790682373051872,4.847842980739984
2011-03-21,0.0,mumbai,"Mumbai, India",tropical monsoon,116,0.0,3,2011,20+,0.5800000000000001,1.3832788656060317,-0.41929361780995245,0.41929361780995245,0,0,0,0,0,0,0,0,0,0,0,0,0.0017301038062283738,0.00865051903114187,0.02249134948096886,0.03633217993079585,115.0,0.41929361780995245,random drought day,0.5,0.17147230973461297,7.000725347306359
2011-03-21,0.3,nairobi,"Nairobi, Kenya",subtropical highland / bimodal rainfall,0,39.2,3,2011,0–2,34.05548387096774,29.879996154646307,0.17217258337003818,0.0,1,1,1,1,0,0,0,1,0,0,0,0,0.42948717948717946,0.6538461538461539,0.8653846153846154,0.9711538461538461,0.0,0.20935357014746547,season-matched placebo,0.2,0.0,3.0
2011-03-22,0.0,cape_town,"Cape Town, South Africa",Mediterranean winter-rainfall,39,1.2000000000000002,3,2011,20+,11.060483870967742,9.490236616741582,-1.0390134903036043,1.0390134903036043,1,1,1,1,0,0,0,1,0,0,0,1,0.11510791366906475,0.2805755395683453,0.5467625899280576,0.6834532374100719,38.0,1.0390134903036043,random drought day,0.14285714285714285,0.0,2.655934603977326
2011-03-24,0.0,london,"London, United Kingdom",temperate maritime,5,20.099999999999998,3,2011,3–5,43.66516129032258,22.75797034071517,-1.0354684946646278,1.0354684946646278,0,0,1,1,0,0,1,1,0,0,0,0,0.24299065420560748,0.4205607476635514,0.6635514018691588,0.8598130841121495,4.0,0.9783456502045383,30-day deficit threshold,0.6666666666666666,0.0,2.6580112360353016
2011-03-26,0.0,london,"London, United Kingdom",temperate maritime,7,13.5,3,2011,6–9,43.66516129032258,22.75797034071517,-1.3254767819235431,1.3254767819235431,0,1,1,1,0,1,1,1,0,0,0,0,0.1643835616438356,0.4246575342465753,0.7123287671232876,0.8767123287671232,6.0,1.079409144249312,dry-spell threshold,0.4,0.0,2.477646172586967
2011-03-26,0.0,tokyo,"Tokyo, Japan",humid subtropical,1,100.80000000000004,3,2011,0–2,86.56790322580649,40.11320514013068,0.35479829458841355,0.0,0,0,0,1,0,0,0,1,0,0,0,1,0.3674832962138085,0.7060133630289532,0.9732739420935412,1.0,0.0,0.0,season-matched placebo,0.6666666666666666,0.0,3.0
2011-03-28,0.5,nairobi,"Nairobi, Kenya",subtropical highland / bimodal rainfall,7,40.7,3,2011,6–9,34.05548387096774,29.879996154646307,0.2223733930433939,0.0,1,1,1,1,0,1,1,1,0,0,0,0,0.296875,0.546875,0.765625,0.9375,6.0,0.0,dry-spell threshold,0.4,0.0,3.0
2011-03-30,0.0,tucson,"Tucson, United States",hot semi-arid / monsoonal,7,1.1000000000000072,3,2011,6–9,26.86919354838711,20.47341795216967,-1.258665925181106,1.258665925181106,0,0,1,1,0,0,0,1,0,0,0,1,0.12149532710280374,0.2336448598130841,0.411214953271028,0.5514018691588785,6.0,0.7995339902027633,30-day deficit threshold,0.3333333333333333,0.0,2.520777954803609
2011-03-30,0.0,tucson,"Tucson, United States",hot semi-arid / monsoonal,7,1.1000000000000072,3,2011,6–9,26.86919354838711,20.47341795216967,-1.258665925181106,1.258665925181106,0,0,1,1,0,0,0,1,0,0,0,1,0.12149532710280374,0.2336448598130841,0.411214953271028,0.5514018691588785,6.0,0.7995339902027633,dry-spell threshold,0.2,0.0,2.520777954803609
2011-04-01,0.0,london,"London, United Kingdom",temperate maritime,0,9.9,4,2011,0–2,46.335166666666666,27.704570357072942,-1.3151319871439484,1.3151319871439484,0,0,1,1,0,0,1,1,0,0,0,0,0.4583333333333333,0.6861111111111111,0.8694444444444445,0.9583333333333334,1.0,1.5451800298469638,high prospective hazard,0.8,0.008635384785351197,2.7214426379820513
2011-04-01,1.3,nairobi,"Nairobi, Kenya",subtropical highland / bimodal rainfall,0,44.4,4,2011,0–2,73.29916666666666,43.25617656077162,-0.6680934138056688,0.6680934138056688,1,1,1,1,1,1,1,1,0,0,0,0,0.650390625,0.88671875,0.9765625,0.9921875,0.0,0.0,high prospective hazard,0.6666666666666666,0.03834771873261478,3.818620549474486
2011-04-01,0.0,tokyo,"Tokyo, Japan",humid subtropical,7,62.90000000000004,4,2011,6–9,116.1426666666667,43.41530714367366,-1.2263570194372104,1.2263570194372104,0,0,1,1,0,0,1,1,0,0,0,1,0.4642857142857143,0.75,1.0,1.0,6.0,0.4479298815200065,30-day deficit threshold,0.6666666666666666,0.0,2.541351635551223
2011-04-01,0.0,tokyo,"Tokyo, Japan",humid subtropical,7,62.90000000000004,4,2011,6–9,116.1426666666667,43.41530714367366,-1.2263570194372104,1.2263570194372104,0,0,1,1,0,0,1,1,0,0,0,1,0.4642857142857143,0.75,1.0,1.0,6.0,0.4479298815200065,dry-spell threshold,0.6,0.0,2.541351635551223
2011-04-01,0.0,tokyo,"Tokyo, Japan",humid subtropical,7,62.90000000000004,4,2011,6–9,116.1426666666667,43.41530714367366,-1.2263570194372104,1.2263570194372104,0,0,1,1,0,0,1,1,0,0,0,1,0.4642857142857143,0.75,1.0,1.0,6.0,0.4479298815200065,high prospective hazard,0.5,0.0,2.541351635551223
2011-04-03,0.0,tokyo,"Tokyo, Japan",humid subtropical,9,62.200000000000045,4,2011,6–9,116.1426666666667,43.41530714367366,-1.2424803650047886,1.2424803650047886,0,0,1,1,0,0,1,1,0,0,1,1,0.4642857142857143,0.75,1.0,1.0,8.0,1.240177029923706,random drought day,0.6666666666666666,0.0,2.531109668790143
2011-04-06,0.0,london,"London, United Kingdom",temperate maritime,0,11.3,4,2011,0–2,46.335166666666666,27.704570357072942,-1.2645988086121767,1.2645988086121767,0,0,0,1,0,0,0,0,0,0,0,0,0.4583333333333333,0.6861111111111111,0.8694444444444445,0.9583333333333334,4.0,1.3151319871439484,high prospective hazard,0.8333333333333334,0.04196871811868452,3.6664914349970075
2011-04-07,0.0,cape_town,"Cape Town, South Africa",Mediterranean winter-rainfall,7,14.600000000000001,4,2011,6–9,24.096833333333333,28.520224613284682,-0.3329859235719244,0.3329859235719244,0,0,1,1,0,0,1,1,0,0,0,0,0.08928571428571429,0.3125,0.7857142857142857,0.9464285714285714,6.0,0.3329859235719244,dry-spell threshold,0.25,0.0,2.960607474311603
2011-04-08,0.9,brasilia,"Brasília, Brazil",tropical savanna,0,184.0,4,2011,0–2,161.05316666666667,70.38656954224601,0.32601153149764805,0.0,1,1,1,1,1,1,1,1,0,1,1,1,0.5721649484536082,0.7139175257731959,0.8195876288659794,0.865979381443299,0.0,0.0,season-matched placebo,0.6666666666666666,0.05427236289814086,4.085447257962818
2011-04-11,1.4,tokyo,"Tokyo, Japan",humid subtropical,1,38.100000000000044,4,2011,0–2,116.1426666666667,43.41530714367366,-1.7975841195456979,1.7975841195456979,0,0,1,1,0,0,1,1,0,0,1,1,0.33031674208144796,0.7036199095022625,0.9524886877828054,1.0,0.0,1.7975841195456979,random drought day,0.75,0.0,2.1617616870127985
2011-04-11,0.0,tucson,"Tucson, United States",hot semi-arid / monsoonal,0,11.800000000000008,4,2011,0–2,13.29966666666668,12.691907161700495,-0.11815928430300165,0.11815928430300165,0,0,0,0,0,0,0,0,0,0,0,0,0.0958904109589041,0.1506849315068493,0.1917808219178082,0.2876712328767123,0.0,0.2205867590266525,season-matched placebo,0.3333333333333333,0.0,2.994982224822187
2011-04-13,0.0,london,"London, United Kingdom",temperate maritime,7,9.8,4,2011,6–9,46.335166666666666,27.704570357072942,-1.318741499896218,1.318741499896218,0,0,1,1,0,0,0,0,0,0,0,0,0.32,0.46,0.6,0.88,6.0,1.286255885125793,dry-spell threshold,0.5,0.0,2.48202702752492
2011-04-13,0.3,nairobi,"Nairobi, Kenya",subtropical highland / bimodal rainfall,4,50.6,4,2011,3–5,73.29916666666666,43.25617656077162,-0.524761282005035,0.524761282005035,1,1,1,1,1,1,1,1,0,0,0,0,0.3968253968253968,0.746031746031746,0.9206349206349206,0.9523809523809523,3.0,0.48777234476616194,high prospective hazard,0.75,0.12168105206594815,5.87792062410359
2011-04-13,0.0,tucson,"Tucson, United States",hot semi-arid / monsoonal,2,11.800000000000008,4,2011,0–2,13.29966666666668,12.691907161700495,-0.11815928430300165,0.11815928430300165,0,0,0,0,0,0,0,0,0,0,0,0,0.0958904109589041,0.1506849315068493,0.1917808219178082,0.2876712328767123,1.0,0.11815928430300165,season-matched placebo,0.25,0.0,2.994982224822187
2011-04-14,0.0,cape_town,"Cape Town, South Africa",Mediterranean winter-rainfall,1,17.8,4,2011,0–2,24.096833333333333,28.520224613284682,-0.22078484369300078,0.22078484369300078,0,0,1,1,0,0,1,1,0,0,0,1,0.20192307692307693,0.35096153846153844,0.5432692307692307,0.8798076923076923,0.0,0.22078484369300078,season-matched placebo,0.3333333333333333,0.0,2.982553512473549
2011-04-15,17.1,darwin,"Darwin, Australia",tropical savanna / monsoon,0,576.0,4,2011,0–2,181.1625,124.65235065823825,3.1675094606321026,0.0,1,1,1,1,1,1,1,1,1,1,1,1,0.4807692307692308,0.6121794871794872,0.7275641025641025,0.8012820512820513,0.0,0.0,season-matched placebo,0.5,0.0,3.0
2011-04-15,1.3,tokyo,"Tokyo, Japan",humid subtropical,3,39.100000000000044,4,2011,3–5,116.1426666666667,43.41530714367366,-1.7745507687348718,1.7745507687348718,1,1,1,1,0,1,1,1,0,1,1,1,0.4566929133858268,0.7480314960629921,0.9763779527559056,1.0,2.0,1.7653374284105412,high prospective hazard,0.6666666666666666,0.0,2.1772520461381495
2011-04-16,11.2,darwin,"Darwin, Australia",tropical savanna / monsoon,0,579.8,4,2011,0–2,181.1625,124.65235065823825,3.1979942447531697,0.0,0,0,1,1,0,0,1,1,0,0,0,0,0.4807692307692308,0.6121794871794872,0.7275641025641025,0.8012820512820513,0.0,0.0,season-matched placebo,0.6666666666666666,0.13714843188979564,5.742968637795913
2011-04-18,0.0,tucson,"Tucson, United States",hot semi-arid / monsoonal,7,11.800000000000008,4,2011,6–9,13.29966666666668,12.691907161700495,-0.11815928430300165,0.11815928430300165,0,0,0,0,0,0,0,0,0,0,0,0,0.025974025974025976,0.06493506493506493,0.12987012987012986,0.22077922077922077,6.0,0.11815928430300165,dry-spell threshold,0.16666666666666666,0.0,2.994982224822187
2011-04-19,0.0,brasilia,"Brasília, Brazil",tropical savanna,7,102.4,4,2011,6–9,161.05316666666667,70.38656954224601,-0.833300543670665,0.833300543670665,0,0,0,1,0,0,0,1,0,0,0,0,0.2054794520547945,0.3835616438356164,0.4383561643835616,0.684931506849315,6.0,0.5605212318663559,dry-spell threshold,0.5,0.0,2.769247532474954
2011-04-19,2.5,nairobi,"Nairobi, Kenya",subtropical highland / bimodal rainfall,0,38.8,4,2011,0–2,73.29916666666666,43.25617656077162,-0.7975546941417251,0.7975546941417251,1,1,1,1,1,1,1,1,0,0,0,0,0.650390625,0.88671875,0.9765625,0.9921875,0.0,0.48314872761130273,high prospective hazard,0.8,0.1716810520659482,7.249507581498867
2011-04-20,0.0,brasilia,"Brasília, Brazil",tropical savanna,8,86.7,4,2011,6–9,161.05316666666667,70.38656954224601,-1.05635446009398,1.05635446009398,0,0,0,1,0,0,0,1,0,0,0,0,0.2054794520547945,0.3835616438356164,0.4383561643835616,0.684931506849315,7.0,0.833300543670665,30-day deficit threshold,0.6666666666666666,0.05427236289814086,4.108590207532924
2011-04-20,1.2,cape_town,"Cape Town, South Africa",Mediterranean winter-rainfall,7,17.5,4,2011,6–9,24.096833333333333,28.520224613284682,-0.2313036949316499,0.2313036949316499,0,0,1,1,0,0,1,1,0,0,1,1,0.08928571428571429,0.3125,0.7857142857142857,0.9464285714285714,6.0,0.2313036949316499,dry-spell threshold,0.4,0.0,2.980862363098347
2011-04-20,2.8,nairobi,"Nairobi, Kenya",subtropical highland / bimodal rainfall,0,29.9,4,2011,0–2,73.29916666666666,43.25617656077162,-1.0033056575329573,1.0033056575329573,1,1,1,1,1,1,1,1,0,0,0,0,0.650390625,0.88671875,0.9765625,0.9921875,0.0,0.7975546941417251,30-day deficit threshold,0.5,0.0,2.676672260075108
2011-04-22,0.0,mumbai,"Mumbai, India",tropical monsoon,148,0.0,4,2011,20+,0.29383333333333367,0.8885350094362512,-0.330694154099524,0.330694154099524,0,0,0,0,0,0,0,0,0,0,0,0,0.0034542314335060447,0.0069084628670120895,0.02072538860103627,0.05699481865284974,147.0,0.330694154099524,random drought day,0.3333333333333333,0.004805643067946286,3.071694883123375
2011-04-22,2.0,nairobi,"Nairobi, Kenya",subtropical highland / bimodal rainfall,0,33.8,4,2011,0–2,73.29916666666666,43.25617656077162,-0.9131451230132038,0.9131451230132038,1,1,1,1,1,1,1,1,0,0,0,0,0.650390625,0.88671875,0.9765625,0.9921875,0.0,0.9455104430972179,random drought day,0.5,0.0,2.727123772065002
2011-04-24,0.1,london,"London, United Kingdom",temperate maritime,18,5.1,4,2011,10–19,46.335166666666666,27.704570357072942,-1.4883885992528803,1.4883885992528803,0,0,1,1,0,0,1,1,0,0,0,1,0.09375,0.265625,0.515625,0.828125,17.0,1.4919981120051498,random drought day,0.75,0.0,2.369975117626054
2011-04-25,0.5,cape_town,"Cape Town, South Africa",Mediterranean winter-rainfall,0,21.900000000000002,4,2011,0–2,24.096833333333333,28.520224613284682,-0.07702721009812975,0.07702721009812975,1,1,1,1,1,1,1,1,1,1,1,1,0.20192307692307693,0.35096153846153844,0.5432692307692307,0.8798076923076923,3.0,0.21026599245435165,season-matched placebo,0.5,0.0,2.9978655708827193
2011-04-27,0.0,mumbai,"Mumbai, India",tropical monsoon,153,0.0,4,2011,20+,0.29383333333333367,0.8885350094362512,-0.330694154099524,0.330694154099524,0,0,0,0,0,0,0,0,0,0,0,0,0.0034542314335060447,0.0069084628670120895,0.02072538860103627,0.05699481865284974,152.0,0.330694154099524,random drought day,0.25,0.0,2.9611408455570736
2011-04-27,4.8,tokyo,"Tokyo, Japan",humid subtropical,3,51.80000000000004,4,2011,3–5,116.1426666666667,43.41530714367366,-1.4820272134373802,1.4820272134373802,1,1,1,1,1,1,1,1,0,0,0,1,0.4566929133858268,0.7480314960629921,0.9763779527559056,1.0,2.0,1.4820272134373802,high prospective hazard,0.75,0.0,2.3742281158921474
2011-04-30,0.0,darwin,"Darwin, Australia",tropical savanna / monsoon,7,255.4,4,2011,6–9,181.1625,124.65235065823825,0.5955563582073025,0.0,0,0,0,1,0,0,0,0,0,0,0,0,0.14606741573033707,0.3258426966292135,0.5280898876404494,0.6292134831460674,6.0,0.0,dry-spell threshold,0.5,0.0,3.0
2011-04-30,0.5,london,"London, United Kingdom",temperate maritime,0,4.2,4,2011,0–2,46.335166666666666,27.704570357072942,-1.520874214023305,1.520874214023305,0,0,1,1,0,0,1,1,0,0,1,1,0.4583333333333333,0.6861111111111111,0.8694444444444445,0.9583333333333334,23.0,1.546140803289191,high prospective hazard,0.7142857142857143,0.0,2.348213430913967
2011-05-01,0.0,brasilia,"Brasília, Brazil",tropical savanna,2,48.70000000000002,5,2011,0–2,47.016935483870974,41.55680838789718,0.04050033150811485,0.0,0,0,0,0,0,0,0,0,0,0,0,0,0.2482758620689655,0.33793103448275863,0.36551724137931035,0.5310344827586206,1.0,1.5948094557910273,season-matched placebo,0.75,0.13760569623147423,5.752113924629485
2011-05-01,0.0,cape_town,"Cape Town, South Africa",Mediterranean winter-rainfall,4,22.1,5,2011,3–5,43.471774193548384,31.93177389758018,-0.6692949243000859,0.6692949243000859,1,1,1,1,1,1,1,1,1,1,1,1,0.22131147540983606,0.45901639344262296,0.7049180327868853,0.9508196721311475,3.0,0.03845808888974981,random drought day,0.125,0.0,2.8469624353965206
2011-05-01,0.0,london,"London, United Kingdom",temperate maritime,1,3.3,5,2011,0–2,48.14758064516129,20.32479749389796,-2.206545017662573,2.206545017662573,0,0,1,1,0,0,1,1,0,0,1,1,0.3729281767955801,0.6215469613259669,0.8756906077348067,0.9668508287292817,0.0,1.520874214023305,random drought day,0.8,0.008635384785351197,2.1229150625675794
2011-05-01,1.0,nairobi,"Nairobi, Kenya",subtropical highland / bimodal rainfall,4,40.300000000000004,5,2011,3–5,106.88693548387096,59.75590066479438,-1.1143156532339094,1.1143156532339094,1,1,1,1,1,1,1,1,0,0,0,0,0.41333333333333333,0.6933333333333334,0.88,1.0,3.0,0.7397594797059857,30-day deficit threshold,0.6666666666666666,0.03834771873261478,3.6503522014770198
2011-05-01,1.4,tokyo,"Tokyo, Japan",humid subtropical,2,59.40000000000004,5,2011,0–2,112.75661290322584,46.35753486316777,-1.1509803759133659,1.1509803759133659,0,1,1,1,0,1,1,1,0,0,0,1,0.34831460674157305,0.6921348314606741,0.9707865168539326,1.0,1.0,1.3069737472751017,high prospective hazard,0.8,0.0,2.5885037493694774
2011-05-02,1.7,nairobi,"Nairobi, Kenya",subtropical highland / bimodal rainfall,0,40.0,5,2011,0–2,106.88693548387096,59.75590066479438,-1.1193360779394608,1.1193360779394608,1,1,1,1,1,1,1,1,0,0,0,0,0.5518672199170125,0.7863070539419087,0.9315352697095436,0.970954356846473,4.0,1.1143156532339094,random drought day,0.6,0.0,2.607902870915362
2011-05-03,2.8,tokyo,"Tokyo, Japan",humid subtropical,1,60.80000000000004,5,2011,0–2,112.75661290322584,46.35753486316777,-1.1207803231251332,1.1207803231251332,1,1,1,1,0,1,1,1,0,0,1,1,0.34831460674157305,0.6921348314606741,0.9707865168539326,1.0,0.0,1.1207803231251332,random drought day,0.8,0.0,2.6070230226452806
2011-05-04,0.0,tucson,"Tucson, United States",hot semi-arid / monsoonal,23,10.700000000000008,5,2011,20+,3.128064516129042,4.821333126196855,1.570506597589914,0.0,0,0,1,1,0,0,0,0,0,0,0,0,0.020689655172413793,0.052873563218390804,0.10804597701149425,0.2045977011494253,22.0,0.0,random drought day,0.6,0.17906823730518717,6.581364746103743
2011-05-06,0.0,brasilia,"Brasília, Brazil",tropical savanna,7,30.700000000000014,5,2011,6–9,47.016935483870974,41.55680838789718,-0.39264169017905215,0.39264169017905215,0,0,0,1,0,0,0,1,0,0,0,0,0.06666666666666667,0.16666666666666666,0.32222222222222224,0.6,6.0,0.3180450086662622,dry-spell threshold,0.3333333333333333,0.0,2.9455078120341005
2011-05-06,1.5,cape_town,"Cape Town, South Africa",Mediterranean winter-rainfall,0,56.5,5,2011,0–2,43.471774193548384,31.93177389758018,0.40800194340092416,0.0,0,0,1,1,0,0,0,0,0,0,0,0,0.2743682310469314,0.5234657039711191,0.776173285198556,0.9638989169675091,2.0,0.0,season-matched placebo,0.6,0.0,3.0
2011-05-07,6.9,london,"London, United Kingdom",temperate maritime,7,1.9,5,2011,6–9,48.14758064516129,20.32479749389796,-2.2754263927621436,2.2754263927621436,1,1,1,1,1,1,1,1,0,0,0,0,0.2857142857142857,0.6071428571428571,0.7619047619047619,0.9285714285714286,6.0,2.2754263927621436,dry-spell threshold,0.42857142857142855,0.0,1.850358050641224
2011-05-08,4.8,london,"London, United Kingdom",temperate maritime,0,8.8,5,2011,0–2,48.14758064516129,20.32479749389796,-1.9359396154856876,1.9359396154856876,0,1,1,1,0,0,0,0,0,0,0,0,0.3729281767955801,0.6215469613259669,0.8756906077348067,0.9668508287292817,7.0,2.2754263927621436,high prospective hazard,0.75,0.0,2.069331627136452
2011-05-09,0.0,tokyo,"Tokyo, Japan",humid subtropical,1,63.90000000000004,5,2011,0–2,112.75661290322584,46.35753486316777,-1.0539087776654752,1.0539087776654752,1,1,1,1,1,1,1,1,1,1,1,1,0.34831460674157305,0.6921348314606741,0.9707865168539326,1.0,0.0,0.99350867208901,30-day deficit threshold,0.75,0.0,2.6471674070737996
2011-05-10,21.2,tokyo,"Tokyo, Japan",humid subtropical,2,57.30000000000004,5,2011,0–2,112.75661290322584,46.35753486316777,-1.1962804550957147,1.1962804550957147,1,1,1,1,1,1,1,1,1,1,1,1,0.34831460674157305,0.6921348314606741,0.9707865168539326,1.0,1.0,1.0539087776654752,random drought day,0.8333333333333334,0.0,2.5603158541766633
2011-05-12,0.0,brasilia,"Brasília, Brazil",tropical savanna,13,4.900000000000015,5,2011,10–19,47.016935483870974,41.55680838789718,-1.013478587930658,1.013478587930658,0,0,1,1,0,0,0,1,0,0,0,0,0.06914893617021277,0.20212765957446807,0.4095744680851064,0.5531914893617021,12.0,0.9557263183723692,30-day deficit threshold,0.5,0.0,2.6708054375010173
2011-05-14,0.0,cape_town,"Cape Town, South Africa",Mediterranean winter-rainfall,7,54.2,5,2011,6–9,43.471774193548384,31.93177389758018,0.33597337375812414,0.0,0,0,0,1,0,0,0,1,0,0,0,1,0.17307692307692307,0.40384615384615385,0.7403846153846154,0.9423076923076923,6.0,0.0,dry-spell threshold,0.5,0.0,3.0
2011-05-15,0.0,darwin,"Darwin, Australia",tropical savanna / monsoon,22,31.0,5,2011,20+,39.95,59.091811180795744,-0.1514592262643096,0.1514592262643096,0,0,0,0,0,0,0,0,0,0,0,0,0.029787234042553193,0.05531914893617021,0.1148936170212766,0.25957446808510637,21.0,0.0,random drought day,0.5,0.0,2.9917643081116454
2011-05-16,0.0,london,"London, United Kingdom",temperate maritime,7,14.600000000000001,5,2011,6–9,48.14758064516129,20.32479749389796,-1.6505739186446091,1.6505739186446091,0,0,1,1,0,0,0,1,0,0,0,0,0.2857142857142857,0.6071428571428571,0.7619047619047619,0.9285714285714286,6.0,1.6505739186446091,dry-spell threshold,0.5,0.0,2.2608623505082037
2011-05-17,1.4,nairobi,"Nairobi, Kenya",subtropical highland / bimodal rainfall,3,45.49999999999999,5,2011,3–5,106.88693548387096,59.75590066479438,-1.027294958337688,1.027294958337688,0,1,1,1,0,0,1,1,0,0,0,0,0.41333333333333333,0.6933333333333334,0.88,1.0,2.0,0.9637029120673719,30-day deficit threshold,0.75,0.12168105206594815,5.932368118287832
2011-05-18,0.0,cape_town,"Cape Town, South Africa",Mediterranean winter-rainfall,11,54.2,5,2011,10–19,43.471774193548384,31.93177389758018,0.33597337375812414,0.0,0,0,1,1,0,0,1,1,0,0,1,1,0.24489795918367346,0.4897959183673469,0.7653061224489796,0.9183673469387755,10.0,0.0,random drought day,0.2222222222222222,0.0,3.0
2011-05-20,0.0,london,"London, United Kingdom",temperate maritime,11,14.400000000000002,5,2011,10–19,48.14758064516129,20.32479749389796,-1.6604141150874052,1.6604141150874052,1,1,1,1,0,0,1,1,0,0,0,0,0.1702127659574468,0.40425531914893614,0.723404255319149,1.0,10.0,1.6604141150874052,random drought day,0.8333333333333334,0.04196871811868452,3.4085533150955802
2011-05-22,0.1,london,"London, United Kingdom",temperate maritime,13,14.700000000000001,5,2011,10–19,48.14758064516129,20.32479749389796,-1.6456538204232112,1.6456538204232112,0,0,1,1,0,0,1,1,0,0,0,1,0.1702127659574468,0.40425531914893614,0.723404255319149,1.0,12.0,1.6604141150874052,random drought day,0.8571428571428571,0.06577824192820825,4.074055596389092
2011-05-23,0.0,nairobi,"Nairobi, Kenya",subtropical highland / bimodal rainfall,0,36.4,5,2011,0–2,106.88693548387096,59.75590066479438,-1.1795811744060756,1.1795811744060756,1,1,1,1,0,0,0,1,0,0,0,0,0.5518672199170125,0.7863070539419087,0.9315352697095436,0.970954356846473,4.0,1.172887274798674,random drought day,0.6666666666666666,0.03834771873261478,3.6156019264740573
2011-05-27,0.6,london,"London, United Kingdom",temperate maritime,0,17.3,5,2011,0–2,48.14758064516129,20.32479749389796,-1.5177312666668656,1.5177312666668656,0,1,1,1,0,0,0,1,0,0,0,1,0.3729281767955801,0.6215469613259669,0.8756906077348067,0.9668508287292817,17.0,1.6505739186446091,high prospective hazard,0.6666666666666666,0.0,2.35032174981491
2011-05-28,0.0,brasilia,"Brasília, Brazil",tropical savanna,7,6.600000000000014,5,2011,6–9,47.016935483870974,41.55680838789718,-0.97257073032687,0.97257073032687,0,0,0,1,0,0,0,0,0,0,0,0,0.06666666666666667,0.16666666666666666,0.32222222222222224,0.6,6.0,0.97257073032687,dry-spell threshold,0.25,0.0,2.6941898901819847
2011-05-29,0.0,brasilia,"Brasília, Brazil",tropical savanna,8,4.2000000000000135,5,2011,6–9,47.016935483870974,41.55680838789718,-1.030322999885159,1.030322999885159,0,0,0,1,0,0,0,0,0,0,0,0,0.06666666666666667,0.16666666666666666,0.32222222222222224,0.6,7.0,0.97257073032687,30-day deficit threshold,0.4,0.0,2.6610185469618814
2011-05-30,0.0,nairobi,"Nairobi, Kenya",subtropical highland / bimodal rainfall,7,28.9,5,2011,6–9,106.88693548387096,59.75590066479438,-1.3050917920448568,1.3050917920448568,1,1,1,1,0,0,1,1,0,0,0,0,0.2571428571428571,0.45714285714285713,0.5428571428571428,0.9142857142857143,6.0,1.308438741848558,dry-spell threshold,0.5,0.0,2.490883883340858
2011-06-01,2.9,mumbai,"Mumbai, India",tropical monsoon,7,9.100000000000028,6,2011,6–9,177.036,162.86130462730597,-1.0311596139077175,1.0311596139077175,1,1,1,1,1,1,1,1,0,1,1,1,0.8533333333333334,0.9283333333333333,0.9866666666666667,1.0,6.0,0.0,30-day deficit threshold,0.5,0.17147230973461297,7.26998676422938
2011-06-01,2.9,mumbai,"Mumbai, India",tropical monsoon,7,9.100000000000028,6,2011,6–9,177.036,162.86130462730597,-1.0311596139077175,1.0311596139077175,1,1,1,1,1,1,1,1,0,1,1,1,0.8533333333333334,0.9283333333333333,0.9866666666666667,1.0,6.0,0.0,dry-spell threshold,0.5,0.17147230973461297,7.26998676422938
2011-06-01,2.9,mumbai,"Mumbai, India",tropical monsoon,7,9.100000000000028,6,2011,6–9,177.036,162.86130462730597,-1.0311596139077175,1.0311596139077175,1,1,1,1,1,1,1,1,0,1,1,1,0.8533333333333334,0.9283333333333333,0.9866666666666667,1.0,6.0,0.0,high prospective hazard,0.5,0.17147230973461297,7.26998676422938
2011-06-01,0.0,nairobi,"Nairobi, Kenya",subtropical highland / bimodal rainfall,9,27.9,6,2011,6–9,54.527166666666666,41.728924227297085,-0.6380985649576951,0.6380985649576951,1,1,1,1,0,0,1,1,0,0,0,0,0.2,0.30526315789473685,0.5157894736842106,0.7263157894736842,8.0,1.3067652669467074,random drought day,0.5714285714285714,0.0,2.8602472511982353
2011-06-03,0.0,london,"London, United Kingdom",temperate maritime,7,17.8,6,2011,6–9,54.81133333333334,25.599446432523536,-1.4457864716289823,1.4457864716289823,0,1,1,1,0,1,1,1,0,1,1,1,0.275,0.5875,0.7875,0.9375,6.0,1.4457864716289823,dry-spell threshold,0.4444444444444444,0.0,2.39839629296759
2011-06-06,1.7,cape_town,"Cape Town, South Africa",Mediterranean winter-rainfall,1,67.7,6,2011,0–2,74.97083333333333,32.39451662165692,-0.22444642154260486,0.22444642154260486,0,0,0,1,0,0,0,1,0,0,0,1,0.3342776203966006,0.5524079320113314,0.8753541076487252,0.9716713881019831,0.0,0.1812292309189283,season-matched placebo,0.5,0.0,2.9819735419150097
2011-06-06,4.3,london,"London, United Kingdom",temperate maritime,0,28.0,6,2011,0–2,54.81133333333334,25.599446432523536,-1.0473403557379322,1.0473403557379322,0,1,1,1,0,1,1,1,0,0,1,1,0.3937677053824363,0.6685552407932012,0.8583569405099151,0.9773371104815864,9.0,1.4457864716289823,high prospective hazard,0.6,0.0,2.651041736570158
2011-06-13,0.6,tokyo,"Tokyo, Japan",humid subtropical,0,224.00000000000003,6,2011,0–2,141.02533333333335,50.96106823528811,1.628197161872103,0.0,1,1,1,1,1,1,1,1,0,1,1,1,0.4896694214876033,0.8078512396694215,0.9772727272727273,1.0,0.0,0.0,season-matched placebo,0.5,0.0,3.0
2011-06-14,0.0,cape_town,"Cape Town, South Africa",Mediterranean winter-rainfall,7,69.3,6,2011,6–9,74.97083333333333,32.39451662165692,-0.17505534654411775,0.17505534654411775,1,1,1,1,1,1,1,1,1,1,1,1,0.44594594594594594,0.6891891891891891,0.8378378378378378,0.9864864864864865,6.0,0.17505534654411775,dry-spell threshold,0.42857142857142855,0.0,2.989008444752722
2011-06-18,3.2,london,"London, United Kingdom",temperate maritime,0,56.3,6,2011,0–2,54.81133333333334,25.599446432523536,0.0581522991362556,0.0,0,1,1,1,0,1,1,1,0,0,1,1,0.3937677053824363,0.6685552407932012,0.8583569405099151,0.9773371104815864,0.0,0.3246684788767139,season-matched placebo,0.5,0.0,3.0
2011-06-22,5.1,mumbai,"Mumbai, India",tropical monsoon,0,471.80000000000007,6,2011,0–2,177.036,162.86130462730597,1.809908134252897,0.0,1,1,1,1,1,1,1,1,0,1,1,1,0.9471624266144814,0.9823874755381604,1.0,1.0,0.0,0.0,season-matched placebo,0.5,0.17147230973461297,6.429446194692259
2011-06-22,0.7,nairobi,"Nairobi, Kenya",subtropical highland / bimodal rainfall,7,13.6,6,2011,6–9,54.527166666666666,41.728924227297085,-0.9807865269599749,0.9807865269599749,1,1,1,1,0,1,1,1,0,1,1,1,0.2,0.30526315789473685,0.5157894736842106,0.7263157894736842,6.0,0.9592187531276637,dry-spell threshold,0.5714285714285714,0.0,2.6895383444535783
2011-06-29,5.9,cape_town,"Cape Town, South Africa",Mediterranean winter-rainfall,4,113.10000000000001,6,2011,3–5,74.97083333333333,32.39451662165692,1.177025331539472,0.0,1,1,1,1,1,1,1,1,0,0,0,0,0.24305555555555555,0.6111111111111112,0.8680555555555556,0.9722222222222222,3.0,0.0,random drought day,0.3,0.0,3.0
2011-06-29,1.2,tokyo,"Tokyo, Japan",humid subtropical,7,102.20000000000005,6,2011,6–9,141.02533333333335,50.96106823528811,-0.7618626272525546,0.7618626272525546,1,1,1,1,0,1,1,1,0,0,0,0,0.5,0.9090909090909091,1.0,1.0,6.0,0.0,dry-spell threshold,0.6666666666666666,0.0,2.8046500661485654
2011-06-29,1.2,tokyo,"Tokyo, Japan",humid subtropical,7,102.20000000000005,6,2011,6–9,141.02533333333335,50.96106823528811,-0.7618626272525546,0.7618626272525546,1,1,1,1,0,1,1,1,0,0,0,0,0.5,0.9090909090909091,1.0,1.0,6.0,0.0,high prospective hazard,0.8333333333333334,0.0,2.8046500661485654
2011-07-01,0.0,london,"London, United Kingdom",temperate maritime,2,75.19999999999999,7,2011,0–2,53.25306451612904,23.654472339833752,0.9278133609817483,0.0,0,0,1,1,0,0,1,1,0,0,0,0,0.380352644836272,0.6926952141057935,0.8589420654911839,0.9748110831234257,1.0,0.0,season-matched placebo,0.5714285714285714,0.0,3.0
2011-07-03,0.2,tokyo,"Tokyo, Japan",humid subtropical,1,86.40000000000005,7,2011,0–2,175.2385483870968,78.86270240028857,-1.1264963751327357,1.1264963751327357,1,1,1,1,0,1,1,1,0,0,0,0,0.42452830188679247,0.6839622641509434,0.8891509433962265,0.9905660377358491,0.0,0.9299522607638717,30-day deficit threshold,0.8,0.0,2.6035354675563576
2011-07-04,0.0,cape_town,"Cape Town, South Africa",Mediterranean winter-rainfall,0,101.8,7,2011,0–2,86.68548387096774,47.99031891727379,0.31494927456278865,0.0,0,0,0,0,0,0,0,0,0,0,0,0,0.32732732732732733,0.5495495495495496,0.8408408408408409,0.9669669669669669,0.0,0.0,season-matched placebo,0.42857142857142855,0.0,3.0
2011-07-04,0.0,nairobi,"Nairobi, Kenya",subtropical highland / bimodal rainfall,7,28.9,7,2011,6–9,21.771290322580644,22.31910042743049,0.3193995071888323,0.0,0,1,1,1,0,0,0,0,0,0,0,0,0.06976744186046512,0.20930232558139536,0.37209302325581395,0.627906976744186,6.0,0.0,dry-spell threshold,0.625,0.0,3.0
2011-07-06,19.0,mumbai,"Mumbai, India",tropical monsoon,0,463.40000000000003,7,2011,0–2,554.1132258064516,175.14388136213014,-0.5179354545585955,0.5179354545585955,1,1,1,1,1,1,1,1,1,1,1,1,1.0,1.0,1.0,1.0,0.0,0.36720224141588226,high prospective hazard,0.6666666666666666,0.3381389764012796,11.155031168130638
2011-07-06,19.0,mumbai,"Mumbai, India",tropical monsoon,0,463.40000000000003,7,2011,0–2,554.1132258064516,175.14388136213014,-0.5179354545585955,0.5179354545585955,1,1,1,1,1,1,1,1,1,1,1,1,1.0,1.0,1.0,1.0,0.0,0.36720224141588226,random drought day,0.2,0.0,2.9064392325790323
2011-07-06,1.8,tucson,"Tucson, United States",hot semi-arid / monsoonal,0,2.700000000000007,7,2011,0–2,14.544838709677434,14.835603895577684,-0.7984062390077853,0.7984062390077853,1,1,1,1,1,1,1,1,0,0,0,0,0.32677165354330706,0.5433070866141733,0.7677165354330708,0.9212598425196851,85.0,0.9534386877162333,high prospective hazard,0.2,0.0,2.7868238526484266
2011-07-10,14.7,mumbai,"Mumbai, India",tropical monsoon,0,458.40000000000003,7,2011,0–2,554.1132258064516,175.14388136213014,-0.5464834115932001,0.5464834115932001,1,1,1,1,1,1,1,1,1,1,1,1,1.0,1.0,1.0,1.0,0.0,0.0,high prospective hazard,0.75,0.42147230973461297,13.257605733497916
2011-07-11,0.0,cape_town,"Cape Town, South Africa",Mediterranean winter-rainfall,7,96.3,7,2011,6–9,86.68548387096774,47.99031891727379,0.20034282634391024,0.0,0,0,0,0,0,0,0,0,0,0,0,0,0.37362637362637363,0.5494505494505495,0.7472527472527473,0.978021978021978,6.0,0.0,dry-spell threshold,0.5,0.0,3.0
2011-07-11,15.5,mumbai,"Mumbai, India",tropical monsoon,0,336.8,7,2011,0–2,554.1132258064516,175.14388136213014,-1.2407697266747875,1.2407697266747875,1,1,1,1,1,1,1,1,1,1,1,1,1.0,1.0,1.0,1.0,0.0,0.5464834115932001,30-day deficit threshold,0.6666666666666666,0.3381389764012796,11.7817344982322
2011-07-15,0.0,tokyo,"Tokyo, Japan",humid subtropical,7,34.40000000000005,7,2011,6–9,175.2385483870968,78.86270240028857,-1.7858701781766662,1.7858701781766662,0,1,1,1,0,1,1,1,0,1,1,1,0.31343283582089554,0.6119402985074627,0.9402985074626866,1.0,6.0,1.7605096472903612,dry-spell threshold,0.7142857142857143,0.0,2.1696368540117743
2011-07-15,0.0,tucson,"Tucson, United States",hot semi-arid / monsoonal,7,7.500000000000007,7,2011,6–9,14.544838709677434,14.835603895577684,-0.4748602590945023,0.4748602590945023,0,1,1,1,0,1,1,1,0,0,0,0,0.23076923076923078,0.49230769230769234,0.6461538461538462,0.9076923076923077,6.0,0.4748602590945023,dry-spell threshold,0.14285714285714285,0.0,2.9209614930019274
2011-07-16,8.2,london,"London, United Kingdom",temperate maritime,7,56.1,7,2011,6–9,53.25306451612904,23.654472339833752,0.12035506195066424,0.0,1,1,1,1,1,1,1,1,1,1,1,1,0.14285714285714285,0.4603174603174603,0.9047619047619048,1.0,6.0,0.0,dry-spell threshold,0.5,0.0,3.0
2011-07-17,0.0,cape_town,"Cape Town, South Africa",Mediterranean winter-rainfall,13,54.2,7,2011,10–19,86.68548387096774,47.99031891727379,-0.6769174409315044,0.6769174409315044,0,0,0,1,0,0,0,1,0,0,0,1,0.21739130434782608,0.5,0.8695652173913043,1.0,12.0,0.3268468354629304,high prospective hazard,0.5,0.0,2.843639451666089
2011-07-19,3.1,london,"London, United Kingdom",temperate maritime,0,53.0,7,2011,0–2,53.25306451612904,23.654472339833752,-0.01069837925333384,0.01069837925333384,1,1,1,1,1,1,1,1,0,0,0,0,0.380352644836272,0.6926952141057935,0.8589420654911839,0.9748110831234257,0.0,0.052973682867526746,season-matched placebo,0.625,0.0,2.9999587966511996
2011-07-22,0.0,tucson,"Tucson, United States",hot semi-arid / monsoonal,0,13.000000000000007,7,2011,0–2,14.544838709677434,14.835603895577684,-0.10413049044386555,0.10413049044386555,1,1,1,1,0,1,1,1,0,0,0,0,0.32677165354330706,0.5433070866141733,0.7677165354330708,0.9212598425196851,2.0,0.20523860916676648,season-matched placebo,0.2,0.0,2.9961015353462415
2011-07-23,0.0,cape_town,"Cape Town, South Africa",Mediterranean winter-rainfall,19,33.7,7,2011,10–19,86.68548387096774,47.99031891727379,-1.104086929747324,1.104086929747324,0,0,1,1,0,0,1,1,0,0,1,1,0.21739130434782608,0.5,0.8695652173913043,1.0,18.0,0.8748740333095671,30-day deficit threshold,0.3333333333333333,0.0,2.617159423282441
2011-07-29,0.0,brasilia,"Brasília, Brazil",tropical savanna,69,0.0,7,2011,20+,1.7846774193548427,6.066529967027798,-0.2941842254228932,0.2941842254228932,0,0,0,0,0,0,0,0,0,0,0,0,0.005357142857142857,0.0125,0.02142857142857143,0.033928571428571426,68.0,0.2941842254228932,random drought day,0.8,0.18760569623147427,7.228945356328571
2011-07-30,0.1,nairobi,"Nairobi, Kenya",subtropical highland / bimodal rainfall,2,17.7,7,2011,0–2,21.771290322580644,22.31910042743049,-0.18241283226527225,0.18241283226527225,0,0,1,1,0,0,0,1,0,0,0,1,0.19117647058823528,0.2647058823529412,0.4852941176470588,0.6838235294117647,1.0,0.19137376689838123,season-matched placebo,0.16666666666666666,0.0,2.988068841421385
2011-07-31,0.0,london,"London, United Kingdom",temperate maritime,7,47.5,7,2011,6–9,53.25306451612904,23.654472339833752,-0.24321254913139484,0.24321254913139484,0,1,1,1,0,0,1,1,0,0,1,1,0.14285714285714285,0.4603174603174603,0.9047619047619048,1.0,6.0,0.24321254913139484,dry-spell threshold,0.5454545454545454,0.0,2.9788552475408934
2011-08-01,0.0,cape_town,"Cape Town, South Africa",Mediterranean winter-rainfall,3,20.5,8,2011,3–5,74.69370967741935,33.4152617533005,-1.621825083326379,1.621825083326379,0,1,1,1,0,1,1,1,0,1,1,1,0.3053435114503817,0.5190839694656488,0.8091603053435115,0.9770992366412213,2.0,1.3791424054726322,random drought day,0.36363636363636365,0.0,2.28026251749647
2011-08-01,0.6,tucson,"Tucson, United States",hot semi-arid / monsoonal,1,20.300000000000004,8,2011,0–2,33.28145161290324,19.113990033841972,-0.6791596934977538,0.6791596934977538,1,1,1,1,0,0,1,1,0,0,0,0,0.28823529411764703,0.5647058823529412,0.7941176470588235,0.9470588235294117,0.0,0.0,high prospective hazard,0.3333333333333333,0.0,2.8426562835280977
2011-08-04,0.0,nairobi,"Nairobi, Kenya",subtropical highland / bimodal rainfall,7,17.799999999999997,8,2011,6–9,15.798225806451612,13.574939376533305,0.14746100428329043,0.0,1,1,1,1,0,1,1,1,0,0,1,1,0.07692307692307693,0.19230769230769232,0.4230769230769231,0.7019230769230769,6.0,0.0,dry-spell threshold,0.5555555555555556,0.0,3.0
2011-08-07,0.1,tucson,"Tucson, United States",hot semi-arid / monsoonal,7,17.300000000000008,8,2011,6–9,33.28145161290324,19.113990033841972,-0.8361127940637997,0.8361127940637997,1,1,1,1,1,1,1,1,0,0,0,0,0.21686746987951808,0.46987951807228917,0.7831325301204819,0.9397590361445783,6.0,0.7994904039317223,dry-spell threshold,0.25,0.0,2.767808151964403
2011-08-08,0.0,nairobi,"Nairobi, Kenya",subtropical highland / bimodal rainfall,0,18.999999999999996,8,2011,0–2,15.798225806451612,13.574939376533305,0.23585918910866155,0.0,1,1,1,1,0,1,1,1,0,1,1,1,0.19078947368421054,0.34868421052631576,0.4473684210526316,0.625,10.0,0.0,season-matched placebo,0.14285714285714285,0.0,3.0
2011-08-20,1.9,london,"London, United Kingdom",temperate maritime,1,37.5,8,2011,0–2,55.292419354838714,24.80198980927015,-0.7173787059693293,0.7173787059693293,0,1,1,1,0,1,1,1,0,1,1,1,0.3815789473684211,0.6447368421052632,0.8289473684210527,0.95,0.0,0.5802929307494237,random drought day,0.875,0.08363538478535115,4.9660099001604685
2011-08-23,0.1,nairobi,"Nairobi, Kenya",subtropical highland / bimodal rainfall,7,62.0,8,2011,6–9,15.798225806451612,13.574939376533305,3.4034608120177956,0.0,0,1,1,1,0,1,1,1,0,0,0,0,0.07692307692307693,0.19230769230769232,0.4230769230769231,0.7019230769230769,6.0,0.0,dry-spell threshold,0.6,0.0,3.0
2011-08-23,0.3,tucson,"Tucson, United States",hot semi-arid / monsoonal,4,21.600000000000005,8,2011,3–5,33.28145161290324,19.113990033841972,-0.6111466832524672,0.6111466832524672,1,1,1,1,0,0,0,0,0,0,0,0,0.24812030075187969,0.5037593984962406,0.7669172932330827,0.9473684210526315,3.0,0.5954513731958626,random drought day,0.5,0.0790682373051872,4.847330161892388
2011-08-26,0.0,tucson,"Tucson, United States",hot semi-arid / monsoonal,7,18.000000000000007,8,2011,6–9,33.28145161290324,19.113990033841972,-0.7994904039317223,0.7994904039317223,1,1,1,1,0,0,0,1,0,0,0,0,0.21686746987951808,0.46987951807228917,0.7831325301204819,0.9397590361445783,6.0,0.7628680137996448,dry-spell threshold,0.3333333333333333,0.0,2.7862857821191
2011-08-27,0.1,nairobi,"Nairobi, Kenya",subtropical highland / bimodal rainfall,0,48.300000000000004,8,2011,0–2,15.798225806451612,13.574939376533305,2.3942482019281415,0.0,1,1,1,1,0,0,0,1,0,0,0,0,0.19078947368421054,0.34868421052631576,0.4473684210526316,0.625,10.0,0.0,season-matched placebo,0.25,0.0,3.0
2011-08-28,0.0,cape_town,"Cape Town, South Africa",Mediterranean winter-rainfall,5,45.0,8,2011,3–5,74.69370967741935,33.4152617533005,-0.8886271757092082,0.8886271757092082,0,1,1,1,0,1,1,1,0,0,1,1,0.3053435114503817,0.5190839694656488,0.8091603053435115,0.9770992366412213,4.0,0.4846201653895427,high prospective hazard,0.3333333333333333,0.0,2.740329172874527
2011-08-30,2.5,cape_town,"Cape Town, South Africa",Mediterranean winter-rainfall,7,45.0,8,2011,6–9,74.69370967741935,33.4152617533005,-0.8886271757092082,0.8886271757092082,1,1,1,1,1,1,1,1,0,1,1,1,0.1951219512195122,0.47560975609756095,0.8048780487804879,0.9878048780487805,6.0,0.8886271757092082,dry-spell threshold,0.4444444444444444,0.0,2.740329172874527
2011-08-31,0.0,brasilia,"Brasília, Brazil",tropical savanna,102,0.0,8,2011,20+,2.3637096774193593,6.427210615565409,-0.36776602149849125,0.36776602149849125,0,0,0,0,0,0,0,0,0,0,0,0,0.023622047244094488,0.05905511811023622,0.13582677165354332,0.2874015748031496,101.0,0.36776602149849125,random drought day,0.6666666666666666,0.05427236289814086,4.2166061161509925
2011-08-31,0.0,darwin,"Darwin, Australia",tropical savanna / monsoon,130,0.6,8,2011,20+,1.365483870967742,1.935645294395855,-0.3954670172184937,0.3954670172184937,0,0,1,1,0,0,1,1,0,0,0,0,0.02575107296137339,0.07510729613733906,0.18240343347639484,0.351931330472103,129.0,0.3954670172184937,random drought day,0.3333333333333333,0.0,2.944735271491678
2011-09-01,6.3,cape_town,"Cape Town, South Africa",Mediterranean winter-rainfall,0,49.199999999999996,9,2011,0–2,54.838166666666666,32.362710563712156,-0.1742179986922562,0.1742179986922562,1,1,1,1,1,1,1,1,0,0,0,0,0.23659305993690852,0.5205047318611987,0.7760252365930599,0.9305993690851735,0.0,0.813811062687048,season-matched placebo,0.375,0.0,2.989112965093234
2011-09-02,1.8,cape_town,"Cape Town, South Africa",Mediterranean winter-rainfall,0,55.5,9,2011,0–2,54.838166666666666,32.362710563712156,0.02045049137742616,0.0,0,0,1,1,0,0,1,1,0,0,0,0,0.23659305993690852,0.5205047318611987,0.7760252365930599,0.9305993690851735,0.0,0.1742179986922562,season-matched placebo,0.4444444444444444,0.0,3.0
2011-09-03,0.0,london,"London, United Kingdom",temperate maritime,7,74.3,9,2011,6–9,47.54533333333333,27.251647633126485,0.9817632690268716,0.0,1,1,1,1,1,1,1,1,1,1,1,1,0.18421052631578946,0.4342105263157895,0.6973684210526315,0.9342105263157895,6.0,0.0,dry-spell threshold,0.5833333333333334,0.0,3.0
2011-09-03,0.0,nairobi,"Nairobi, Kenya",subtropical highland / bimodal rainfall,7,48.5,9,2011,6–9,16.460666666666665,12.814435967721733,2.500253106265244,0.0,1,1,1,1,1,1,1,1,0,0,0,1,0.08536585365853659,0.15853658536585366,0.24390243902439024,0.5365853658536586,6.0,0.0,dry-spell threshold,0.6363636363636364,0.008044688429584501,3.16089376859169
2011-09-05,2.9,nairobi,"Nairobi, Kenya",subtropical highland / bimodal rainfall,0,49.0,9,2011,0–2,16.460666666666665,12.814435967721733,2.539271600817751,0.0,1,1,1,1,1,1,1,1,0,0,0,1,0.14516129032258066,0.3064516129032258,0.5241935483870968,0.6532258064516129,8.0,0.0,season-matched placebo,0.2222222222222222,0.0,3.0
2011-09-08,0.0,brasilia,"Brasília, Brazil",tropical savanna,110,0.0,9,2011,20+,19.803000000000004,23.575053826836342,-0.8399980821022571,0.8399980821022571,0,0,0,0,0,0,0,0,0,0,0,0,0.06912442396313365,0.15207373271889402,0.3271889400921659,0.5898617511520737,109.0,0.8399980821022571,random drought day,0.5714285714285714,0.0,2.7658140612053836
2011-09-09,0.0,london,"London, United Kingdom",temperate maritime,2,75.2,9,2011,0–2,47.54533333333333,27.251647633126485,1.01478879512042,0.0,1,1,1,1,1,1,1,1,0,0,0,0,0.40797546012269936,0.6993865030674846,0.8865030674846626,0.9570552147239264,1.0,0.0,season-matched placebo,0.6666666666666666,0.0,3.0
2011-09-13,0.0,tokyo,"Tokyo, Japan",humid subtropical,7,203.90000000000006,9,2011,6–9,146.19633333333337,85.48757314268123,0.6749947921712272,0.0,0,0,1,1,0,0,1,1,0,0,1,1,0.42857142857142855,0.6285714285714286,0.9142857142857143,1.0,6.0,0.0,dry-spell threshold,0.75,0.0,3.0
2011-09-14,0.0,london,"London, United Kingdom",temperate maritime,2,79.7,9,2011,0–2,47.54533333333333,27.251647633126485,1.1799164255881611,0.0,0,1,1,1,0,1,1,1,0,0,0,0,0.40797546012269936,0.6993865030674846,0.8865030674846626,0.9570552147239264,1.0,0.0,season-matched placebo,0.7,0.0,3.0
2011-09-14,0.4,nairobi,"Nairobi, Kenya",subtropical highland / bimodal rainfall,7,14.6,9,2011,6–9,16.460666666666665,12.814435967721733,-0.1452008243947292,0.1452008243947292,1,1,1,1,0,1,1,1,0,1,1,1,0.08536585365853659,0.15853658536585366,0.24390243902439024,0.5365853658536586,6.0,0.0,dry-spell threshold,0.6666666666666666,0.03834771873261478,3.812988741547924
2011-09-15,0.0,darwin,"Darwin, Australia",tropical savanna / monsoon,7,1.5999999999999999,9,2011,6–9,7.027166666666667,8.393407778078227,-0.6465987129615288,0.6465987129615288,0,1,1,1,0,0,1,1,0,0,0,0,0.11267605633802817,0.29577464788732394,0.5492957746478874,0.7605633802816901,6.0,0.6465987129615288,dry-spell threshold,0.3333333333333333,0.0,2.8566782049046338
2011-09-16,0.0,cape_town,"Cape Town, South Africa",Mediterranean winter-rainfall,7,38.4,9,2011,6–9,54.838166666666666,32.362710563712156,-0.5079354102402828,0.5079354102402828,0,1,1,1,0,1,1,1,0,1,1,1,0.2727272727272727,0.5227272727272727,0.7613636363636364,0.9204545454545454,6.0,0.5233852904045433,dry-spell threshold,0.5,0.0,2.9099097592008043
2011-09-16,0.8,tucson,"Tucson, United States",hot semi-arid / monsoonal,0,25.300000000000004,9,2011,0–2,30.822000000000013,23.461200506695302,-0.23536732480608372,0.23536732480608372,0,0,0,1,0,0,0,0,0,0,0,0,0.12962962962962962,0.2654320987654321,0.38271604938271603,0.6481481481481481,0.0,0.3120897414397218,season-matched placebo,0.3333333333333333,0.0,2.980188501626571
2011-09-18,1.8,mumbai,"Mumbai, India",tropical monsoon,0,544.5000000000001,9,2011,0–2,332.65,143.16896726821696,1.4797201100369335,0.0,1,1,1,1,1,1,1,1,0,0,0,0,0.7931034482758621,0.9074410163339383,0.9600725952813067,0.9909255898366606,0.0,0.0,season-matched placebo,0.6666666666666666,0.3381389764012796,9.762779528025593
2011-09-22,18.7,tokyo,"Tokyo, Japan",humid subtropical,0,185.30000000000004,9,2011,0–2,146.19633333333337,85.48757314268123,0.45741930937028147,0.0,0,0,1,1,0,0,0,1,0,0,0,1,0.47540983606557374,0.7564402810304449,0.9578454332552693,0.9976580796252927,0.0,0.0,season-matched placebo,0.6,0.0,3.0
2011-09-23,0.0,tucson,"Tucson, United States",hot semi-arid / monsoonal,7,18.800000000000004,9,2011,6–9,30.822000000000013,23.461200506695302,-0.5124204959831105,0.5124204959831105,0,0,1,1,0,0,0,1,0,0,0,1,0.040983606557377046,0.16393442622950818,0.48360655737704916,0.7295081967213115,6.0,0.4996334265441707,dry-spell threshold,0.3,0.0,2.9083605495630382
2011-09-24,0.4,darwin,"Darwin, Australia",tropical savanna / monsoon,1,9.3,9,2011,0–2,7.027166666666667,8.393407778078227,0.27078790801389213,0.0,1,1,1,1,0,0,1,1,0,0,0,0,0.1910828025477707,0.35668789808917195,0.5923566878980892,0.8789808917197452,0.0,0.0,season-matched placebo,0.75,0.220481765223129,7.40963530446258
2011-09-24,0.1,nairobi,"Nairobi, Kenya",subtropical highland / bimodal rainfall,0,22.6,9,2011,0–2,16.460666666666665,12.814435967721733,0.4790950884453827,0.0,0,1,1,1,0,0,1,1,0,0,0,0,0.14516129032258066,0.3064516129032258,0.5241935483870968,0.6532258064516129,5.0,0.0,season-matched placebo,0.3,0.0,3.0
2011-09-24,0.0,tokyo,"Tokyo, Japan",humid subtropical,1,202.30000000000007,9,2011,0–2,146.19633333333337,85.48757314268123,0.656278621607705,0.0,0,1,1,1,0,0,1,1,0,0,0,1,0.47540983606557374,0.7564402810304449,0.9578454332552693,0.9976580796252927,0.0,0.0,season-matched placebo,0.5,0.0,3.0
2011-09-25,0.3,darwin,"Darwin, Australia",tropical savanna / monsoon,2,9.7,9,2011,0–2,7.027166666666667,8.393407778078227,0.31844435585677094,0.0,0,0,1,1,0,0,1,1,0,0,0,1,0.1910828025477707,0.35668789808917195,0.5923566878980892,0.8789808917197452,1.0,0.0,season-matched placebo,0.8,0.27048176522312906,8.409635304462581
2011-09-26,0.0,cape_town,"Cape Town, South Africa",Mediterranean winter-rainfall,7,22.5,9,2011,6–9,54.838166666666666,32.362710563712156,-0.9992415994637665,0.9992415994637665,0,0,1,1,0,0,0,1,0,0,0,0,0.2727272727272727,0.5227272727272727,0.7613636363636364,0.9204545454545454,6.0,0.9745217912009496,dry-spell threshold,0.5454545454545454,0.0,2.6790066406347575
2011-09-27,0.0,london,"London, United Kingdom",temperate maritime,5,29.6,9,2011,3–5,47.54533333333333,27.251647633126485,-0.6585045269526892,0.6585045269526892,0,0,0,1,0,0,0,1,0,0,0,0,0.2871287128712871,0.5544554455445545,0.7821782178217822,0.9207920792079208,4.0,0.6548350240534061,random drought day,0.8888888888888888,0.09752427367423999,5.316063801558699
2011-09-27,0.0,tucson,"Tucson, United States",hot semi-arid / monsoonal,11,18.300000000000004,9,2011,10–19,30.822000000000013,23.461200506695302,-0.5337322783813433,0.5337322783813433,1,1,1,1,0,0,0,1,0,0,0,1,0.17197452229299362,0.3630573248407643,0.5732484076433121,0.6878980891719745,10.0,0.5166828524627569,random drought day,0.42857142857142855,0.007639665876615742,3.0880069613795307
2011-09-28,0.2,nairobi,"Nairobi, Kenya",subtropical highland / bimodal rainfall,4,20.4,9,2011,3–5,16.460666666666665,12.814435967721733,0.3074137124143517,0.0,0,1,1,1,0,1,1,1,0,0,0,1,0.12658227848101267,0.27848101265822783,0.4177215189873418,0.6075949367088608,3.0,0.0,random drought day,0.625,0.0,3.0
2011-09-29,0.0,cape_town,"Cape Town, South Africa",Mediterranean winter-rainfall,10,22.5,9,2011,10–19,54.838166666666666,32.362710563712156,-0.9992415994637665,0.9992415994637665,0,1,1,1,0,0,1,1,0,0,0,0,0.24528301886792453,0.5471698113207547,0.7924528301886793,0.9433962264150944,9.0,0.9992415994637665,high prospective hazard,0.5,0.0,2.6790066406347575
2011-09-29,0.0,london,"London, United Kingdom",temperate maritime,7,29.300000000000004,9,2011,6–9,47.54533333333333,27.251647633126485,-0.6695130356505385,0.6695130356505385,0,0,1,1,0,0,1,1,0,0,0,0,0.18421052631578946,0.4342105263157895,0.6973684210526315,0.9342105263157895,6.0,0.6695130356505385,dry-spell threshold,0.6153846153846154,0.0,2.8468677668790705
2011-09-30,0.0,cape_town,"Cape Town, South Africa",Mediterranean winter-rainfall,11,20.0,9,2011,10–19,54.838166666666666,32.362710563712156,-1.076491000285069,1.076491000285069,1,1,1,1,0,0,1,1,0,0,0,0,0.24528301886792453,0.5471698113207547,0.7924528301886793,0.9433962264150944,10.0,0.9992415994637665,30-day deficit threshold,0.5,0.0,2.6337507640236835
2011-09-30,0.4,darwin,"Darwin, Australia",tropical savanna / monsoon,7,10.0,9,2011,6–9,7.027166666666667,8.393407778078227,0.3541866917389303,0.0,1,1,1,1,1,1,1,1,0,0,0,1,0.11267605633802817,0.29577464788732394,0.5492957746478874,0.7605633802816901,6.0,0.0,dry-spell threshold,0.5,0.0,3.0
2011-09-30,0.3,mumbai,"Mumbai, India",tropical monsoon,7,274.3,9,2011,6–9,332.65,143.16896726821696,-0.40756038905194697,0.40756038905194697,1,1,1,1,0,0,0,1,0,0,0,1,0.7616666666666667,0.8866666666666667,0.96,0.9916666666666667,6.0,0.31186926085980177,dry-spell threshold,0.6666666666666666,0.3381389764012796,10.923172216249164
2011-09-30,1.4,tokyo,"Tokyo, Japan",humid subtropical,7,174.30000000000007,9,2011,6–9,146.19633333333337,85.48757314268123,0.32874563674606677,0.0,1,1,1,1,0,1,1,1,0,0,1,1,0.42857142857142855,0.6285714285714286,0.9142857142857143,1.0,6.0,0.0,dry-spell threshold,0.7777777777777778,0.0,3.0
2011-10-01,0.0,brasilia,"Brasília, Brazil",tropical savanna,4,2.1000000000000143,10,2011,3–5,80.51935483870969,62.708403403517686,-1.250539809379211,1.250539809379211,1,1,1,1,1,1,1,1,0,1,1,1,0.3068181818181818,0.5909090909090909,0.8522727272727273,0.9318181818181818,3.0,0.7509208729715823,30-day deficit threshold,0.3333333333333333,0.0,2.525971241080707
2011-10-01,0.0,london,"London, United Kingdom",temperate maritime,9,29.300000000000004,10,2011,6–9,55.27048387096774,29.11101390576616,-0.8921188370503177,0.8921188370503177,0,0,1,1,0,0,1,1,0,0,0,0,0.21568627450980393,0.39215686274509803,0.6666666666666666,0.9215686274509803,8.0,0.6695130356505385,random drought day,0.8,0.008635384785351197,2.9664357781512996
2011-10-03,0.0,cape_town,"Cape Town, South Africa",Mediterranean winter-rainfall,14,10.299999999999999,10,2011,10–19,35.513225806451615,24.33572772403693,-1.03605801693565,1.03605801693565,1,1,1,1,1,1,1,1,0,0,0,0,0.13043478260869565,0.29347826086956524,0.5,0.75,13.0,0.9620926923556046,30-day deficit threshold,0.6,0.0,2.6576661654475044
2011-10-05,0.3,london,"London, United Kingdom",temperate maritime,13,21.300000000000004,10,2011,10–19,55.27048387096774,29.11101390576616,-1.166928914978088,1.166928914978088,1,1,1,1,1,1,1,1,0,0,0,0,0.2,0.4909090909090909,0.8,0.9636363636363636,12.0,0.8921188370503177,30-day deficit threshold,0.75,0.0,2.5786337801084533
2011-10-07,0.2,london,"London, United Kingdom",temperate maritime,0,16.2,10,2011,0–2,55.27048387096774,29.11101390576616,-1.3421203396570414,1.3421203396570414,1,1,1,1,1,1,1,1,0,0,0,0,0.38213399503722084,0.6799007444168734,0.8660049627791563,0.9578163771712159,14.0,1.170364040952185,high prospective hazard,0.6363636363636364,0.0,2.466791962859629
2011-10-07,0.3,nairobi,"Nairobi, Kenya",subtropical highland / bimodal rainfall,6,17.3,10,2011,6–9,16.683064516129033,14.609320070417443,0.04222889777876841,0.0,0,1,1,1,0,1,1,1,0,1,1,1,0.171875,0.375,0.65625,0.9375,5.0,0.0,random drought day,0.6666666666666666,0.03834771873261478,3.7669543746522955
2011-10-08,0.0,nairobi,"Nairobi, Kenya",subtropical highland / bimodal rainfall,7,17.0,10,2011,6–9,16.683064516129033,14.609320070417443,0.02169406121183785,0.0,0,1,1,1,0,1,1,1,0,1,1,1,0.171875,0.375,0.65625,0.9375,6.0,0.0,dry-spell threshold,0.6923076923076923,0.06398874437364044,4.279774887472809
2011-10-09,0.7,brasilia,"Brasília, Brazil",tropical savanna,0,45.20000000000002,10,2011,0–2,80.51935483870969,62.708403403517686,-0.563231607276552,0.563231607276552,1,1,1,1,1,1,1,1,0,1,1,1,0.6385542168674698,0.7590361445783133,0.9060240963855422,0.9783132530120482,0.0,0.595125259346281,random drought day,0.5,0.0,2.8899852517276825
2011-10-09,0.0,cape_town,"Cape Town, South Africa",Mediterranean winter-rainfall,4,8.0,10,2011,3–5,35.513225806451615,24.33572772403693,-1.1305692650101522,1.1305692650101522,0,0,1,1,0,0,1,1,0,0,0,1,0.2064516129032258,0.44516129032258067,0.7096774193548387,0.8387096774193549,3.0,0.9949661699467358,30-day deficit threshold,0.6666666666666666,0.04790631592045147,3.901342963353197
2011-10-09,0.0,tucson,"Tucson, United States",hot semi-arid / monsoonal,2,24.400000000000006,10,2011,0–2,15.33870967741937,15.940629497249008,0.5684399304396611,0.0,0,0,0,0,0,0,0,0,0,0,0,0,0.12149532710280374,0.24299065420560748,0.3925233644859813,0.5233644859813084,1.0,0.0,season-matched placebo,0.2857142857142857,0.0,3.0
2011-10-12,0.0,cape_town,"Cape Town, South Africa",Mediterranean winter-rainfall,7,7.8,10,2011,6–9,35.513225806451615,24.33572772403693,-1.138787634407935,1.138787634407935,0,1,1,1,0,1,1,1,0,0,1,1,0.20202020202020202,0.3838383838383838,0.6262626262626263,0.8080808080808081,6.0,1.138787634407935,dry-spell threshold,0.5,0.0,2.5960080058231383
2011-10-14,7.5,tokyo,"Tokyo, Japan",humid subtropical,7,142.30000000000004,10,2011,6–9,213.705,122.12749392753865,-0.5846758801287315,0.5846758801287315,1,1,1,1,1,1,1,1,1,1,1,1,0.375,0.6875,0.9375,1.0,6.0,0.5871323294535494,dry-spell threshold,0.8,0.0,2.8817848451742902
2011-10-14,0.0,tucson,"Tucson, United States",hot semi-arid / monsoonal,7,11.400000000000006,10,2011,6–9,15.33870967741937,15.940629497249008,-0.24708620685896354,0.24708620685896354,0,0,0,0,0,0,0,0,0,0,0,0,0.05813953488372093,0.12790697674418605,0.29069767441860467,0.38372093023255816,6.0,0.2157198169628626,dry-spell threshold,0.2727272727272727,0.0,2.9781812744526683
2011-10-17,0.0,london,"London, United Kingdom",temperate maritime,7,13.7,10,2011,6–9,55.27048387096774,29.11101390576616,-1.4279984890094697,1.4279984890094697,1,1,1,1,1,1,1,1,0,0,0,0,0.21568627450980393,0.39215686274509803,0.6666666666666666,0.9215686274509803,6.0,1.407387733164887,dry-spell threshold,0.6428571428571429,0.0,2.41021630503087
2011-10-17,0.8,nairobi,"Nairobi, Kenya",subtropical highland / bimodal rainfall,1,59.8,10,2011,0–2,16.683064516129033,14.609320070417443,2.951330744760591,0.0,1,1,1,1,1,1,1,1,0,0,0,1,0.42066420664206644,0.6937269372693727,0.8523985239852399,0.9520295202952029,0.0,0.0,season-matched placebo,0.36363636363636365,0.0,3.0
2011-10-19,0.1,london,"London, United Kingdom",temperate maritime,0,14.0,10,2011,0–2,55.27048387096774,29.11101390576616,-1.4176931110871782,1.4176931110871782,0,0,1,1,0,0,1,1,0,0,0,0,0.38213399503722084,0.6799007444168734,0.8660049627791563,0.9578163771712159,8.0,1.4623497487504409,high prospective hazard,0.6666666666666666,0.0,2.417049965462125
2011-10-19,0.1,london,"London, United Kingdom",temperate maritime,0,14.0,10,2011,0–2,55.27048387096774,29.11101390576616,-1.4176931110871782,1.4176931110871782,0,0,1,1,0,0,1,1,0,0,0,0,0.38213399503722084,0.6799007444168734,0.8660049627791563,0.9578163771712159,8.0,1.4623497487504409,random drought day,0.8181818181818182,0.026817202967169385,3.155482657412513
2011-10-19,0.4,mumbai,"Mumbai, India",tropical monsoon,2,31.000000000000032,10,2011,0–2,146.12016129032259,126.6642379396545,-0.9088608052508729,0.9088608052508729,0,0,0,1,0,0,0,0,0,0,0,0,0.48148148148148145,0.5962962962962963,0.6962962962962963,0.7666666666666667,1.0,0.8954394952769409,random drought day,0.3333333333333333,0.004805643067946286,2.856630651737815
2011-10-20,0.0,cape_town,"Cape Town, South Africa",Mediterranean winter-rainfall,0,17.799999999999997,10,2011,0–2,35.513225806451615,24.33572772403693,-0.7278691645187942,0.7278691645187942,0,1,1,1,0,0,0,1,0,0,0,0,0.15767634854771784,0.3651452282157676,0.6846473029045643,0.8713692946058091,0.0,1.1223508956123693,random drought day,0.4166666666666667,0.0,2.8206749617651874
2011-10-22,30.4,tokyo,"Tokyo, Japan",humid subtropical,0,131.30000000000007,10,2011,0–2,213.705,122.12749392753865,-0.6747456887053862,0.6747456887053862,1,1,1,1,1,1,1,1,0,0,0,1,0.3720430107526882,0.7118279569892473,0.9354838709677419,0.989247311827957,2.0,0.6174285377929697,random drought day,0.8571428571428571,0.0,2.8445892531195414
2011-10-24,2.1,london,"London, United Kingdom",temperate maritime,5,10.3,10,2011,3–5,55.27048387096774,29.11101390576616,-1.5447927721287722,1.5447927721287722,1,1,1,1,0,1,1,1,0,0,0,1,0.3425925925925926,0.6203703703703703,0.7962962962962963,0.9537037037037037,4.0,1.5447927721287722,random drought day,0.8333333333333334,0.04196871811868452,3.4886676969010186
2011-10-24,0.0,mumbai,"Mumbai, India",tropical monsoon,7,21.30000000000003,10,2011,6–9,146.12016129032259,126.6642379396545,-0.9854412209844858,0.9854412209844858,0,0,1,1,0,0,0,0,0,0,0,0,0.09574468085106383,0.22340425531914893,0.2765957446808511,0.3404255319148936,6.0,0.9783358215865217,dry-spell threshold,0.5,0.17147230973461297,7.2718112011433815
2011-10-25,0.7,london,"London, United Kingdom",temperate maritime,0,12.3,10,2011,0–2,55.27048387096774,29.11101390576616,-1.4760902526468296,1.4760902526468296,1,1,1,1,1,1,1,1,0,0,0,1,0.38213399503722084,0.6799007444168734,0.8660049627791563,0.9578163771712159,5.0,1.5447927721287722,high prospective hazard,0.6923076923076923,0.0,2.378194633863072
2011-10-26,3.4,brasilia,"Brasília, Brazil",tropical savanna,0,204.00000000000003,10,2011,0–2,80.51935483870969,62.708403403517686,1.969124367059927,0.0,1,1,1,1,1,1,1,1,1,1,1,1,0.6385542168674698,0.7590361445783133,0.9060240963855422,0.9783132530120482,2.0,0.0,season-matched placebo,0.6,0.0,3.0
2011-10-26,2.0,london,"London, United Kingdom",temperate maritime,1,13.0,10,2011,0–2,55.27048387096774,29.11101390576616,-1.4520443708281496,1.4520443708281496,1,1,1,1,1,1,1,1,0,0,0,1,0.38213399503722084,0.6799007444168734,0.8660049627791563,0.9578163771712159,0.0,1.4760902526468296,random drought day,0.8461538461538461,0.0547892309391973,3.9036727394437842
2011-10-27,0.4,cape_town,"Cape Town, South Africa",Mediterranean winter-rainfall,7,19.799999999999997,10,2011,6–9,35.513225806451615,24.33572772403693,-0.645685470540966,0.645685470540966,0,1,1,1,0,1,1,1,0,0,0,0,0.20202020202020202,0.3838383838383838,0.6262626262626263,0.8080808080808081,6.0,0.6621222093365317,dry-spell threshold,0.5384615384615384,0.0,2.857063492751207
2011-10-27,2.2,darwin,"Darwin, Australia",tropical savanna / monsoon,1,58.3,10,2011,0–2,39.53387096774193,41.73645038000453,0.4496340455739549,0.0,1,1,1,1,1,1,1,1,1,1,1,1,0.48863636363636365,0.7215909090909091,0.8892045454545454,0.9715909090909091,0.0,0.0,season-matched placebo,0.8333333333333334,0.3038150985564624,9.076301971129247
2011-10-28,0.0,tokyo,"Tokyo, Japan",humid subtropical,2,149.90000000000006,10,2011,0–2,213.705,122.12749392753865,-0.5224458305666788,0.5224458305666788,0,1,1,1,0,1,1,1,0,0,0,1,0.3720430107526882,0.7118279569892473,0.9354838709677419,0.989247311827957,1.0,0.5224458305666788,random drought day,0.875,0.0,2.9048545185409766
2011-11-01,0.2,darwin,"Darwin, Australia",tropical savanna / monsoon,3,67.0,11,2011,3–5,124.88149999999999,77.89839455474686,-0.743038419865264,0.743038419865264,1,1,1,1,0,1,1,1,0,0,1,1,0.4444444444444444,0.8888888888888888,1.0,1.0,2.0,0.0,high prospective hazard,0.5,0.0,2.8135918550966577
2011-11-03,4.2,london,"London, United Kingdom",temperate maritime,0,20.6,11,2011,0–2,59.218666666666664,29.995154615196395,-1.2874968361423733,1.2874968361423733,1,1,1,1,1,1,1,1,1,1,1,1,0.39690721649484534,0.7371134020618557,0.8969072164948454,0.961340206185567,5.0,1.3441726566810255,high prospective hazard,0.7142857142857143,0.0,2.5022566760951976
2011-11-04,0.0,tokyo,"Tokyo, Japan",humid subtropical,4,146.00000000000003,11,2011,3–5,127.82533333333335,90.86569530095744,0.20001681169631877,0.0,1,1,1,1,1,1,1,1,1,1,1,1,0.2708333333333333,0.6319444444444444,0.8541666666666666,0.9861111111111112,3.0,0.0,random drought day,0.8888888888888888,0.005139473569204855,3.102789471384097
2011-11-12,0.2,london,"London, United Kingdom",temperate maritime,7,31.0,11,2011,6–9,59.218666666666664,29.995154615196395,-0.9407741693176767,0.9407741693176767,0,0,0,1,0,0,0,0,0,0,0,0,0.18181818181818182,0.41818181818181815,0.7818181818181819,0.9272727272727272,6.0,0.9341064257248941,dry-spell threshold,0.6666666666666666,0.0,2.7119704965682825
2011-11-14,0.3,tucson,"Tucson, United States",hot semi-arid / monsoonal,0,15.200000000000006,11,2011,0–2,15.756500000000011,21.924639277056514,-0.02538240164262889,0.02538240164262889,0,0,1,1,0,0,0,1,0,0,0,0,0.15841584158415842,0.32673267326732675,0.504950495049505,0.7425742574257426,5.0,0.29904710937986506,season-matched placebo,0.25,0.0,2.9997680820572974
2011-11-15,0.0,london,"London, United Kingdom",temperate maritime,10,31.2,11,2011,10–19,59.218666666666664,29.995154615196395,-0.9341064257248941,0.9341064257248941,0,0,1,1,0,0,0,1,0,0,0,0,0.3,0.675,0.925,0.975,9.0,0.9341064257248941,high prospective hazard,0.7333333333333333,0.0,2.7156532426113826
2011-11-18,0.0,brasilia,"Brasília, Brazil",tropical savanna,0,139.00000000000003,11,2011,0–2,181.40016666666668,77.34286898141298,-0.5482104197202233,0.5482104197202233,1,1,1,1,1,1,1,1,0,1,1,1,0.7877094972067039,0.9124767225325885,0.9851024208566108,1.0,0.0,0.4227948497039228,high prospective hazard,0.75,0.13760569623147423,6.279999774618373
2011-11-21,0.2,tucson,"Tucson, United States",hot semi-arid / monsoonal,7,15.600000000000007,11,2011,6–9,15.756500000000011,21.924639277056514,-0.007138087793479794,0.007138087793479794,0,0,1,1,0,0,1,1,0,0,0,1,0.02666666666666667,0.09333333333333334,0.3466666666666667,0.6,6.0,0.011699166255767047,dry-spell threshold,0.25,0.0,2.9999816572851072
2011-11-24,0.0,london,"London, United Kingdom",temperate maritime,19,27.7,11,2011,10–19,59.218666666666664,29.995154615196395,-1.05079193859859,1.05079193859859,0,0,1,1,0,0,1,1,0,0,1,1,0.3,0.675,0.925,0.975,18.0,0.9807806308743724,30-day deficit threshold,0.8,0.008635384785351197,2.881632361477963
2011-11-28,0.0,tucson,"Tucson, United States",hot semi-arid / monsoonal,2,17.900000000000006,11,2011,0–2,15.756500000000011,21.924639277056514,0.09776671683912735,0.0,0,1,1,1,0,0,1,1,0,0,1,1,0.15841584158415842,0.32673267326732675,0.504950495049505,0.7425742574257426,1.0,0.0,season-matched placebo,0.2222222222222222,0.0,3.0
2011-12-01,0.0,cape_town,"Cape Town, South Africa",Mediterranean winter-rainfall,7,23.099999999999998,12,2011,6–9,15.709032258064516,12.469926953350525,0.5927033710449775,0.0,0,0,1,1,0,0,1,1,0,0,0,0,0.1326530612244898,0.23469387755102042,0.40816326530612246,0.6224489795918368,6.0,0.2796679851829652,dry-spell threshold,0.5714285714285714,0.0,3.0
2011-12-01,0.0,mumbai,"Mumbai, India",tropical monsoon,2,2.9000000000000288,12,2011,0–2,8.210322580645165,22.833093699906243,-0.2325713129564629,0.2325713129564629,0,0,0,0,0,0,0,0,0,0,0,0,0.00825082508250825,0.019801980198019802,0.036303630363036306,0.066006600660066,1.0,0.639379488966479,season-matched placebo,0.75,0.42147230973461297,12.329641506735928
2011-12-02,7.9,tokyo,"Tokyo, Japan",humid subtropical,0,95.40000000000003,12,2011,0–2,77.44306451612907,50.27902436482055,0.3571456628429559,0.0,1,1,1,1,1,1,1,1,1,1,1,1,0.24161073825503357,0.4966442953020134,0.7315436241610739,0.9261744966442953,0.0,0.0,season-matched placebo,0.5714285714285714,0.0,3.0
2011-12-03,2.3,tucson,"Tucson, United States",hot semi-arid / monsoonal,0,24.000000000000007,12,2011,0–2,25.111129032258077,25.327839224007104,-0.043869870715417425,0.043869870715417425,1,1,1,1,1,1,1,1,1,1,1,1,0.16666666666666666,0.3563218390804598,0.6379310344827587,0.7873563218390804,6.0,0.26102222829935223,season-matched placebo,0.3,0.0,2.999307316373434
2011-12-04,0.0,tokyo,"Tokyo, Japan",humid subtropical,0,120.40000000000003,12,2011,0–2,77.44306451612907,50.27902436482055,0.8543709037028822,0.0,0,1,1,1,0,1,1,1,0,1,1,1,0.24161073825503357,0.4966442953020134,0.7315436241610739,0.9261744966442953,0.0,0.0,season-matched placebo,0.625,0.0,3.0
2011-12-06,0.0,mumbai,"Mumbai, India",tropical monsoon,7,2.9000000000000288,12,2011,6–9,8.210322580645165,22.833093699906243,-0.2325713129564629,0.2325713129564629,0,0,0,0,0,0,0,0,0,0,0,0,0.00825082508250825,0.019801980198019802,0.036303630363036306,0.066006600660066,6.0,0.2325713129564629,dry-spell threshold,0.4,0.071472309734613,4.566033394486577
2011-12-06,0.0,nairobi,"Nairobi, Kenya",subtropical highland / bimodal rainfall,2,131.5,12,2011,0–2,57.59387096774193,34.13512578169223,2.165104927543472,0.0,1,1,1,1,1,1,1,1,0,0,0,0,0.38292011019283745,0.6060606060606061,0.8126721763085399,0.9090909090909091,1.0,0.0,season-matched placebo,0.4166666666666667,0.0,3.0
2011-12-09,0.0,london,"London, United Kingdom",temperate maritime,0,14.0,12,2011,0–2,58.340161290322584,25.556611744344465,-1.7349780844925506,1.7349780844925506,0,1,1,1,0,1,1,1,0,1,1,1,0.42592592592592593,0.6904761904761905,0.8571428571428571,0.9682539682539683,4.0,1.7858455474021313,high prospective hazard,0.6875,0.0,2.203908761654673
2011-12-12,0.0,cape_town,"Cape Town, South Africa",Mediterranean winter-rainfall,0,18.9,12,2011,0–2,15.709032258064516,12.469926953350525,0.25589305806463497,0.0,1,1,1,1,1,1,1,1,0,0,0,0,0.0851063829787234,0.23404255319148937,0.44680851063829785,0.6666666666666666,3.0,0.0,season-matched placebo,0.5,0.0,3.0
2011-12-12,0.4,tucson,"Tucson, United States",hot semi-arid / monsoonal,7,24.300000000000008,12,2011,6–9,25.111129032258077,25.327839224007104,-0.032025196665384593,0.032025196665384593,1,1,1,1,1,1,1,1,1,1,1,1,0.189873417721519,0.3291139240506329,0.45569620253164556,0.569620253164557,6.0,0.032025196665384593,dry-spell threshold,0.3076923076923077,0.0,2.9996308246760073
2011-12-14,13.9,darwin,"Darwin, Australia",tropical savanna / monsoon,2,186.70000000000002,12,2011,0–2,235.83209677419353,95.03366235738179,-0.5169967730952879,0.5169967730952879,1,1,1,1,1,1,1,1,1,1,1,1,0.8347826086956521,0.9652173913043478,0.9982608695652174,1.0,1.0,0.16554236029578323,high prospective hazard,0.6666666666666666,0.13714843188979564,6.251508958710155
2011-12-15,0.0,nairobi,"Nairobi, Kenya",subtropical highland / bimodal rainfall,7,105.8,12,2011,6–9,57.59387096774193,34.13512578169223,1.412214776665993,0.0,1,1,1,1,0,0,0,1,0,0,0,0,0.234375,0.421875,0.546875,0.75,6.0,0.0,dry-spell threshold,0.7142857142857143,0.08596676635166245,4.719335327033249
2011-12-17,0.0,cape_town,"Cape Town, South Africa",Mediterranean winter-rainfall,2,14.499999999999998,12,2011,0–2,15.709032258064516,12.469926953350525,-0.0969558412481049,0.0969558412481049,1,1,1,1,0,1,1,1,0,0,0,0,0.0851063829787234,0.23404255319148937,0.44680851063829785,0.6666666666666666,1.0,0.0969558412481049,season-matched placebo,0.5454545454545454,0.0,2.9966196565491625
2011-12-19,2.7,tucson,"Tucson, United States",hot semi-arid / monsoonal,0,38.7,12,2011,0–2,25.111129032258077,25.327839224007104,0.53651915773619,0.0,0,0,1,1,0,0,0,0,0,0,0,0,0.16666666666666666,0.3563218390804598,0.6379310344827587,0.7873563218390804,3.0,0.0,season-matched placebo,0.36363636363636365,0.0,3.0
2011-12-20,0.0,nairobi,"Nairobi, Kenya",subtropical highland / bimodal rainfall,12,99.6,12,2011,10–19,57.59387096774193,34.13512578169223,1.230583689683877,0.0,0,0,1,1,0,0,0,1,0,0,0,0,0.06,0.12,0.4,0.94,11.0,0.0,random drought day,0.7,0.0716810520659481,4.433621041318962
2011-12-22,4.0,cape_town,"Cape Town, South Africa",Mediterranean winter-rainfall,2,12.899999999999999,12,2011,0–2,15.709032258064516,12.469926953350525,-0.225264531907283,0.225264531907283,0,0,0,1,0,0,0,0,0,0,0,0,0.0851063829787234,0.23404255319148937,0.44680851063829785,0.6666666666666666,1.0,0.22526453190728313,season-matched placebo,0.5833333333333334,0.0,2.981842685847405
2011-12-24,0.0,tokyo,"Tokyo, Japan",humid subtropical,7,56.60000000000004,12,2011,6–9,77.44306451612907,50.27902436482055,-0.41454791097164967,0.41454791097164967,1,1,1,1,0,0,0,0,0,0,0,0,0.17708333333333334,0.3854166666666667,0.7083333333333334,0.9375,6.0,0.38670329748349364,dry-spell threshold,0.8181818181818182,0.0,2.939384032882505
2011-12-27,0.0,tucson,"Tucson, United States",hot semi-arid / monsoonal,7,39.300000000000004,12,2011,6–9,25.111129032258077,25.327839224007104,0.5602085058362556,0.0,0,0,0,0,0,0,0,0,0,0,0,0,0.189873417721519,0.3291139240506329,0.45569620253164556,0.569620253164557,6.0,0.0,dry-spell threshold,0.35714285714285715,0.0,3.0
2011-12-28,0.1,tokyo,"Tokyo, Japan",humid subtropical,11,56.80000000000004,12,2011,10–19,77.44306451612907,50.27902436482055,-0.4105701090447702,0.4105701090447702,0,0,1,1,0,0,0,0,0,0,0,0,0.208955223880597,0.44776119402985076,0.6865671641791045,0.9104477611940298,10.0,0.4105701090447702,random drought day,0.9,0.016250584680316038,3.324483624207389
2011-12-29,0.0,nairobi,"Nairobi, Kenya",subtropical highland / bimodal rainfall,0,36.9,12,2011,0–2,57.59387096774193,34.13512578169223,-0.6062339157642923,0.6062339157642923,0,0,0,1,0,0,0,0,0,0,0,0,0.38292011019283745,0.6060606060606061,0.8126721763085399,0.9090909090909091,20.0,0.42753236244317844,high prospective hazard,0.8333333333333334,0.20501438539928152,7.990743882770283
2011-12-30,0.0,cape_town,"Cape Town, South Africa",Mediterranean winter-rainfall,7,15.599999999999998,12,2011,6–9,15.709032258064516,12.469926953350525,-0.008743616419919968,0.008743616419919968,0,1,1,1,0,0,0,1,0,0,0,0,0.1326530612244898,0.23469387755102042,0.40816326530612246,0.6224489795918368,6.0,0.008743616419919968,dry-spell threshold,0.6,0.0,2.999972477954375
2012-01-05,0.0,nairobi,"Nairobi, Kenya",subtropical highland / bimodal rainfall,7,7.7,1,2012,6–9,38.80621848739496,39.3988033067764,-0.7895219112415235,0.7895219112415235,0,1,1,1,0,0,0,0,0,0,0,0,0.14130434782608695,0.2608695652173913,0.40217391304347827,0.5543478260869565,6.0,0.7793693186136351,dry-spell threshold,0.6666666666666666,0.03834771873261478,3.786483796376583
2012-01-06,0.0,london,"London, United Kingdom",temperate maritime,1,75.10000000000001,1,2012,0–2,54.43781512605042,29.21881165985792,0.7071534980437347,0.0,1,1,1,1,0,0,0,1,0,0,0,0,0.37755102040816324,0.6938775510204082,0.8596938775510204,0.9693877551020408,0.0,0.0,season-matched placebo,0.7272727272727273,0.0,3.0
2012-01-06,0.0,tokyo,"Tokyo, Japan",humid subtropical,20,12.100000000000042,1,2012,20+,56.298487394958,37.50707562065987,-1.178403985476604,1.178403985476604,0,0,1,1,0,0,0,1,0,0,0,1,0.23225806451612904,0.49838709677419357,0.7709677419354839,0.9548387096774194,19.0,0.8664628435349664,30-day deficit threshold,0.8333333333333334,0.0,2.5714954721341106
2012-01-10,0.0,darwin,"Darwin, Australia",tropical savanna / monsoon,1,293.4,1,2012,0–2,372.3450420168067,155.95621003757034,-0.506200054475475,0.506200054475475,1,1,1,1,1,1,1,1,0,0,1,1,0.9016393442622951,0.9852459016393442,1.0,1.0,0.0,0.48696388555807635,high prospective hazard,0.75,0.220481765223129,8.271380586416429
2012-01-12,0.0,london,"London, United Kingdom",temperate maritime,7,60.300000000000004,1,2012,6–9,54.43781512605042,29.21881165985792,0.20063050277993724,0.0,0,0,1,1,0,0,1,1,0,0,0,1,0.1746031746031746,0.42857142857142855,0.746031746031746,0.9682539682539683,6.0,0.0,dry-spell threshold,0.625,0.0,3.0
2012-01-14,23.9,darwin,"Darwin, Australia",tropical savanna / monsoon,0,288.2,1,2012,0–2,372.3450420168067,155.95621003757034,-0.5395427472656324,0.5395427472656324,1,1,1,1,1,1,1,1,0,1,1,1,0.9016393442622951,0.9852459016393442,1.0,1.0,0.0,0.4792694179911166,high prospective hazard,0.8,0.27048176522312906,9.535885212901205
2012-01-16,8.9,darwin,"Darwin, Australia",tropical savanna / monsoon,0,285.2,1,2012,0–2,372.3450420168067,155.95621003757034,-0.5587789161830311,0.5587789161830311,1,1,1,1,1,1,1,1,1,1,1,1,0.9016393442622951,0.9852459016393442,1.0,1.0,0.0,0.46388048285719785,high prospective hazard,0.8333333333333334,0.3038150985564624,10.38485621563531
2012-01-18,0.0,tucson,"Tucson, United States",hot semi-arid / monsoonal,1,12.900000000000006,1,2012,0–2,30.94554621848741,34.211305053009895,-0.5274731902371484,0.5274731902371484,0,0,0,0,0,0,0,0,0,0,0,0,0.18848167539267016,0.36649214659685864,0.6649214659685864,0.8272251308900523,0.0,0.4310138474881156,high prospective hazard,0.42857142857142855,0.007639665876615742,3.0899260460343854
2012-01-21,0.0,cape_town,"Cape Town, South Africa",Mediterranean winter-rainfall,7,5.899999999999999,1,2012,6–9,13.84655462184874,12.698939511184065,-0.625765215658374,0.625765215658374,1,1,1,1,0,1,1,1,0,0,0,0,0.1271186440677966,0.2796610169491525,0.3389830508474576,0.5677966101694916,6.0,0.625765215658374,dry-spell threshold,0.5625,0.0,2.8653572835553938
2012-01-21,0.0,london,"London, United Kingdom",temperate maritime,1,39.599999999999994,1,2012,0–2,54.43781512605042,29.21881165985792,-0.5078172000552391,0.5078172000552391,0,1,1,1,0,1,1,1,0,1,1,1,0.37755102040816324,0.6938775510204082,0.8596938775510204,0.9693877551020408,0.0,0.43936814664121243,high prospective hazard,0.7058823529411765,0.0,2.90995042861786
2012-01-24,0.0,tucson,"Tucson, United States",hot semi-arid / monsoonal,7,9.900000000000006,1,2012,6–9,30.94554621848741,34.211305053009895,-0.6151635018271783,0.6151635018271783,0,0,0,0,0,0,0,0,0,0,0,0,0.225,0.3625,0.55,0.8,6.0,0.6151635018271783,dry-spell threshold,0.3333333333333333,0.0,2.8696843724622587
2012-01-26,5.7,brasilia,"Brasília, Brazil",tropical savanna,0,199.6,1,2012,0–2,238.4326050420168,65.85281015382101,-0.5896878956465247,0.5896878956465247,1,1,1,1,1,1,1,1,1,1,1,1,0.8050089445438283,0.9159212880143113,0.9838998211091234,0.9964221824686941,0.0,0.4606121587091725,high prospective hazard,0.8,0.18760569623147427,7.543623078151867
2012-01-31,0.0,tokyo,"Tokyo, Japan",humid subtropical,7,46.200000000000045,1,2012,6–9,56.298487394958,37.50707562065987,-0.26924219571507857,0.26924219571507857,1,1,1,1,0,0,1,1,0,0,1,1,0.21568627450980393,0.46078431372549017,0.7941176470588235,0.9803921568627451,6.0,0.26924219571507857,dry-spell threshold,0.75,0.0,2.9741281685265086
2012-02-01,0.2,tokyo,"Tokyo, Japan",humid subtropical,8,45.50000000000004,2,2012,6–9,65.73982300884958,35.926938123744165,-0.5633606442925069,0.5633606442925069,0,0,1,1,0,0,1,1,0,0,1,1,0.3132530120481928,0.5662650602409639,0.9156626506024096,1.0,7.0,0.26924219571507857,random drought day,0.8181818181818182,0.0,2.889936686546067
2012-02-01,0.0,tucson,"Tucson, United States",hot semi-arid / monsoonal,15,9.900000000000006,2,2012,10–19,30.121769911504437,27.801130207843915,-0.7273722240903352,0.7273722240903352,0,0,1,1,0,0,0,1,0,0,0,1,0.1509433962264151,0.3490566037735849,0.6037735849056604,0.8207547169811321,14.0,0.6151635018271783,high prospective hazard,0.375,0.0,2.8209051276130235
2012-02-03,0.0,london,"London, United Kingdom",temperate maritime,7,19.9,2,2012,6–9,45.498407079646014,27.221080971026016,-0.9403890722375365,0.9403890722375365,1,1,1,1,1,1,1,1,0,1,1,1,0.0847457627118644,0.2542372881355932,0.6779661016949152,0.9830508474576272,6.0,0.6207838365284831,dry-spell threshold,0.6470588235294118,0.0,2.7121836345027215
2012-02-04,3.6,london,"London, United Kingdom",temperate maritime,8,17.5,2,2012,6–9,45.498407079646014,27.221080971026016,-1.0285560338124478,1.0285560338124478,1,1,1,1,1,1,1,1,1,1,1,1,0.0847457627118644,0.2542372881355932,0.6779661016949152,0.9830508474576272,7.0,0.9403890722375365,30-day deficit threshold,0.8333333333333334,0.04196871811868452,3.789911896117778
2012-02-05,5.7,london,"London, United Kingdom",temperate maritime,0,20.4,2,2012,0–2,45.498407079646014,27.221080971026016,-0.9220209552427634,0.9220209552427634,1,1,1,1,1,1,1,1,0,0,0,0,0.39143730886850153,0.6972477064220184,0.8746177370030581,0.944954128440367,8.0,1.0285560338124478,high prospective hazard,0.7222222222222222,0.0,2.722286693310614
2012-02-07,0.9,cape_town,"Cape Town, South Africa",Mediterranean winter-rainfall,7,6.299999999999999,2,2012,6–9,11.802123893805309,12.848555776895664,-0.42822897680837063,0.42822897680837063,0,0,1,1,0,0,1,1,0,0,0,0,0.06329113924050633,0.17721518987341772,0.35443037974683544,0.5063291139240507,6.0,0.42822897680837063,dry-spell threshold,0.5882352941176471,0.0,2.9354046397303106
2012-02-07,0.0,nairobi,"Nairobi, Kenya",subtropical highland / bimodal rainfall,40,0.5,2,2012,20+,32.5141592920354,40.980944947675,-0.7811962201679706,0.7811962201679706,0,0,1,1,0,0,0,1,0,0,0,0,0.1111111111111111,0.24786324786324787,0.48717948717948717,0.7264957264957265,39.0,0.7811962201679706,random drought day,0.6363636363636364,0.008044688429584501,3.003766434237891
2012-02-09,3.4,brasilia,"Brasília, Brazil",tropical savanna,6,176.6,2,2012,6–9,233.41380530973456,101.62431886591932,-0.5590571818217382,0.5590571818217382,1,1,1,1,1,1,1,1,1,1,1,1,0.7539823008849558,0.8973451327433628,0.9964601769911504,1.0,5.0,0.43211906165563946,high prospective hazard,0.8333333333333334,0.2209390295648076,8.341119160480535
2012-02-16,0.0,tucson,"Tucson, United States",hot semi-arid / monsoonal,1,7.500000000000007,2,2012,0–2,30.121769911504437,27.801130207843915,-0.8136996497042354,0.8136996497042354,1,1,1,1,1,1,1,1,0,0,0,0,0.22099447513812154,0.43646408839779005,0.6077348066298343,0.856353591160221,0.0,0.47558389938312623,high prospective hazard,0.3333333333333333,0.0,2.7791857585955047
2012-02-17,0.0,london,"London, United Kingdom",temperate maritime,7,29.5,2,2012,6–9,45.498407079646014,27.221080971026016,-0.5877212259378913,0.5877212259378913,1,1,1,1,1,1,1,1,0,0,0,0,0.0847457627118644,0.2542372881355932,0.6779661016949152,0.9830508474576272,6.0,0.5877212259378913,dry-spell threshold,0.6666666666666666,0.0,2.8805993064361104
2012-02-19,0.0,cape_town,"Cape Town, South Africa",Mediterranean winter-rainfall,7,7.199999999999998,2,2012,6–9,11.802123893805309,12.848555776895664,-0.3581821936813219,0.3581821936813219,1,1,1,1,0,0,0,0,0,0,0,0,0.06329113924050633,0.17721518987341772,0.35443037974683544,0.5063291139240507,6.0,0.3581821936813219,dry-spell threshold,0.6111111111111112,0.0,2.9545142542397613
2012-02-19,0.0,london,"London, United Kingdom",temperate maritime,0,28.6,2,2012,0–2,45.498407079646014,27.221080971026016,-0.620783836528483,0.620783836528483,0,1,1,1,0,0,0,1,0,0,0,1,0.39143730886850153,0.6972477064220184,0.8746177370030581,0.944954128440367,8.0,0.6060893429326645,high prospective hazard,0.7368421052631579,0.0,2.8673980143752416
2012-02-20,0.0,brasilia,"Brasília, Brazil",tropical savanna,0,182.0,2,2012,0–2,233.41380530973456,101.62431886591932,-0.505920294310348,0.505920294310348,0,1,1,1,0,1,1,1,0,1,1,1,0.7727272727272727,0.8992094861660079,0.9960474308300395,1.0,0.0,0.41834283156009383,high prospective hazard,0.8571428571428571,0.24474855337433132,8.861040003748089
2012-02-24,0.0,tucson,"Tucson, United States",hot semi-arid / monsoonal,6,10.100000000000007,2,2012,6–9,30.121769911504437,27.801130207843915,-0.7201782719558434,0.7201782719558434,0,0,1,1,0,0,0,0,0,0,0,0,0.17582417582417584,0.3626373626373626,0.6153846153846154,0.8351648351648352,5.0,0.7201782719558434,high prospective hazard,0.4,0.0,2.8242236811491552
2012-02-25,11.4,darwin,"Darwin, Australia",tropical savanna / monsoon,0,338.2,2,2012,0–2,399.70690265486724,117.59011199112142,-0.5230618596528873,0.5230618596528873,1,1,1,1,1,1,1,1,1,1,1,1,0.9537366548042705,0.994661921708185,1.0,1.0,0.0,0.33512088718686334,high prospective hazard,0.8571428571428571,0.3276246223659861,10.908047121332533
2012-02-25,0.0,tucson,"Tucson, United States",hot semi-arid / monsoonal,7,10.100000000000007,2,2012,6–9,30.121769911504437,27.801130207843915,-0.7201782719558434,0.7201782719558434,0,1,1,1,0,0,0,0,0,0,0,0,0.17582417582417584,0.3626373626373626,0.6153846153846154,0.8351648351648352,6.0,0.7201782719558434,dry-spell threshold,0.3125,0.0,2.8242236811491552
2012-02-25,0.0,tucson,"Tucson, United States",hot semi-arid / monsoonal,7,10.100000000000007,2,2012,6–9,30.121769911504437,27.801130207843915,-0.7201782719558434,0.7201782719558434,0,1,1,1,0,0,0,0,0,0,0,0,0.17582417582417584,0.3626373626373626,0.6153846153846154,0.8351648351648352,6.0,0.7201782719558434,random drought day,0.375,0.0,2.8242236811491552
2012-02-26,0.0,london,"London, United Kingdom",temperate maritime,7,17.7,2,2012,6–9,45.498407079646014,27.221080971026016,-1.0212087870145385,1.0212087870145385,1,1,1,1,1,1,1,1,0,0,1,1,0.0847457627118644,0.2542372881355932,0.6779661016949152,0.9830508474576272,6.0,0.8742638510563531,30-day deficit threshold,0.8571428571428571,0.06577824192820825,4.432586088623734
2012-02-26,0.0,london,"London, United Kingdom",temperate maritime,7,17.7,2,2012,6–9,45.498407079646014,27.221080971026016,-1.0212087870145385,1.0212087870145385,1,1,1,1,1,1,1,1,0,0,1,1,0.0847457627118644,0.2542372881355932,0.6779661016949152,0.9830508474576272,6.0,0.8742638510563531,dry-spell threshold,0.6842105263157895,0.0,2.666325172268272
2012-02-28,0.3,brasilia,"Brasília, Brazil",tropical savanna,2,174.90000000000003,2,2012,0–2,233.41380530973456,101.62431886591932,-0.5757854612234717,0.5757854612234717,1,1,1,1,0,0,0,1,0,0,0,1,0.7727272727272727,0.8992094861660079,0.9960474308300395,1.0,1.0,0.41735881512469747,high prospective hazard,0.875,0.26260569623147423,9.390569909363148
2012-02-28,0.0,london,"London, United Kingdom",temperate maritime,0,18.4,2,2012,0–2,45.498407079646014,27.221080971026016,-0.9954934232218561,0.9954934232218561,0,0,1,1,0,0,1,1,0,0,1,1,0.39143730886850153,0.6972477064220184,0.8746177370030581,0.944954128440367,8.0,1.0505977742061756,high prospective hazard,0.7,0.0,2.68115477222892
2012-03-01,0.0,london,"London, United Kingdom",temperate maritime,2,18.4,3,2012,0–2,43.66516129032258,22.75797034071517,-1.1101675989585909,1.1101675989585909,0,1,1,1,0,1,1,1,0,1,1,1,0.4197860962566845,0.6764705882352942,0.8181818181818182,0.9278074866310161,1.0,0.9954934232218561,30-day deficit threshold,0.875,0.08363538478535115,4.879533911350511
2012-03-03,0.0,brasilia,"Brasília, Brazil",tropical savanna,6,132.70000000000002,3,2012,6–9,215.29435483870967,72.0131469131794,-1.1469343915533532,1.1469343915533532,0,1,1,1,0,0,1,1,0,0,0,1,0.7241935483870968,0.8725806451612903,0.9596774193548387,0.9935483870967742,5.0,0.9719663400225567,30-day deficit threshold,0.42857142857142855,0.0,2.5909979648900405
2012-03-03,0.0,brasilia,"Brasília, Brazil",tropical savanna,6,132.70000000000002,3,2012,6–9,215.29435483870967,72.0131469131794,-1.1469343915533532,1.1469343915533532,0,1,1,1,0,0,1,1,0,0,0,1,0.7241935483870968,0.8725806451612903,0.9596774193548387,0.9935483870967742,5.0,0.9719663400225567,high prospective hazard,0.7777777777777778,0.16538347400925202,7.0859557380462315
2012-03-04,0.0,brasilia,"Brasília, Brazil",tropical savanna,7,127.2,3,2012,6–9,215.29435483870967,72.0131469131794,-1.2233093346818757,1.2233093346818757,0,1,1,1,0,0,1,1,0,0,1,1,0.7241935483870968,0.8725806451612903,0.9596774193548387,0.9935483870967742,6.0,1.1469343915533532,dry-spell threshold,0.2,0.0,2.543281808464497
2012-03-07,0.0,nairobi,"Nairobi, Kenya",subtropical highland / bimodal rainfall,0,40.4,3,2012,0–2,34.05548387096774,29.879996154646307,0.21233323110872263,0.0,0,0,0,1,0,0,0,1,0,0,0,0,0.42948717948717946,0.6538461538461539,0.8653846153846154,0.9711538461538461,1.0,0.0,season-matched placebo,0.46153846153846156,0.0,3.0
2012-03-14,0.0,nairobi,"Nairobi, Kenya",subtropical highland / bimodal rainfall,7,40.0,3,2012,6–9,34.05548387096774,29.879996154646307,0.19894634852916115,0.0,0,0,1,1,0,0,1,1,0,0,0,0,0.296875,0.546875,0.765625,0.9375,6.0,0.0,dry-spell threshold,0.625,0.0,3.0
2012-03-15,0.0,london,"London, United Kingdom",temperate maritime,7,21.900000000000002,3,2012,6–9,43.66516129032258,22.75797034071517,-0.9563753254121962,0.9563753254121962,0,1,1,1,0,1,1,1,0,1,1,1,0.1643835616438356,0.4246575342465753,0.7123287671232876,0.8767123287671232,6.0,0.9344050006198541,dry-spell threshold,0.7,0.0,2.7032909690971794
2012-03-16,0.0,tucson,"Tucson, United States",hot semi-arid / monsoonal,27,3.3000000000000074,3,2012,20+,26.86919354838711,20.47341795216967,-1.1512095148670258,1.1512095148670258,0,1,1,1,0,1,1,1,0,1,1,1,0.11627906976744186,0.29069767441860467,0.5930232558139535,0.7093023255813954,26.0,0.8239559016377815,30-day deficit threshold,0.25,0.0,2.5883623739404515
2012-03-19,6.4,tucson,"Tucson, United States",hot semi-arid / monsoonal,0,8.200000000000006,3,2012,0–2,26.86919354838711,20.47341795216967,-0.9118747828038472,0.9118747828038472,1,1,1,1,1,1,1,1,0,0,0,0,0.15789473684210525,0.2807017543859649,0.49707602339181284,0.6140350877192983,29.0,1.160978279441033,random drought day,0.3333333333333333,0.0,2.727813641951425
2012-03-23,0.0,london,"London, United Kingdom",temperate maritime,4,26.599999999999998,3,2012,3–5,43.66516129032258,22.75797034071517,-0.7498542723641809,0.7498542723641809,0,0,0,1,0,0,0,1,0,0,0,1,0.24299065420560748,0.4205607476635514,0.6635514018691588,0.8598130841121495,3.0,0.7498542723641809,random drought day,0.8571428571428571,0.06577824192820825,4.5048467924963935
2012-03-24,0.0,brasilia,"Brasília, Brazil",tropical savanna,0,218.8,3,2012,0–2,215.29435483870967,72.0131469131794,0.048680627240423574,0.0,1,1,1,1,1,1,1,1,0,0,0,1,0.7554744525547445,0.8886861313868614,0.968978102189781,0.9927007299270073,0.0,0.0,season-matched placebo,0.6666666666666666,0.05427236289814086,4.085447257962818
2012-03-26,0.0,london,"London, United Kingdom",temperate maritime,7,25.7,3,2012,6–9,43.66516129032258,22.75797034071517,-0.7894008569903965,0.7894008569903965,0,0,0,1,0,0,0,1,0,0,0,1,0.1643835616438356,0.4246575342465753,0.7123287671232876,0.8767123287671232,6.0,0.7894008569903965,dry-spell threshold,0.7142857142857143,0.0,2.7912729478224096
2012-03-26,0.0,london,"London, United Kingdom",temperate maritime,7,25.7,3,2012,6–9,43.66516129032258,22.75797034071517,-0.7894008569903965,0.7894008569903965,0,0,0,1,0,0,0,1,0,0,0,1,0.1643835616438356,0.4246575342465753,0.7123287671232876,0.8767123287671232,6.0,0.7894008569903965,random drought day,0.8,0.008635384785351197,3.0153893675381376
2012-03-28,0.0,tucson,"Tucson, United States",hot semi-arid / monsoonal,7,15.900000000000007,3,2012,6–9,26.86919354838711,20.47341795216967,-0.5357773467045663,0.5357773467045663,0,0,0,0,0,0,0,0,0,0,0,0,0.12149532710280374,0.2336448598130841,0.411214953271028,0.5514018691588785,6.0,0.5357773467045663,dry-spell threshold,0.29411764705882354,0.0,2.90010057248708
2012-03-29,0.0,nairobi,"Nairobi, Kenya",subtropical highland / bimodal rainfall,7,23.2,3,2012,6–9,34.05548387096774,29.879996154646307,-0.36330271981242296,0.36330271981242296,0,1,1,1,0,0,1,1,0,0,0,0,0.296875,0.546875,0.765625,0.9375,6.0,0.3599559991675325,dry-spell threshold,0.6470588235294118,0.018739875595359945,3.38919959618214
2012-04-01,0.0,nairobi,"Nairobi, Kenya",subtropical highland / bimodal rainfall,10,17.5,4,2012,10–19,73.29916666666666,43.25617656077162,-1.2899699211342246,1.2899699211342246,0,1,1,1,0,0,1,1,0,0,0,0,0.6166666666666667,0.8683333333333333,0.9716666666666667,0.9883333333333333,9.0,0.3833830436817653,30-day deficit threshold,0.8,0.1716810520659482,7.20878534131083
2012-04-01,0.0,nairobi,"Nairobi, Kenya",subtropical highland / bimodal rainfall,10,17.5,4,2012,10–19,73.29916666666666,43.25617656077162,-1.2899699211342246,1.2899699211342246,0,1,1,1,0,0,1,1,0,0,0,0,0.6166666666666667,0.8683333333333333,0.9716666666666667,0.9883333333333333,9.0,0.3833830436817653,high prospective hazard,0.7142857142857143,0.08596676635166245,4.858185264268055
2012-04-03,0.0,mumbai,"Mumbai, India",tropical monsoon,126,0.0,4,2012,20+,0.29383333333333367,0.8885350094362512,-0.330694154099524,0.330694154099524,0,0,0,0,0,0,0,0,0,0,0,0,0.0034542314335060447,0.0069084628670120895,0.02072538860103627,0.05699481865284974,125.0,0.330694154099524,random drought day,0.2857142857142857,0.0,2.9611408455570736
2012-04-04,1.8,london,"London, United Kingdom",temperate maritime,0,16.6,4,2012,0–2,46.335166666666666,27.704570357072942,-1.0732946327418975,1.0732946327418975,0,0,1,1,0,0,1,1,0,0,1,1,0.4583333333333333,0.6861111111111111,0.8694444444444445,0.9583333333333334,15.0,0.7989716635694221,30-day deficit threshold,0.8888888888888888,0.09752427367423999,5.268864820811069
2012-04-04,1.8,london,"London, United Kingdom",temperate maritime,0,16.6,4,2012,0–2,46.335166666666666,27.704570357072942,-1.0732946327418975,1.0732946327418975,0,0,1,1,0,0,1,1,0,0,1,1,0.4583333333333333,0.6861111111111111,0.8694444444444445,0.9583333333333334,15.0,0.7989716635694221,high prospective hazard,0.7142857142857143,0.0,2.6356587523541193
2012-04-05,1.4,nairobi,"Nairobi, Kenya",subtropical highland / bimodal rainfall,14,5.5,4,2012,10–19,73.29916666666666,43.25617656077162,-1.5673869504257738,1.5673869504257738,1,1,1,1,0,1,1,1,0,0,0,1,0.6166666666666667,0.8683333333333333,0.9716666666666667,0.9883333333333333,13.0,1.5512042903837666,random drought day,0.5833333333333334,0.0,2.3169525928086196
2012-04-07,17.7,cape_town,"Cape Town, South Africa",Mediterranean winter-rainfall,7,22.299999999999997,4,2012,6–9,24.096833333333333,28.520224613284682,-0.06300207511326446,0.06300207511326446,1,1,1,1,1,1,1,1,0,0,0,0,0.08928571428571429,0.3125,0.7857142857142857,0.9464285714285714,6.0,0.06650835885948075,dry-spell threshold,0.5789473684210527,0.0,2.9985717461648616
2012-04-09,9.4,london,"London, United Kingdom",temperate maritime,0,16.3,4,2012,0–2,46.335166666666666,27.704570357072942,-1.0841231709987058,1.0841231709987058,1,1,1,1,0,1,1,1,0,0,0,1,0.4583333333333333,0.6861111111111111,0.8694444444444445,0.9583333333333334,3.0,1.1310468367782083,high prospective hazard,0.7272727272727273,0.0,2.6291832402412183
2012-04-09,0.0,tokyo,"Tokyo, Japan",humid subtropical,5,67.70000000000005,4,2012,3–5,116.1426666666667,43.41530714367366,-1.115796935545245,1.115796935545245,0,1,1,1,0,1,1,1,0,1,1,1,0.4566929133858268,0.7480314960629921,0.9763779527559056,1.0,4.0,0.38563971484205783,30-day deficit threshold,0.7142857142857143,0.0,2.610056657900812
2012-04-09,0.0,tokyo,"Tokyo, Japan",humid subtropical,5,67.70000000000005,4,2012,3–5,116.1426666666667,43.41530714367366,-1.115796935545245,1.115796935545245,0,1,1,1,0,1,1,1,0,1,1,1,0.4566929133858268,0.7480314960629921,0.9763779527559056,1.0,4.0,0.38563971484205783,high prospective hazard,0.8571428571428571,0.0,2.610056657900812
2012-04-10,0.0,darwin,"Darwin, Australia",tropical savanna / monsoon,2,225.4,4,2012,0–2,181.1625,124.65235065823825,0.3548870098830853,0.0,0,0,1,1,0,0,0,1,0,0,0,1,0.4807692307692308,0.6121794871794872,0.7275641025641025,0.8012820512820513,1.0,0.0,season-matched placebo,0.8571428571428571,0.3276246223659861,9.552492447319722
2012-04-11,21.9,tokyo,"Tokyo, Japan",humid subtropical,7,62.20000000000004,4,2012,6–9,116.1426666666667,43.41530714367366,-1.2424803650047889,1.2424803650047889,0,1,1,1,0,1,1,1,0,1,1,1,0.4642857142857143,0.75,1.0,1.0,6.0,1.235570359761541,dry-spell threshold,0.7692307692307693,0.0,2.531109668790143
2012-04-15,0.0,darwin,"Darwin, Australia",tropical savanna / monsoon,7,134.4,4,2012,6–9,181.1625,124.65235065823825,-0.3751433467003734,0.3751433467003734,0,1,1,1,0,0,1,1,0,0,1,1,0.14606741573033707,0.3258426966292135,0.5280898876404494,0.6292134831460674,6.0,0.32620724587444927,dry-spell threshold,0.6,0.07048176522312899,4.596419074777722
2012-04-16,0.0,tucson,"Tucson, United States",hot semi-arid / monsoonal,1,17.400000000000006,4,2012,0–2,13.29966666666668,12.691907161700495,0.323066760660417,0.0,0,0,0,1,0,0,0,1,0,0,0,0,0.0958904109589041,0.1506849315068493,0.1917808219178082,0.2876712328767123,0.0,0.0,season-matched placebo,0.3333333333333333,0.0,3.0
2012-04-17,0.0,cape_town,"Cape Town, South Africa",Mediterranean winter-rainfall,2,43.199999999999996,4,2012,0–2,24.096833333333333,28.520224613284682,0.6698112278459558,0.0,0,0,0,1,0,0,0,1,0,0,0,1,0.20192307692307693,0.35096153846153844,0.5432692307692307,0.8798076923076923,1.0,0.0,season-matched placebo,0.5384615384615384,0.0,3.0
2012-04-18,6.1,london,"London, United Kingdom",temperate maritime,0,30.900000000000002,4,2012,0–2,46.335166666666666,27.704570357072942,-0.5571343091673712,0.5571343091673712,1,1,1,1,1,1,1,1,0,0,1,1,0.4583333333333333,0.6861111111111111,0.8694444444444445,0.9583333333333334,4.0,0.6582006662309148,high prospective hazard,0.7391304347826086,0.0,2.892269228338655
2012-04-18,27.5,nairobi,"Nairobi, Kenya",subtropical highland / bimodal rainfall,0,43.4,4,2012,0–2,73.29916666666666,43.25617656077162,-0.6912114995799645,0.6912114995799645,1,1,1,1,1,1,1,1,1,1,1,1,0.650390625,0.88671875,0.9765625,0.9921875,2.0,1.1397023636013022,random drought day,0.6153846153846154,0.0,2.837328037775774
2012-04-20,0.0,brasilia,"Brasília, Brazil",tropical savanna,1,79.10000000000001,4,2012,0–2,161.05316666666667,70.38656954224601,-1.1643296043498523,1.1643296043498523,0,1,1,1,0,0,1,1,0,0,1,1,0.5721649484536082,0.7139175257731959,0.8195876288659794,0.865979381443299,0.0,0.912861176280255,30-day deficit threshold,0.5,0.0,2.5802465019795124
2012-04-22,0.0,cape_town,"Cape Town, South Africa",Mediterranean winter-rainfall,7,43.099999999999994,4,2012,6–9,24.096833333333333,28.520224613284682,0.6663049440997394,0.0,0,1,1,1,0,1,1,1,0,0,1,1,0.08928571428571429,0.3125,0.7857142857142857,0.9464285714285714,6.0,0.0,dry-spell threshold,0.6,0.0,3.0
2012-04-22,0.0,tucson,"Tucson, United States",hot semi-arid / monsoonal,7,2.000000000000007,4,2012,6–9,13.29966666666668,12.691907161700495,-0.8903048629889846,0.8903048629889846,0,0,1,1,0,0,1,1,0,0,0,0,0.025974025974025976,0.06493506493506493,0.12987012987012986,0.22077922077922077,6.0,0.8903048629889846,dry-spell threshold,0.2777777777777778,0.0,2.739432995910132
2012-04-24,4.2,darwin,"Darwin, Australia",tropical savanna / monsoon,0,56.5,4,2012,0–2,181.1625,124.65235065823825,-1.0000814211822573,1.0000814211822573,0,0,0,1,0,0,0,1,0,0,0,1,0.4807692307692308,0.6121794871794872,0.7275641025641025,0.8012820512820513,0.0,0.7441696807975063,30-day deficit threshold,0.5,0.0,2.6785246933873372
2012-04-26,8.7,tokyo,"Tokyo, Japan",humid subtropical,2,105.40000000000005,4,2012,0–2,116.1426666666667,43.41530714367366,-0.24743960997710085,0.24743960997710085,1,1,1,1,1,1,1,1,1,1,1,1,0.33031674208144796,0.7036199095022625,0.9524886877828054,1.0,1.0,0.24743960997710085,season-matched placebo,0.6666666666666666,0.0,2.978119271474129
2012-04-27,5.8,brasilia,"Brasília, Brazil",tropical savanna,1,56.600000000000016,4,2012,0–2,161.05316666666667,70.38656954224601,-1.4839928603705268,1.4839928603705268,1,1,1,1,0,0,0,0,0,0,0,0,0.5721649484536082,0.7139175257731959,0.8195876288659794,0.865979381443299,0.0,1.4839928603705268,random drought day,0.5555555555555556,0.0,2.3729142710443907
2012-04-28,0.0,darwin,"Darwin, Australia",tropical savanna / monsoon,3,43.900000000000006,4,2012,3–5,181.1625,124.65235065823825,-1.1011625474784286,1.1011625474784286,0,0,1,1,0,0,1,1,0,0,1,1,0.15178571428571427,0.30357142857142855,0.5267857142857143,0.6428571428571429,2.0,0.9663877124168668,30-day deficit threshold,0.3333333333333333,0.0,2.618927517966648
2012-04-29,0.0,cape_town,"Cape Town, South Africa",Mediterranean winter-rainfall,0,51.599999999999994,4,2012,0–2,24.096833333333333,28.520224613284682,0.9643390625281304,0.0,1,1,1,1,1,1,1,1,1,1,1,1,0.20192307692307693,0.35096153846153844,0.5432692307692307,0.8798076923076923,1.0,0.0,season-matched placebo,0.5,0.0,3.0
2012-04-30,12.0,cape_town,"Cape Town, South Africa",Mediterranean winter-rainfall,1,49.8,4,2012,0–2,24.096833333333333,28.520224613284682,0.9012259550962359,0.0,1,1,1,1,0,1,1,1,0,1,1,1,0.20192307692307693,0.35096153846153844,0.5432692307692307,0.8798076923076923,0.0,0.0,season-matched placebo,0.5333333333333333,0.0,3.0
2012-05-01,0.1,cape_town,"Cape Town, South Africa",Mediterranean winter-rainfall,0,61.8,5,2012,0–2,43.471774193548384,31.93177389758018,0.5739808212734634,0.0,0,1,1,1,0,1,1,1,0,1,1,1,0.2743682310469314,0.5234657039711191,0.776173285198556,0.9638989169675091,1.0,0.0,season-matched placebo,0.5625,0.0,3.0
2012-05-02,8.7,darwin,"Darwin, Australia",tropical savanna / monsoon,7,35.400000000000006,5,2012,6–9,39.95,59.091811180795744,-0.07699882452543107,0.07699882452543107,1,1,1,1,1,1,1,1,0,0,1,1,0.038461538461538464,0.07692307692307693,0.20512820512820512,0.38461538461538464,6.0,0.07699882452543107,dry-spell threshold,0.6666666666666666,0.13714843188979564,5.844413262014336
2012-05-02,4.5,london,"London, United Kingdom",temperate maritime,0,127.6,5,2012,0–2,48.14758064516129,20.32479749389796,3.9091370715350253,0.0,1,1,1,1,1,1,1,1,1,1,1,1,0.3729281767955801,0.6215469613259669,0.8756906077348067,0.9668508287292817,0.0,0.0,season-matched placebo,0.6666666666666666,0.0,3.0
2012-05-04,0.0,tucson,"Tucson, United States",hot semi-arid / monsoonal,7,3.4000000000000066,5,2012,6–9,3.128064516129042,4.821333126196855,0.05640255023935086,0.0,0,0,1,1,0,0,1,1,0,0,0,0,0.02857142857142857,0.08571428571428572,0.22857142857142856,0.3142857142857143,6.0,0.0,dry-spell threshold,0.3157894736842105,0.0,3.0
2012-05-05,0.1,brasilia,"Brasília, Brazil",tropical savanna,7,47.20000000000002,5,2012,6–9,47.016935483870974,41.55680838789718,0.004405163034184268,0.0,0,0,1,1,0,0,0,1,0,0,0,1,0.06666666666666667,0.16666666666666666,0.32222222222222224,0.6,6.0,0.0,dry-spell threshold,0.3333333333333333,0.0,3.0
2012-05-06,0.0,cape_town,"Cape Town, South Africa",Mediterranean winter-rainfall,2,80.4,5,2012,0–2,43.471774193548384,31.93177389758018,1.156472732297847,0.0,0,0,1,1,0,0,0,1,0,0,0,0,0.2743682310469314,0.5234657039711191,0.776173285198556,0.9638989169675091,1.0,0.0,season-matched placebo,0.5882352941176471,0.0,3.0
2012-05-08,0.7,darwin,"Darwin, Australia",tropical savanna / monsoon,0,45.3,5,2012,0–2,39.95,59.091811180795744,0.09053707938704528,0.0,1,1,1,1,1,1,1,1,1,1,1,1,0.12941176470588237,0.25882352941176473,0.4470588235294118,0.5411764705882353,3.0,0.0,season-matched placebo,0.75,0.220481765223129,7.40963530446258
2012-05-11,0.0,cape_town,"Cape Town, South Africa",Mediterranean winter-rainfall,7,60.7,5,2012,6–9,43.471774193548384,31.93177389758018,0.5395323749225592,0.0,0,1,1,1,0,0,1,1,0,0,0,1,0.17307692307692307,0.40384615384615385,0.7403846153846154,0.9423076923076923,6.0,0.0,dry-spell threshold,0.6190476190476191,0.000287268301403909,3.005745366028078
2012-05-11,0.0,tucson,"Tucson, United States",hot semi-arid / monsoonal,1,6.900000000000007,5,2012,0–2,3.128064516129042,4.821333126196855,0.7823428469142782,0.0,0,0,0,0,0,0,0,0,0,0,0,0,0.10526315789473684,0.23684210526315788,0.2631578947368421,0.42105263157894735,0.0,0.0,season-matched placebo,0.3076923076923077,0.0,3.0
2012-05-12,0.0,darwin,"Darwin, Australia",tropical savanna / monsoon,1,52.7,5,2012,0–2,39.95,59.091811180795744,0.21576593685697731,0.0,0,0,0,1,0,0,0,0,0,0,0,0,0.12941176470588237,0.25882352941176473,0.4470588235294118,0.5411764705882353,0.0,0.0,season-matched placebo,0.7777777777777778,0.2482595430009068,7.9651908600181365
2012-05-12,0.0,tucson,"Tucson, United States",hot semi-arid / monsoonal,2,6.900000000000007,5,2012,0–2,3.128064516129042,4.821333126196855,0.7823428469142782,0.0,0,0,0,0,0,0,0,0,0,0,0,0,0.10526315789473684,0.23684210526315788,0.2631578947368421,0.42105263157894735,1.0,0.0,season-matched placebo,0.2857142857142857,0.0,3.0
2012-05-15,5.0,london,"London, United Kingdom",temperate maritime,0,146.1,5,2012,0–2,48.14758064516129,20.32479749389796,4.819355242493638,0.0,0,1,1,1,0,0,1,1,0,0,0,0,0.3729281767955801,0.6215469613259669,0.8756906077348067,0.9668508287292817,3.0,0.0,season-matched placebo,0.6923076923076923,0.0,3.0
2012-05-17,1.2,brasilia,"Brasília, Brazil",tropical savanna,0,40.30000000000001,5,2012,0–2,47.016935483870974,41.55680838789718,-0.16163261194589654,0.16163261194589654,0,0,1,1,0,0,0,1,0,0,0,0,0.2482758620689655,0.33793103448275863,0.36551724137931035,0.5310344827586206,0.0,0.30601328584161885,season-matched placebo,0.7142857142857143,0.10189141051718853,5.186258973619328
2012-05-17,0.0,tucson,"Tucson, United States",hot semi-arid / monsoonal,7,4.900000000000007,5,2012,6–9,3.128064516129042,4.821333126196855,0.3675198202428912,0.0,0,0,0,0,0,0,0,0,0,0,0,0,0.02857142857142857,0.08571428571428572,0.22857142857142856,0.3142857142857143,6.0,0.0,dry-spell threshold,0.35,0.0,3.0
2012-05-18,0.0,darwin,"Darwin, Australia",tropical savanna / monsoon,7,51.6,5,2012,6–9,39.95,59.091811180795744,0.19715083642225767,0.0,0,0,1,1,0,0,0,0,0,0,0,0,0.038461538461538464,0.07692307692307693,0.20512820512820512,0.38461538461538464,6.0,0.0,dry-spell threshold,0.7142857142857143,0.1847674795088433,6.695349590176866
2012-05-19,0.0,brasilia,"Brasília, Brazil",tropical savanna,1,36.90000000000001,5,2012,0–2,47.016935483870974,41.55680838789718,-0.24344832715347248,0.24344832715347248,0,1,1,1,0,0,1,1,0,0,0,0,0.2482758620689655,0.33793103448275863,0.36551724137931035,0.5310344827586206,0.0,0.20494681411461316,season-matched placebo,0.625,0.012605696231474228,3.259619701112786
2012-05-20,0.0,brasilia,"Brasília, Brazil",tropical savanna,2,36.90000000000001,5,2012,0–2,47.016935483870974,41.55680838789718,-0.24344832715347248,0.24344832715347248,0,1,1,1,0,0,1,1,0,0,0,0,0.2482758620689655,0.33793103448275863,0.36551724137931035,0.5310344827586206,1.0,0.24344832715347248,season-matched placebo,0.6666666666666666,0.05427236289814086,4.187788652913988
2012-05-23,0.0,london,"London, United Kingdom",temperate maritime,2,133.3,5,2012,0–2,48.14758064516129,20.32479749389796,4.1895826701547065,0.0,0,0,1,1,0,0,1,1,0,0,0,1,0.3729281767955801,0.6215469613259669,0.8756906077348067,0.9668508287292817,1.0,0.0,season-matched placebo,0.7142857142857143,0.0,3.0
2012-05-25,1.0,brasilia,"Brasília, Brazil",tropical savanna,7,33.20000000000001,5,2012,6–9,47.016935483870974,41.55680838789718,-0.3324830760558346,0.3324830760558346,0,1,1,1,0,1,1,1,0,0,0,0,0.06666666666666667,0.16666666666666666,0.32222222222222224,0.6,6.0,0.2506673608482585,dry-spell threshold,0.2857142857142857,0.0,2.960724802672258
2012-05-25,9.3,cape_town,"Cape Town, South Africa",Mediterranean winter-rainfall,7,63.5,5,2012,6–9,43.471774193548384,31.93177389758018,0.6272193292703158,0.0,1,1,1,1,1,1,1,1,0,0,0,1,0.17307692307692307,0.40384615384615385,0.7403846153846154,0.9423076923076923,6.0,0.0,dry-spell threshold,0.6363636363636364,0.017603285617421194,3.352065712348424
2012-05-28,0.0,london,"London, United Kingdom",temperate maritime,7,102.3,5,2012,6–9,48.14758064516129,20.32479749389796,2.664352221521355,0.0,1,1,1,1,0,1,1,1,0,0,1,1,0.2857142857142857,0.6071428571428571,0.7619047619047619,0.9285714285714286,6.0,0.0,dry-spell threshold,0.6818181818181818,0.0,3.0
2012-05-29,3.9,cape_town,"Cape Town, South Africa",Mediterranean winter-rainfall,2,46.300000000000004,5,2012,0–2,43.471774193548384,31.93177389758018,0.08857089541981085,0.0,0,0,1,1,0,0,1,1,0,0,1,1,0.2743682310469314,0.5234657039711191,0.776173285198556,0.9638989169675091,1.0,0.0,season-matched placebo,0.5555555555555556,0.0,3.0
2012-05-31,0.0,cape_town,"Cape Town, South Africa",Mediterranean winter-rainfall,1,38.2,5,2012,0–2,43.471774193548384,31.93177389758018,-0.16509493680048518,0.16509493680048518,0,0,1,1,0,0,1,1,0,0,1,1,0.2743682310469314,0.5234657039711191,0.776173285198556,0.9638989169675091,0.0,0.0,season-matched placebo,0.5789473684210527,0.0,2.99021970725937
2012-06-01,0.0,cape_town,"Cape Town, South Africa",Mediterranean winter-rainfall,2,38.1,6,2012,0–2,74.97083333333333,32.39451662165692,-1.1381813090146198,1.1381813090146198,0,0,1,1,0,0,1,1,0,0,1,1,0.3342776203966006,0.5524079320113314,0.8753541076487252,0.9716713881019831,1.0,0.16509493680048518,30-day deficit threshold,0.7142857142857143,0.09552536353949914,5.190821041261186
2012-06-01,0.0,cape_town,"Cape Town, South Africa",Mediterranean winter-rainfall,2,38.1,6,2012,0–2,74.97083333333333,32.39451662165692,-1.1381813090146198,1.1381813090146198,0,0,1,1,0,0,1,1,0,0,1,1,0.3342776203966006,0.5524079320113314,0.8753541076487252,0.9716713881019831,1.0,0.16509493680048518,high prospective hazard,0.6,0.0,2.5963802236554248
2012-06-01,0.1,mumbai,"Mumbai, India",tropical monsoon,185,0.0,6,2012,20+,177.036,162.86130462730597,-1.087035379000135,1.087035379000135,1,1,1,1,1,1,1,1,0,0,1,1,0.26666666666666666,0.5333333333333333,0.8666666666666667,1.0,184.0,0.3244244009495084,30-day deficit threshold,0.75,0.42147230973461297,14.022625882822197
2012-06-01,0.1,mumbai,"Mumbai, India",tropical monsoon,185,0.0,6,2012,20+,177.036,162.86130462730597,-1.087035379000135,1.087035379000135,1,1,1,1,1,1,1,1,0,0,1,1,0.26666666666666666,0.5333333333333333,0.8666666666666667,1.0,184.0,0.3244244009495084,high prospective hazard,0.8,0.471472309734613,15.374457250661074
2012-06-02,1.1,nairobi,"Nairobi, Kenya",subtropical highland / bimodal rainfall,0,121.5,6,2012,0–2,54.527166666666666,41.728924227297085,1.6049499136026826,0.0,1,1,1,1,0,1,1,1,0,0,1,1,0.3273381294964029,0.5359712230215827,0.7086330935251799,0.8237410071942446,0.0,0.0,season-matched placebo,0.42857142857142855,0.0,3.0
2012-06-02,3.8,tokyo,"Tokyo, Japan",humid subtropical,0,113.60000000000005,6,2012,0–2,141.02533333333335,50.96106823528811,-0.5381624499453205,0.5381624499453205,1,1,1,1,0,1,1,1,0,1,1,1,0.4896694214876033,0.8078512396694215,0.9772727272727273,1.0,2.0,0.0,high prospective hazard,0.875,0.0,2.899239094466906
2012-06-03,0.1,brasilia,"Brasília, Brazil",tropical savanna,2,32.500000000000014,6,2012,0–2,11.994000000000007,16.887734897946057,1.2142540206794705,0.0,1,1,1,1,0,1,1,1,0,0,0,0,0.21621621621621623,0.35135135135135137,0.3783783783783784,0.3783783783783784,1.0,0.0,season-matched placebo,0.7,0.08760569623147418,4.752113924629484
2012-06-03,0.2,tokyo,"Tokyo, Japan",humid subtropical,0,82.80000000000005,6,2012,0–2,141.02533333333335,50.96106823528811,-1.1425453851262684,1.1425453851262684,0,1,1,1,0,1,1,1,0,1,1,1,0.4896694214876033,0.8078512396694215,0.9772727272727273,1.0,0.0,0.5381624499453205,30-day deficit threshold,0.75,0.0,2.593699121013236
2012-06-05,0.0,tucson,"Tucson, United States",hot semi-arid / monsoonal,26,3.500000000000007,6,2012,20+,2.467166666666676,3.3015611179028084,0.3128318078780257,0.0,0,0,0,1,0,0,0,0,0,0,0,0,0.038560411311053984,0.09768637532133675,0.20822622107969152,0.4138817480719794,25.0,0.0,random drought day,0.4,0.0,3.0
2012-06-07,0.0,darwin,"Darwin, Australia",tropical savanna / monsoon,27,7.8999999999999995,6,2012,20+,9.110999999999999,21.38688875653665,-0.05662347683133067,0.05662347683133067,0,0,0,0,0,0,0,0,0,0,0,0,0.014527845036319613,0.04116222760290557,0.09443099273607748,0.14769975786924938,26.0,0.0,random drought day,0.5,0.0,2.9988462053918137
2012-06-09,0.2,brasilia,"Brasília, Brazil",tropical savanna,2,36.90000000000001,6,2012,0–2,11.994000000000007,16.887734897946057,1.47479813903457,0.0,0,0,1,1,0,0,0,0,0,0,0,0,0.21621621621621623,0.35135135135135137,0.3783783783783784,0.3783783783783784,1.0,0.0,season-matched placebo,0.7272727272727273,0.11487842350420152,5.29756847008403
2012-06-10,0.0,darwin,"Darwin, Australia",tropical savanna / monsoon,30,0.5,6,2012,20+,9.110999999999999,21.38688875653665,-0.40262985878991625,0.40262985878991625,0,0,0,0,0,0,0,0,0,0,0,0,0.014527845036319613,0.04116222760290557,0.09443099273607748,0.14769975786924938,29.0,0.35119647768796436,random drought day,0.4,0.0,2.942753739327555
2012-06-14,0.1,brasilia,"Brasília, Brazil",tropical savanna,7,31.600000000000012,6,2012,6–9,11.994000000000007,16.887734897946057,1.1609609055613819,0.0,0,1,1,1,0,0,0,0,0,0,0,0,0.0,0.0,0.0,0.023809523809523808,6.0,0.0,dry-spell threshold,0.375,0.0,3.0
2012-06-14,0.1,brasilia,"Brasília, Brazil",tropical savanna,7,31.600000000000012,6,2012,6–9,11.994000000000007,16.887734897946057,1.1609609055613819,0.0,0,1,1,1,0,0,0,0,0,0,0,0,0.0,0.0,0.0,0.023809523809523808,6.0,0.0,random drought day,0.5,0.0,3.0
2012-06-16,0.0,cape_town,"Cape Town, South Africa",Mediterranean winter-rainfall,7,75.30000000000001,6,2012,6–9,74.97083333333333,32.39451662165692,0.010161184700210034,0.0,1,1,1,1,0,0,1,1,0,0,1,1,0.44594594594594594,0.6891891891891891,0.8378378378378378,0.9864864864864865,6.0,0.0,dry-spell threshold,0.6521739130434783,0.03341356229726311,3.668271245945262
2012-06-17,0.4,nairobi,"Nairobi, Kenya",subtropical highland / bimodal rainfall,7,56.800000000000004,6,2012,6–9,54.527166666666666,41.728924227297085,0.05446661699096854,0.0,1,1,1,1,0,0,1,1,0,0,1,1,0.2,0.30526315789473685,0.5157894736842106,0.7263157894736842,6.0,0.0,dry-spell threshold,0.6666666666666666,0.03834771873261478,3.7669543746522955
2012-06-22,15.0,tokyo,"Tokyo, Japan",humid subtropical,0,182.00000000000006,6,2012,0–2,141.02533333333335,50.96106823528811,0.8040386138980835,0.0,1,1,1,1,0,1,1,1,0,0,0,1,0.4896694214876033,0.8078512396694215,0.9772727272727273,1.0,1.0,0.0,season-matched placebo,0.7,0.0,3.0
2012-06-27,0.0,cape_town,"Cape Town, South Africa",Mediterranean winter-rainfall,0,91.4,6,2012,0–2,74.97083333333333,32.39451662165692,0.5071588768724882,0.0,1,1,1,1,1,1,1,1,0,0,1,1,0.3342776203966006,0.5524079320113314,0.8753541076487252,0.9716713881019831,1.0,0.0,season-matched placebo,0.6,0.0,3.0
2012-07-01,10.5,mumbai,"Mumbai, India",tropical monsoon,0,208.70000000000005,7,2012,0–2,554.1132258064516,175.14388136213014,-1.9721683859013606,1.9721683859013606,1,1,1,1,1,1,1,1,1,1,1,1,1.0,1.0,1.0,1.0,0.0,0.0,30-day deficit threshold,0.8,0.471472309734613,14.813645376590175
2012-07-01,10.5,mumbai,"Mumbai, India",tropical monsoon,0,208.70000000000005,7,2012,0–2,554.1132258064516,175.14388136213014,-1.9721683859013606,1.9721683859013606,1,1,1,1,1,1,1,1,1,1,1,1,1.0,1.0,1.0,1.0,0.0,0.0,high prospective hazard,0.8333333333333334,0.5048056430679464,15.716369612796196
2012-07-01,0.4,nairobi,"Nairobi, Kenya",subtropical highland / bimodal rainfall,4,66.0,7,2012,3–5,21.771290322580644,22.31910042743049,1.9816528816305539,0.0,1,1,1,1,0,0,1,1,0,0,0,0,0.0967741935483871,0.26881720430107525,0.44086021505376344,0.6344086021505376,3.0,0.0,random drought day,0.6428571428571429,0.014538194923091052,3.290763898461821
2012-07-03,5.0,london,"London, United Kingdom",temperate maritime,0,131.89999999999998,7,2012,0–2,53.25306451612904,23.654472339833752,3.324823075906486,0.0,1,1,1,1,1,1,1,1,0,0,1,1,0.380352644836272,0.6926952141057935,0.8589420654911839,0.9748110831234257,3.0,0.0,season-matched placebo,0.7333333333333333,0.0,3.0
2012-07-04,0.0,nairobi,"Nairobi, Kenya",subtropical highland / bimodal rainfall,7,64.39999999999999,7,2012,6–9,21.771290322580644,22.31910042743049,1.9099654045656813,0.0,1,1,1,1,1,1,1,1,0,0,0,0,0.06976744186046512,0.20930232558139536,0.37209302325581395,0.627906976744186,6.0,0.0,dry-spell threshold,0.6842105263157895,0.05589157838173764,4.117831567634752
2012-07-04,3.4,tucson,"Tucson, United States",hot semi-arid / monsoonal,0,2.2000000000000073,7,2012,0–2,14.544838709677434,14.835603895577684,-0.8321089452487522,0.8321089452487522,0,0,1,1,0,0,0,1,0,0,0,0,0.32677165354330706,0.5433070866141733,0.7677165354330708,0.9212598425196851,54.0,0.9264765227234597,high prospective hazard,0.36363636363636365,0.0,2.76985641004909
2012-07-06,0.1,nairobi,"Nairobi, Kenya",subtropical highland / bimodal rainfall,0,63.800000000000004,7,2012,0–2,21.771290322580644,22.31910042743049,1.8830826006663546,0.0,0,1,1,1,0,0,0,0,0,0,0,0,0.19117647058823528,0.2647058823529412,0.4852941176470588,0.6838235294117647,8.0,0.0,season-matched placebo,0.4666666666666667,0.0,3.0
2012-07-07,21.5,mumbai,"Mumbai, India",tropical monsoon,0,326.20000000000005,7,2012,0–2,554.1132258064516,175.14388136213014,-1.3012913955881493,1.3012913955881493,1,1,1,1,1,1,1,1,1,1,1,1,1.0,1.0,1.0,1.0,0.0,1.3446842902807485,random drought day,0.25,0.0,2.493344607601119
2012-07-07,0.0,nairobi,"Nairobi, Kenya",subtropical highland / bimodal rainfall,1,63.9,7,2012,0–2,21.771290322580644,22.31910042743049,1.887563067982909,0.0,0,1,1,1,0,0,0,0,0,0,0,0,0.19117647058823528,0.2647058823529412,0.4852941176470588,0.6838235294117647,0.0,0.0,season-matched placebo,0.4375,0.0,3.0
2012-07-09,0.0,darwin,"Darwin, Australia",tropical savanna / monsoon,59,0.0,7,2012,20+,1.6995161290322582,4.838728697046019,-0.3512319527378732,0.3512319527378732,0,1,1,1,0,0,0,0,0,0,0,0,0.007220216606498195,0.021660649819494584,0.048736462093862815,0.11371841155234658,58.0,0.3512319527378732,random drought day,0.3333333333333333,0.0,2.9562368565015777
2012-07-10,0.0,tokyo,"Tokyo, Japan",humid subtropical,2,225.80000000000004,7,2012,0–2,175.2385483870968,78.86270240028857,0.6411326276427247,0.0,1,1,1,1,0,1,1,1,0,1,1,1,0.42452830188679247,0.6839622641509434,0.8891509433962265,0.9905660377358491,1.0,0.0,season-matched placebo,0.7272727272727273,0.0,3.0
2012-07-12,1.0,tucson,"Tucson, United States",hot semi-arid / monsoonal,7,7.000000000000007,7,2012,6–9,14.544838709677434,14.835603895577684,-0.5085629653354693,0.5085629653354693,1,1,1,1,1,1,1,1,0,0,0,0,0.23076923076923078,0.49230769230769234,0.6461538461538462,0.9076923076923077,6.0,0.5085629653354693,dry-spell threshold,0.3333333333333333,0.0,2.909693713644961
2012-07-13,0.1,nairobi,"Nairobi, Kenya",subtropical highland / bimodal rainfall,7,34.699999999999996,7,2012,6–9,21.771290322580644,22.31910042743049,0.5792666115489934,0.0,0,1,1,1,0,0,0,0,0,0,0,0,0.06976744186046512,0.20930232558139536,0.37209302325581395,0.627906976744186,6.0,0.0,dry-spell threshold,0.7,0.0716810520659481,4.433621041318962
2012-07-13,6.1,tokyo,"Tokyo, Japan",humid subtropical,0,216.20000000000005,7,2012,0–2,175.2385483870968,78.86270240028857,0.5194020793884607,0.0,0,0,1,1,0,0,1,1,0,0,1,1,0.42452830188679247,0.6839622641509434,0.8891509433962265,0.9905660377358491,4.0,0.0,season-matched placebo,0.75,0.0,3.0
2012-07-16,6.1,london,"London, United Kingdom",temperate maritime,1,122.5,7,2012,0–2,53.25306451612904,23.654472339833752,2.9274352219330737,0.0,0,1,1,1,0,1,1,1,0,0,0,1,0.380352644836272,0.6926952141057935,0.8589420654911839,0.9748110831234257,0.0,0.0,season-matched placebo,0.75,0.0,3.0
2012-07-19,0.0,tucson,"Tucson, United States",hot semi-arid / monsoonal,2,12.300000000000006,7,2012,0–2,14.544838709677434,14.835603895577684,-0.1513142791812194,0.1513142791812194,0,1,1,1,0,1,1,1,0,0,0,1,0.32677165354330706,0.5433070866141733,0.7677165354330708,0.9212598425196851,1.0,0.1513142791812194,season-matched placebo,0.26666666666666666,0.0,2.991780020578506
2012-07-20,0.8,london,"London, United Kingdom",temperate maritime,1,129.4,7,2012,0–2,53.25306451612904,23.654472339833752,3.219134816871005,0.0,1,1,1,1,0,0,0,1,0,0,0,1,0.380352644836272,0.6926952141057935,0.8589420654911839,0.9748110831234257,0.0,0.0,season-matched placebo,0.7647058823529411,0.0,3.0
2012-07-21,0.0,nairobi,"Nairobi, Kenya",subtropical highland / bimodal rainfall,15,34.0,7,2012,10–19,21.771290322580644,22.31910042743049,0.547903340333112,0.0,1,1,1,1,0,0,0,1,0,0,0,0,0.08450704225352113,0.20422535211267606,0.36619718309859156,0.5985915492957746,14.0,0.0,random drought day,0.6666666666666666,0.03834771873261478,3.7669543746522955
2012-07-26,0.0,london,"London, United Kingdom",temperate maritime,7,101.6,7,2012,6–9,53.25306451612904,23.654472339833752,2.0438813763964414,0.0,1,1,1,1,0,1,1,1,0,1,1,1,0.14285714285714285,0.4603174603174603,0.9047619047619048,1.0,6.0,0.0,dry-spell threshold,0.6956521739130435,0.0,3.0
2012-07-31,1.1,tokyo,"Tokyo, Japan",humid subtropical,7,102.30000000000004,7,2012,6–9,175.2385483870968,78.86270240028857,-0.9248801545866108,0.9248801545866108,1,1,1,1,1,1,1,1,0,0,0,1,0.31343283582089554,0.6119402985074627,0.9402985074626866,1.0,6.0,0.9248801545866108,dry-spell threshold,0.7857142857142857,0.0,2.720722227293144
2012-08-02,0.5,london,"London, United Kingdom",temperate maritime,1,102.7,8,2012,0–2,55.292419354838714,24.80198980927015,1.9114426306006274,0.0,1,1,1,1,0,1,1,1,0,0,1,1,0.3815789473684211,0.6447368421052632,0.8289473684210527,0.95,0.0,0.0,season-matched placebo,0.7222222222222222,0.0,3.0
2012-08-02,0.0,tucson,"Tucson, United States",hot semi-arid / monsoonal,2,51.00000000000001,8,2012,0–2,33.28145161290324,19.113990033841972,0.9269937022947837,0.0,0,0,1,1,0,0,1,1,0,0,0,0,0.28823529411764703,0.5647058823529412,0.7941176470588235,0.9470588235294117,1.0,0.0,season-matched placebo,0.3125,0.0,3.0
2012-08-03,8.0,mumbai,"Mumbai, India",tropical monsoon,0,425.1,8,2012,0–2,556.4122580645161,206.81370296278826,-0.6349301626698446,0.6349301626698446,1,1,1,1,1,1,1,1,1,1,1,1,0.9805825242718447,0.9967637540453075,1.0,1.0,0.0,0.49809203446761424,high prospective hazard,0.8571428571428571,0.5286151668774701,16.14748401887896
2012-08-03,0.6,tokyo,"Tokyo, Japan",humid subtropical,1,49.200000000000045,8,2012,0–2,104.671935483871,67.34377615546884,-0.8237128752003638,0.8237128752003638,1,1,1,1,0,1,1,1,0,0,0,1,0.36220472440944884,0.6299212598425197,0.8976377952755905,0.973753280839895,0.0,0.357448555131492,random drought day,0.8333333333333334,0.0,2.7741294171980826
2012-08-05,0.0,darwin,"Darwin, Australia",tropical savanna / monsoon,86,0.2,8,2012,20+,1.365483870967742,1.935645294395855,-0.6021164488876602,0.6021164488876602,0,0,0,0,0,0,0,0,0,0,0,0,0.02575107296137339,0.07510729613733906,0.18240343347639484,0.351931330472103,85.0,0.6021164488876602,random drought day,0.2857142857142857,0.0,2.874925486514716
2012-08-06,0.2,nairobi,"Nairobi, Kenya",subtropical highland / bimodal rainfall,7,6.2,8,2012,6–9,15.798225806451612,13.574939376533305,-0.7070547823619641,0.7070547823619641,1,1,1,1,0,1,1,1,0,0,0,0,0.07692307692307693,0.19230769230769232,0.4230769230769231,0.7019230769230769,6.0,0.6996882669598498,dry-spell threshold,0.6666666666666666,0.03834771873261478,3.809554122666199
2012-08-06,3.8,tokyo,"Tokyo, Japan",humid subtropical,4,35.00000000000004,8,2012,3–5,104.671935483871,67.34377615546884,-1.0345712619831022,1.0345712619831022,1,1,1,1,1,1,1,1,0,0,0,1,0.3188405797101449,0.6014492753623188,0.8913043478260869,0.9492753623188406,3.0,0.9261722321581735,30-day deficit threshold,0.7777777777777778,0.0,2.658536216515207
2012-08-07,0.1,tucson,"Tucson, United States",hot semi-arid / monsoonal,7,46.40000000000001,8,2012,6–9,33.28145161290324,19.113990033841972,0.6863322814268468,0.0,1,1,1,1,0,1,1,1,0,0,0,1,0.21686746987951808,0.46987951807228917,0.7831325301204819,0.9397590361445783,6.0,0.0,dry-spell threshold,0.36363636363636365,0.0,3.0
2012-08-08,0.0,cape_town,"Cape Town, South Africa",Mediterranean winter-rainfall,1,51.8,8,2012,0–2,74.69370967741935,33.4152617533005,-0.6851273482889324,0.6851273482889324,0,1,1,1,0,1,1,1,0,1,1,1,0.2782608695652174,0.5681159420289855,0.8173913043478261,0.9536231884057971,0.0,0.36790702907497275,high prospective hazard,0.6666666666666666,0.04790631592045147,4.0577792521835345
2012-08-10,5.0,cape_town,"Cape Town, South Africa",Mediterranean winter-rainfall,3,49.3,8,2012,3–5,74.69370967741935,33.4152617533005,-0.7599434613110927,0.7599434613110927,1,1,1,1,1,1,1,1,1,1,1,1,0.3053435114503817,0.5190839694656488,0.8091603053435115,0.9770992366412213,2.0,0.7090685044560235,random drought day,0.38461538461538464,0.0,2.8055693116671256
2012-08-10,0.0,tucson,"Tucson, United States",hot semi-arid / monsoonal,0,47.30000000000001,8,2012,0–2,33.28145161290324,19.113990033841972,0.7334182115966605,0.0,1,1,1,1,0,0,1,1,0,0,1,1,0.28823529411764703,0.5647058823529412,0.7941176470588235,0.9470588235294117,9.0,0.0,season-matched placebo,0.35294117647058826,0.0,3.0
2012-08-11,4.9,tokyo,"Tokyo, Japan",humid subtropical,3,34.50000000000004,8,2012,3–5,104.671935483871,67.34377615546884,-1.0419958530670015,1.0419958530670015,1,1,1,1,1,1,1,1,0,1,1,1,0.3188405797101449,0.6014492753623188,0.8913043478260869,0.9492753623188406,2.0,1.0523902805844605,random drought day,0.8461538461538461,0.0,2.6541845840681315
2012-08-12,0.0,tucson,"Tucson, United States",hot semi-arid / monsoonal,2,46.600000000000016,8,2012,0–2,33.28145161290324,19.113990033841972,0.6967958214645833,0.0,0,0,1,1,0,0,1,1,0,0,1,1,0.28823529411764703,0.5647058823529412,0.7941176470588235,0.9470588235294117,1.0,0.0,season-matched placebo,0.3888888888888889,0.0,3.0
2012-08-16,0.0,nairobi,"Nairobi, Kenya",subtropical highland / bimodal rainfall,7,10.500000000000002,8,2012,6–9,15.798225806451612,13.574939376533305,-0.39029462007105054,0.39029462007105054,1,1,1,1,0,1,1,1,0,0,0,1,0.07692307692307693,0.19230769230769232,0.4230769230769231,0.7019230769230769,6.0,0.3829281046689363,dry-spell threshold,0.6818181818181818,0.053499233884129915,4.201978871566876
2012-08-17,0.8,london,"London, United Kingdom",temperate maritime,1,41.900000000000006,8,2012,0–2,55.292419354838714,24.80198980927015,-0.53997358509651,0.53997358509651,0,1,1,1,0,0,1,1,0,0,1,1,0.3815789473684211,0.6447368421052632,0.8289473684210527,0.95,0.0,0.5440055196618013,random drought day,0.75,0.0,2.898582716274852
2012-08-17,7.2,tokyo,"Tokyo, Japan",humid subtropical,2,42.30000000000004,8,2012,0–2,104.671935483871,67.34377615546884,-0.9261722321581735,0.9261722321581735,1,1,1,1,1,1,1,1,1,1,1,1,0.36220472440944884,0.6299212598425197,0.8976377952755905,0.973753280839895,1.0,0.9261722321581735,random drought day,0.8571428571428571,0.0,2.7200142445497235
2012-08-17,10.7,tucson,"Tucson, United States",hot semi-arid / monsoonal,0,43.900000000000006,8,2012,0–2,33.28145161290324,19.113990033841972,0.5555380309551414,0.0,1,1,1,1,1,1,1,1,0,0,0,0,0.28823529411764703,0.5647058823529412,0.7941176470588235,0.9470588235294117,6.0,0.0,season-matched placebo,0.42105263157894735,0.00012086888413453956,3.002417377682691
2012-08-18,6.4,mumbai,"Mumbai, India",tropical monsoon,0,348.7,8,2012,0–2,556.4122580645161,206.81370296278826,-1.0043447561203889,1.0043447561203889,1,1,1,1,1,1,1,1,1,1,1,1,0.9805825242718447,0.9967637540453075,1.0,1.0,0.0,0.8264068367620115,30-day deficit threshold,0.8333333333333334,0.5048056430679464,16.20461422831368
2012-08-20,0.9,london,"London, United Kingdom",temperate maritime,4,37.0,8,2012,3–5,55.292419354838714,24.80198980927015,-0.7375383787957861,0.7375383787957861,1,1,1,1,0,0,1,1,0,0,1,1,0.25203252032520324,0.5284552845528455,0.7560975609756098,0.926829268292683,3.0,0.7133467714040379,random drought day,0.7647058823529411,0.0,2.816172791240253
2012-08-23,0.0,london,"London, United Kingdom",temperate maritime,7,38.3,8,2012,6–9,55.292419354838714,24.80198980927015,-0.6851232294469987,0.6851232294469987,1,1,1,1,1,1,1,1,1,1,1,1,0.19696969696969696,0.45454545454545453,0.7121212121212122,0.8636363636363636,6.0,0.6851232294469987,dry-spell threshold,0.7083333333333334,0.0,2.8400289488779027
2012-08-25,0.0,tucson,"Tucson, United States",hot semi-arid / monsoonal,2,62.20000000000001,8,2012,0–2,33.28145161290324,19.113990033841972,1.5129519444080222,0.0,0,0,1,1,0,0,0,1,0,0,0,1,0.28823529411764703,0.5647058823529412,0.7941176470588235,0.9470588235294117,1.0,0.0,season-matched placebo,0.45,0.029068237305187206,3.581364746103744
2012-08-26,1.7,nairobi,"Nairobi, Kenya",subtropical highland / bimodal rainfall,0,18.3,8,2012,0–2,15.798225806451612,13.574939376533305,0.184293581293862,0.0,1,1,1,1,1,1,1,1,0,0,0,0,0.19078947368421054,0.34868421052631576,0.4473684210526316,0.625,6.0,0.36819507386470784,season-matched placebo,0.4117647058823529,0.0,3.0
2012-08-26,0.0,tokyo,"Tokyo, Japan",humid subtropical,7,46.00000000000004,8,2012,6–9,104.671935483871,67.34377615546884,-0.871230258137319,0.871230258137319,1,1,1,1,0,0,1,1,0,0,1,1,0.37142857142857144,0.6428571428571429,0.7714285714285715,0.9428571428571428,6.0,0.8742000945708788,dry-spell threshold,0.8,0.0,2.7495564839928814
2012-08-30,0.0,nairobi,"Nairobi, Kenya",subtropical highland / bimodal rainfall,2,20.400000000000002,8,2012,0–2,15.798225806451612,13.574939376533305,0.33899040473826164,0.0,0,0,0,1,0,0,0,0,0,0,0,0,0.19078947368421054,0.34868421052631576,0.4473684210526316,0.625,1.0,0.0,season-matched placebo,0.4444444444444444,0.0,3.0
2012-08-30,0.0,tucson,"Tucson, United States",hot semi-arid / monsoonal,7,27.500000000000007,8,2012,6–9,33.28145161290324,19.113990033841972,-0.3024722521392433,0.3024722521392433,1,1,1,1,0,0,1,1,0,0,0,1,0.21686746987951808,0.46987951807228917,0.7831325301204819,0.9397590361445783,6.0,0.0,dry-spell threshold,0.391304347826087,0.0,2.967421464336107
2012-08-31,10.6,mumbai,"Mumbai, India",tropical monsoon,0,340.90000000000003,8,2012,0–2,556.4122580645161,206.81370296278826,-1.042059858593088,1.042059858593088,1,1,1,1,1,1,1,1,1,1,1,1,0.9805825242718447,0.9967637540453075,1.0,1.0,0.0,0.9448709406826703,30-day deficit threshold,0.8571428571428571,0.5286151668774701,16.881073645157112
2012-09-01,0.5,cape_town,"Cape Town, South Africa",Mediterranean winter-rainfall,0,116.5,9,2012,0–2,54.838166666666666,32.362710563712156,1.9053358714172064,0.0,0,0,0,1,0,0,0,1,0,0,0,1,0.23659305993690852,0.5205047318611987,0.7760252365930599,0.9305993690851735,5.0,0.0,season-matched placebo,0.6190476190476191,0.000287268301403909,3.005745366028078
2012-09-01,15.1,tokyo,"Tokyo, Japan",humid subtropical,0,45.80000000000005,9,2012,0–2,146.19633333333337,85.48757314268123,-1.1743968116368089,1.1743968116368089,1,1,1,1,1,1,1,1,1,1,1,1,0.47540983606557374,0.7564402810304449,0.9578454332552693,0.9976580796252927,12.0,0.8786548492212183,30-day deficit threshold,0.8,0.0,2.5739916540457775
2012-09-02,0.0,cape_town,"Cape Town, South Africa",Mediterranean winter-rainfall,1,117.0,9,2012,0–2,54.838166666666666,32.362710563712156,1.920785751581467,0.0,0,0,1,1,0,0,1,1,0,0,1,1,0.23659305993690852,0.5205047318611987,0.7760252365930599,0.9305993690851735,0.0,0.0,season-matched placebo,0.5909090909090909,0.0,3.0
2012-09-04,0.0,nairobi,"Nairobi, Kenya",subtropical highland / bimodal rainfall,7,20.400000000000002,9,2012,6–9,16.460666666666665,12.814435967721733,0.307413712414352,0.0,0,0,1,1,0,0,0,1,0,0,0,0,0.08536585365853659,0.15853658536585366,0.24390243902439024,0.5365853658536586,6.0,0.0,dry-spell threshold,0.6956521739130435,0.0673332259789916,4.346664519579832
2012-09-07,0.0,london,"London, United Kingdom",temperate maritime,7,37.2,9,2012,6–9,47.54533333333333,27.251647633126485,-0.37962230660717106,0.37962230660717106,0,1,1,1,0,0,1,1,0,0,0,0,0.18421052631578946,0.4342105263157895,0.6973684210526315,0.9342105263157895,6.0,0.33925777471505675,dry-spell threshold,0.72,0.0,2.949001236322541
2012-09-08,0.0,cape_town,"Cape Town, South Africa",Mediterranean winter-rainfall,7,104.1,9,2012,6–9,54.838166666666666,32.362710563712156,1.5221788433435461,0.0,1,1,1,1,1,1,1,1,1,1,1,1,0.2727272727272727,0.5227272727272727,0.7613636363636364,0.9204545454545454,6.0,0.0,dry-spell threshold,0.6666666666666666,0.04790631592045147,3.9581263184090294
2012-09-12,2.3,london,"London, United Kingdom",temperate maritime,12,37.199999999999996,9,2012,10–19,47.54533333333333,27.251647633126485,-0.3796223066071713,0.3796223066071713,0,0,0,1,0,0,0,1,0,0,0,1,0.13580246913580246,0.30864197530864196,0.6296296296296297,0.9382716049382716,11.0,0.3906308153050206,random drought day,0.7777777777777778,0.0,2.949001236322541
2012-09-12,0.9,tokyo,"Tokyo, Japan",humid subtropical,0,73.60000000000005,9,2012,0–2,146.19633333333337,85.48757314268123,-0.8492033480956108,0.8492033480956108,0,1,1,1,0,1,1,1,0,0,1,1,0.47540983606557374,0.7564402810304449,0.9578454332552693,0.9976580796252927,4.0,0.8550521513967116,random drought day,0.8666666666666667,0.0,2.7610642399620686
2012-09-13,0.9,nairobi,"Nairobi, Kenya",subtropical highland / bimodal rainfall,16,15.3,9,2012,10–19,16.460666666666665,12.814435967721733,-0.09057493202121934,0.09057493202121934,1,1,1,1,0,1,1,1,0,0,0,1,0.05421686746987952,0.1566265060240964,0.39759036144578314,0.7349397590361446,15.0,0.09057493202121934,random drought day,0.625,0.0,2.9970495300225215
2012-09-14,0.2,tucson,"Tucson, United States",hot semi-arid / monsoonal,1,42.7,9,2012,0–2,30.822000000000013,23.461200506695302,0.5062827026524186,0.0,0,0,0,0,0,0,0,0,0,0,0,0,0.12962962962962962,0.2654320987654321,0.38271604938271603,0.6481481481481481,0.0,0.0,season-matched placebo,0.42857142857142855,0.007639665876615742,3.152793317532315
2012-09-15,0.0,london,"London, United Kingdom",temperate maritime,2,29.5,9,2012,0–2,47.54533333333333,27.251647633126485,-0.6621740298519725,0.6621740298519725,0,0,1,1,0,0,0,1,0,0,0,1,0.40797546012269936,0.6993865030674846,0.8865030674846626,0.9570552147239264,1.0,0.43466485009641803,high prospective hazard,0.75,0.0,2.8500396531079013
2012-09-15,0.0,tucson,"Tucson, United States",hot semi-arid / monsoonal,2,42.900000000000006,9,2012,0–2,30.822000000000013,23.461200506695302,0.5148074156117118,0.0,0,0,0,0,0,0,0,0,0,0,0,0,0.12962962962962962,0.2654320987654321,0.38271604938271603,0.6481481481481481,1.0,0.0,season-matched placebo,0.4090909090909091,0.0,3.0
2012-09-17,0.0,nairobi,"Nairobi, Kenya",subtropical highland / bimodal rainfall,1,17.9,9,2012,0–2,16.460666666666665,12.814435967721733,0.1123212396518168,0.0,0,0,1,1,0,0,1,1,0,0,0,1,0.14516129032258066,0.3064516129032258,0.5241935483870968,0.6532258064516129,0.0,0.0,season-matched placebo,0.42105263157894735,0.0,3.0
2012-09-18,8.0,tokyo,"Tokyo, Japan",humid subtropical,0,54.700000000000045,9,2012,0–2,146.19633333333337,85.48757314268123,-1.0702881128772168,1.0702881128772168,1,1,1,1,1,1,1,1,1,1,1,1,0.47540983606557374,0.7564402810304449,0.9578454332552693,0.9976580796252927,0.0,0.9954234306231279,30-day deficit threshold,0.8181818181818182,0.0,2.6374507517566683
2012-09-19,0.0,cape_town,"Cape Town, South Africa",Mediterranean winter-rainfall,0,36.9,9,2012,0–2,54.838166666666666,32.362710563712156,-0.5542850507330642,0.5542850507330642,1,1,1,1,0,1,1,1,0,1,1,1,0.23659305993690852,0.5205047318611987,0.7760252365930599,0.9305993690851735,4.0,0.4430459135503887,random drought day,0.42857142857142855,0.0,2.8933292295532187
2012-09-20,0.0,london,"London, United Kingdom",temperate maritime,7,27.5,9,2012,6–9,47.54533333333333,27.251647633126485,-0.7355640878376352,0.7355640878376352,1,1,1,1,0,1,1,1,0,1,1,1,0.18421052631578946,0.4342105263157895,0.6973684210526315,0.9342105263157895,6.0,0.7025385617440869,dry-spell threshold,0.7307692307692307,0.0,2.817095713255157
2012-09-20,0.0,tucson,"Tucson, United States",hot semi-arid / monsoonal,7,21.600000000000005,9,2012,6–9,30.822000000000013,23.461200506695302,-0.39307451455300657,0.39307451455300657,0,0,0,0,0,0,0,0,0,0,0,0,0.040983606557377046,0.16393442622950818,0.48360655737704916,0.7295081967213115,6.0,0.3547133062361874,dry-spell threshold,0.4166666666666667,0.0,2.9453897961761677
2012-09-21,0.0,tucson,"Tucson, United States",hot semi-arid / monsoonal,8,20.500000000000007,9,2012,6–9,30.822000000000013,23.461200506695302,-0.4399604358291187,0.4399604358291187,0,0,0,0,0,0,0,0,0,0,0,0,0.040983606557377046,0.16393442622950818,0.48360655737704916,0.7295081967213115,7.0,0.39307451455300657,random drought day,0.36363636363636365,0.0,2.9318983855583776
2012-09-22,0.0,tucson,"Tucson, United States",hot semi-arid / monsoonal,9,18.60000000000001,9,2012,6–9,30.822000000000013,23.461200506695302,-0.5209452089424034,0.5209452089424034,0,0,0,0,0,0,0,0,0,0,0,0,0.040983606557377046,0.16393442622950818,0.48360655737704916,0.7295081967213115,8.0,0.4399604358291187,random drought day,0.3333333333333333,0.0,2.9053830928932864
2012-09-23,3.2,cape_town,"Cape Town, South Africa",Mediterranean winter-rainfall,1,51.800000000000004,9,2012,0–2,54.838166666666666,32.362710563712156,-0.09387862183810136,0.09387862183810136,0,1,1,1,0,1,1,1,0,0,1,1,0.23659305993690852,0.5205047318611987,0.7760252365930599,0.9305993690851735,0.0,0.10005857390380565,season-matched placebo,0.6086956521739131,0.0,2.9968306014737527
2012-09-23,0.0,nairobi,"Nairobi, Kenya",subtropical highland / bimodal rainfall,7,16.4,9,2012,6–9,16.460666666666665,12.814435967721733,-0.004734244005704144,0.004734244005704144,1,1,1,1,1,1,1,1,0,1,1,1,0.08536585365853659,0.15853658536585366,0.24390243902439024,0.5365853658536586,6.0,0.0,dry-spell threshold,0.6666666666666666,0.03834771873261478,3.7687597128923587
2012-09-25,0.8,london,"London, United Kingdom",temperate maritime,0,50.2,9,2012,0–2,47.54533333333333,27.251647633126485,0.09741307029963643,0.0,1,1,1,1,1,1,1,1,0,0,0,1,0.40797546012269936,0.6993865030674846,0.8865030674846626,0.9570552147239264,0.0,0.0126720166788576,season-matched placebo,0.7368421052631579,0.0,3.0
2012-09-27,17.7,cape_town,"Cape Town, South Africa",Mediterranean winter-rainfall,0,47.5,9,2012,0–2,54.838166666666666,32.362710563712156,-0.22674759125074176,0.22674759125074176,1,1,1,1,1,1,1,1,0,0,0,0,0.23659305993690852,0.5205047318611987,0.7760252365930599,0.9305993690851735,2.0,0.35652658463053,season-matched placebo,0.625,0.00623964925378484,3.119693552541521
2012-09-27,0.2,london,"London, United Kingdom",temperate maritime,0,52.3,9,2012,0–2,47.54533333333333,27.251647633126485,0.17447263118458203,0.0,1,1,1,1,0,0,1,1,0,0,0,1,0.40797546012269936,0.6993865030674846,0.8865030674846626,0.9570552147239264,1.0,0.0,season-matched placebo,0.75,0.0,3.0
2012-09-28,1.7,cape_town,"Cape Town, South Africa",Mediterranean winter-rainfall,0,65.2,9,2012,0–2,54.838166666666666,32.362710563712156,0.3201781665640798,0.0,0,0,1,1,0,0,1,1,0,0,0,0,0.23659305993690852,0.5205047318611987,0.7760252365930599,0.9305993690851735,0.0,0.22674759125074176,season-matched placebo,0.64,0.021239649253784854,3.424792985075697
2012-09-29,0.0,mumbai,"Mumbai, India",tropical monsoon,0,339.1,9,2012,0–2,332.65,143.16896726821696,0.045051662543017616,0.0,0,1,1,1,0,1,1,1,0,1,1,1,0.7931034482758621,0.9074410163339383,0.9600725952813067,0.9909255898366606,4.0,0.0,season-matched placebo,0.6,0.27147230973461295,8.42944619469226
2012-10-01,0.0,brasilia,"Brasília, Brazil",tropical savanna,4,12.900000000000015,10,2012,3–5,80.51935483870969,62.708403403517686,-1.0783140882026745,1.0783140882026745,0,0,0,1,0,0,0,1,0,0,0,0,0.3068181818181818,0.5909090909090909,0.8522727272727273,0.9318181818181818,3.0,0.2928095117281155,30-day deficit threshold,0.5555555555555556,0.0,2.632661218835154
2012-10-01,0.0,tucson,"Tucson, United States",hot semi-arid / monsoonal,18,18.100000000000005,10,2012,10–19,15.33870967741937,15.940629497249008,0.1732234177487891,0.0,0,0,0,1,0,0,0,0,0,0,0,0,0.03592814371257485,0.10179640718562874,0.15568862275449102,0.38323353293413176,17.0,0.5379946348609898,random drought day,0.3076923076923077,0.0,3.0
2012-10-03,0.0,brasilia,"Brasília, Brazil",tropical savanna,6,12.900000000000015,10,2012,6–9,80.51935483870969,62.708403403517686,-1.0783140882026745,1.0783140882026745,0,0,1,1,0,0,1,1,0,0,0,1,0.3076923076923077,0.5769230769230769,0.75,0.9038461538461539,5.0,1.0783140882026745,random drought day,0.45454545454545453,0.0,2.632661218835154
2012-10-03,0.0,nairobi,"Nairobi, Kenya",subtropical highland / bimodal rainfall,7,13.4,10,2012,6–9,16.683064516129033,14.609320070417443,-0.2247239775913283,0.2247239775913283,1,1,1,1,0,0,1,1,0,0,0,1,0.171875,0.375,0.65625,0.9375,6.0,0.2247239775913283,dry-spell threshold,0.68,0.051681052065948196,4.124764257087448
2012-10-04,0.0,brasilia,"Brasília, Brazil",tropical savanna,7,12.900000000000015,10,2012,6–9,80.51935483870969,62.708403403517686,-1.0783140882026745,1.0783140882026745,0,0,1,1,0,0,1,1,0,0,0,1,0.3076923076923077,0.5769230769230769,0.75,0.9038461538461539,6.0,1.0783140882026745,dry-spell threshold,0.3333333333333333,0.0,2.632661218835154
2012-10-04,2.0,cape_town,"Cape Town, South Africa",Mediterranean winter-rainfall,0,58.4,10,2012,0–2,35.513225806451615,24.33572772403693,0.9404598232311179,0.0,0,1,1,1,0,0,1,1,0,0,0,0,0.15767634854771784,0.3651452282157676,0.6846473029045643,0.8713692946058091,4.0,0.0,season-matched placebo,0.6538461538461539,0.035085803099938695,3.701716061998774
2012-10-04,16.1,mumbai,"Mumbai, India",tropical monsoon,0,277.6,10,2012,0–2,146.12016129032259,126.6642379396545,1.0380186297912848,0.0,1,1,1,1,1,1,1,1,1,1,1,1,0.48148148148148145,0.5962962962962963,0.6962962962962963,0.7666666666666667,0.0,0.0,season-matched placebo,0.6666666666666666,0.3381389764012796,9.762779528025593
2012-10-05,0.0,cape_town,"Cape Town, South Africa",Mediterranean winter-rainfall,0,60.400000000000006,10,2012,0–2,35.513225806451615,24.33572772403693,1.0226435172089463,0.0,0,1,1,1,0,0,1,1,0,0,0,1,0.15767634854771784,0.3651452282157676,0.6846473029045643,0.8713692946058091,0.0,0.0,season-matched placebo,0.6666666666666666,0.04790631592045147,3.9581263184090294
2012-10-06,0.0,cape_town,"Cape Town, South Africa",Mediterranean winter-rainfall,1,60.400000000000006,10,2012,0–2,35.513225806451615,24.33572772403693,1.0226435172089463,0.0,1,1,1,1,0,1,1,1,0,0,0,1,0.15767634854771784,0.3651452282157676,0.6846473029045643,0.8713692946058091,0.0,0.0,season-matched placebo,0.6785714285714286,0.05981107782521344,4.196221556504269
2012-10-10,0.3,mumbai,"Mumbai, India",tropical monsoon,0,208.90000000000003,10,2012,0–2,146.12016129032259,126.6642379396545,0.49563980908002686,0.0,0,0,0,1,0,0,0,1,0,0,0,0,0.48148148148148145,0.5962962962962963,0.6962962962962963,0.7666666666666667,1.0,0.0,season-matched placebo,0.7142857142857143,0.3857580240203273,10.715160480406546
2012-10-11,0.0,cape_town,"Cape Town, South Africa",Mediterranean winter-rainfall,1,55.5,10,2012,0–2,35.513225806451615,24.33572772403693,0.821293466963267,0.0,0,0,0,1,0,0,0,1,0,0,0,1,0.15767634854771784,0.3651452282157676,0.6846473029045643,0.8713692946058091,0.0,0.0,season-matched placebo,0.6896551724137931,0.07089482166757799,4.41789643335156
2012-10-17,0.0,cape_town,"Cape Town, South Africa",Mediterranean winter-rainfall,7,54.2,10,2012,6–9,35.513225806451615,24.33572772403693,0.7678740658776788,0.0,0,1,1,1,0,1,1,1,0,1,1,1,0.20202020202020202,0.3838383838383838,0.6262626262626263,0.8080808080808081,6.0,0.0,dry-spell threshold,0.68,0.06123964925378489,4.224792985075698
2012-10-17,0.0,mumbai,"Mumbai, India",tropical monsoon,7,121.60000000000002,10,2012,6–9,146.12016129032259,126.6642379396545,-0.19358393252248896,0.19358393252248896,0,0,1,1,0,0,1,1,0,0,0,0,0.09574468085106383,0.22340425531914893,0.2765957446808511,0.3404255319148936,6.0,0.1698992678626087,dry-spell threshold,0.3333333333333333,0.004805643067946286,3.0915133753955413
2012-10-18,0.8,nairobi,"Nairobi, Kenya",subtropical highland / bimodal rainfall,2,59.5,10,2012,0–2,16.683064516129033,14.609320070417443,2.9307959081936605,0.0,1,1,1,1,1,1,1,1,0,1,1,1,0.42066420664206644,0.6937269372693727,0.8523985239852399,0.9520295202952029,1.0,0.0,season-matched placebo,0.45,0.0,3.0
2012-10-25,0.0,cape_town,"Cape Town, South Africa",Mediterranean winter-rainfall,5,48.2,10,2012,3–5,35.513225806451615,24.33572772403693,0.5213229839441943,0.0,1,1,1,1,0,0,0,0,0,0,0,0,0.2064516129032258,0.44516129032258067,0.7096774193548387,0.8387096774193549,4.0,0.0,random drought day,0.4666666666666667,0.0,3.0
2012-10-27,0.0,cape_town,"Cape Town, South Africa",Mediterranean winter-rainfall,7,44.199999999999996,10,2012,6–9,35.513225806451615,24.33572772403693,0.35695559598853766,0.0,0,0,0,0,0,0,0,0,0,0,0,0,0.20202020202020202,0.3838383838383838,0.6262626262626263,0.8080808080808081,6.0,0.0,dry-spell threshold,0.6923076923076923,0.07354734156147713,4.470946831229543
2012-10-31,0.0,mumbai,"Mumbai, India",tropical monsoon,7,106.50000000000003,10,2012,6–9,146.12016129032259,126.6642379396545,-0.31279674464388624,0.31279674464388624,0,0,0,0,0,0,0,0,0,0,0,0,0.09574468085106383,0.22340425531914893,0.2765957446808511,0.3404255319148936,6.0,0.31279674464388624,dry-spell threshold,0.42857142857142855,0.10004373830604152,5.25214282760837
2012-11-01,4.2,brasilia,"Brasília, Brazil",tropical savanna,0,56.90000000000002,11,2012,0–2,181.40016666666668,77.34286898141298,-1.6097174607860294,1.6097174607860294,1,1,1,1,1,1,1,1,1,1,1,1,0.7877094972067039,0.9124767225325885,0.9851024208566108,1.0,6.0,0.4228995381697447,30-day deficit threshold,0.5,0.0,2.288429301903246
2012-11-01,4.2,brasilia,"Brasília, Brazil",tropical savanna,0,56.90000000000002,11,2012,0–2,181.40016666666668,77.34286898141298,-1.6097174607860294,1.6097174607860294,1,1,1,1,1,1,1,1,1,1,1,1,0.7877094972067039,0.9124767225325885,0.9851024208566108,1.0,6.0,0.4228995381697447,high prospective hazard,0.8,0.18760569623147427,7.454204182487181
2012-11-01,0.5,darwin,"Darwin, Australia",tropical savanna / monsoon,2,60.8,11,2012,0–2,124.88149999999999,77.89839455474686,-0.8226292771022852,0.8226292771022852,1,1,1,1,1,1,1,1,0,1,1,1,0.7279411764705882,0.9136029411764706,0.9944852941176471,1.0,1.0,0.0,high prospective hazard,0.875,0.345481765223129,11.79392849510654
2012-11-02,0.0,tucson,"Tucson, United States",hot semi-arid / monsoonal,50,0.5000000000000071,11,2012,20+,15.756500000000011,21.924639277056514,-0.6958609355988575,0.6958609355988575,0,0,1,1,0,0,0,1,0,0,0,0,0.05263157894736842,0.12440191387559808,0.22966507177033493,0.3014354066985646,49.0,0.6958609355988575,random drought day,0.2857142857142857,0.0,2.835252833989214
2012-11-05,3.1,tokyo,"Tokyo, Japan",humid subtropical,7,92.40000000000003,11,2012,6–9,127.82533333333335,90.86569530095744,-0.389864769272943,0.389864769272943,1,1,1,1,1,1,1,1,1,1,1,1,0.2714285714285714,0.5142857142857142,0.8142857142857143,1.0,6.0,0.389864769272943,dry-spell threshold,0.8125,0.0,2.9462621100966513
2012-11-08,0.0,tucson,"Tucson, United States",hot semi-arid / monsoonal,56,0.5000000000000071,11,2012,20+,15.756500000000011,21.924639277056514,-0.6958609355988575,0.6958609355988575,1,1,1,1,0,1,1,1,0,0,0,0,0.05263157894736842,0.12440191387559808,0.22966507177033493,0.3014354066985646,55.0,0.6958609355988575,random drought day,0.26666666666666666,0.0,2.835252833989214
2012-11-13,0.2,tokyo,"Tokyo, Japan",humid subtropical,0,120.70000000000005,11,2012,0–2,127.82533333333335,90.86569530095744,-0.07841609872387366,0.07841609872387366,1,1,1,1,0,0,1,1,0,0,1,1,0.29829545454545453,0.6022727272727273,0.8863636363636364,0.9772727272727273,0.0,0.1103313335151211,season-matched placebo,0.7692307692307693,0.0,2.9977879618071164
2012-11-18,0.0,tucson,"Tucson, United States",hot semi-arid / monsoonal,7,2.900000000000007,11,2012,6–9,15.756500000000011,21.924639277056514,-0.5863950525039631,0.5863950525039631,0,0,0,0,0,0,0,0,0,0,0,0,0.02666666666666667,0.09333333333333334,0.3466666666666667,0.6,6.0,0.5863950525039631,dry-spell threshold,0.4,0.0,2.8811162165779867
2012-11-19,0.0,cape_town,"Cape Town, South Africa",Mediterranean winter-rainfall,1,4.6,11,2012,0–2,30.023833333333332,22.611931534444818,-1.1243547812182757,1.1243547812182757,1,1,1,1,1,1,1,1,0,0,1,1,0.1683673469387755,0.34183673469387754,0.5408163265306123,0.8214285714285714,0.0,0.3371597566408656,30-day deficit threshold,0.75,0.13123964925378484,6.165135948718764
2012-11-20,7.6,london,"London, United Kingdom",temperate maritime,7,44.6,11,2012,6–9,59.218666666666664,29.995154615196395,-0.487367605008458,0.487367605008458,1,1,1,1,1,1,1,1,1,1,1,1,0.18181818181818182,0.41818181818181815,0.7818181818181819,0.9272727272727272,6.0,0.38401757932032726,dry-spell threshold,0.7407407407407407,0.0,2.916859976203556
2012-11-25,5.5,london,"London, United Kingdom",temperate maritime,0,82.7,11,2012,0–2,59.218666666666664,29.995154615196395,0.7828375494166324,0.0,1,1,1,1,1,1,1,1,1,1,1,1,0.39690721649484534,0.7371134020618557,0.8969072164948454,0.961340206185567,0.0,0.0,season-matched placebo,0.7619047619047619,0.0,3.0
2012-11-26,0.0,tucson,"Tucson, United States",hot semi-arid / monsoonal,15,2.900000000000007,11,2012,10–19,15.756500000000011,21.924639277056514,-0.5863950525039631,0.5863950525039631,0,0,0,0,0,0,0,0,0,0,0,0,0.10273972602739725,0.22602739726027396,0.4315068493150685,0.7191780821917808,14.0,0.5863950525039631,random drought day,0.3125,0.0,2.8811162165779867
2012-11-30,0.0,london,"London, United Kingdom",temperate maritime,2,94.8,11,2012,0–2,59.218666666666664,29.995154615196395,1.1862360367799811,0.0,1,1,1,1,0,1,1,1,0,1,1,1,0.39690721649484534,0.7371134020618557,0.8969072164948454,0.961340206185567,1.0,0.0,season-matched placebo,0.7727272727272727,0.0,3.0
2012-12-02,0.9,cape_town,"Cape Town, South Africa",Mediterranean winter-rainfall,7,12.3,12,2012,6–9,15.709032258064516,12.469926953350525,-0.27338029090447463,0.27338029090447463,0,0,0,0,0,0,0,0,0,0,0,0,0.1326530612244898,0.23469387755102042,0.40816326530612246,0.6224489795918368,6.0,0.27338029090447463,dry-spell threshold,0.6666666666666666,0.04790631592045147,4.052746039852541
2012-12-02,3.8,tokyo,"Tokyo, Japan",humid subtropical,2,97.50000000000004,12,2012,0–2,77.44306451612907,50.27902436482055,0.39891258307518984,0.0,1,1,1,1,1,1,1,1,0,1,1,1,0.24161073825503357,0.4966442953020134,0.7315436241610739,0.9261744966442953,1.0,0.0,season-matched placebo,0.7857142857142857,0.0,3.0
2012-12-03,0.0,cape_town,"Cape Town, South Africa",Mediterranean winter-rainfall,8,13.2,12,2012,6–9,15.709032258064516,12.469926953350525,-0.20120665240868704,0.20120665240868704,0,0,0,0,0,0,0,0,0,0,0,0,0.1326530612244898,0.23469387755102042,0.40816326530612246,0.6224489795918368,7.0,0.27338029090447463,random drought day,0.4375,0.0,2.985496178816738
2012-12-07,1.3,nairobi,"Nairobi, Kenya",subtropical highland / bimodal rainfall,0,54.4,12,2012,0–2,57.59387096774193,34.13512578169223,-0.09356552508896586,0.09356552508896586,1,1,1,1,0,0,0,1,0,0,0,0,0.38292011019283745,0.6060606060606061,0.8126721763085399,0.9090909090909091,1.0,0.0,season-matched placebo,0.47619047619047616,0.0,2.996851684739279
2012-12-07,0.0,tokyo,"Tokyo, Japan",humid subtropical,2,96.00000000000006,12,2012,0–2,77.44306451612907,50.27902436482055,0.3690790686235946,0.0,0,0,1,1,0,0,0,1,0,0,0,0,0.24161073825503357,0.4966442953020134,0.7315436241610739,0.9261744966442953,1.0,0.0,season-matched placebo,0.8,0.0,3.0
2012-12-11,23.5,brasilia,"Brasília, Brazil",tropical savanna,0,249.1,12,2012,0–2,239.62129032258068,67.26353902146869,0.1409189854609638,0.0,1,1,1,1,1,1,1,1,1,1,1,1,0.8259325044404974,0.9325044404973357,0.9911190053285968,1.0,0.0,0.0,season-matched placebo,0.6666666666666666,0.05427236289814086,4.085447257962818
2012-12-11,0.0,tokyo,"Tokyo, Japan",humid subtropical,6,95.90000000000005,12,2012,6–9,77.44306451612907,50.27902436482055,0.3670901676601547,0.0,0,1,1,1,0,0,1,1,0,0,0,1,0.17708333333333334,0.3854166666666667,0.7083333333333334,0.9375,5.0,0.0,random drought day,0.875,0.0,3.0
2012-12-12,0.0,tokyo,"Tokyo, Japan",humid subtropical,7,75.10000000000005,12,2012,6–9,77.44306451612907,50.27902436482055,-0.046601232735303914,0.046601232735303914,0,1,1,1,0,1,1,1,0,0,0,1,0.17708333333333334,0.3854166666666667,0.7083333333333334,0.9375,6.0,0.0,dry-spell threshold,0.8235294117647058,0.0,2.999218400724261
2012-12-12,0.0,tokyo,"Tokyo, Japan",humid subtropical,7,75.10000000000005,12,2012,6–9,77.44306451612907,50.27902436482055,-0.046601232735303914,0.046601232735303914,0,1,1,1,0,1,1,1,0,0,0,1,0.17708333333333334,0.3854166666666667,0.7083333333333334,0.9375,6.0,0.0,random drought day,0.8823529411764706,0.0,2.999218400724261
2012-12-15,9.3,darwin,"Darwin, Australia",tropical savanna / monsoon,0,184.7,12,2012,0–2,235.83209677419353,95.03366235738179,-0.5380419475144202,0.5380419475144202,1,1,1,1,1,1,1,1,1,1,1,1,0.8347826086956521,0.9652173913043478,0.9982608695652174,1.0,0.0,0.3717850696032772,high prospective hazard,0.8888888888888888,0.35937065411201785,11.714047217641713
2012-12-15,1.7,nairobi,"Nairobi, Kenya",subtropical highland / bimodal rainfall,7,36.5,12,2012,6–9,57.59387096774193,34.13512578169223,-0.6179520504082997,0.6179520504082997,1,1,1,1,0,1,1,1,0,0,0,1,0.234375,0.421875,0.546875,0.75,6.0,0.6443178533573164,dry-spell threshold,0.6923076923076923,0.06398874437364044,4.470346521715138
2012-12-16,0.6,nairobi,"Nairobi, Kenya",subtropical highland / bimodal rainfall,0,38.2,12,2012,0–2,57.59387096774193,34.13512578169223,-0.5681499781712679,0.5681499781712679,1,1,1,1,0,1,1,1,0,0,0,1,0.38292011019283745,0.6060606060606061,0.8126721763085399,0.9090909090909091,7.0,0.6179520504082997,high prospective hazard,0.75,0.12168105206594815,5.896547222951952
2012-12-17,0.0,cape_town,"Cape Town, South Africa",Mediterranean winter-rainfall,22,10.3,12,2012,20+,15.709032258064516,12.469926953350525,-0.4337661542284473,0.4337661542284473,0,0,1,1,0,0,1,1,0,0,0,0,0.10619469026548672,0.2831858407079646,0.5575221238938053,0.7256637168141593,21.0,0.3696118088988583,random drought day,0.4117647058823529,0.0,2.933760472937272
2012-12-18,1.6,nairobi,"Nairobi, Kenya",subtropical highland / bimodal rainfall,2,32.9,12,2012,0–2,57.59387096774193,34.13512578169223,-0.7234152622043669,0.7234152622043669,1,1,1,1,0,0,1,1,0,0,0,1,0.38292011019283745,0.6060606060606061,0.8126721763085399,0.9090909090909091,1.0,0.5945157811202847,random drought day,0.6470588235294118,0.018739875595359945,3.3029413768493385
2012-12-20,0.0,tucson,"Tucson, United States",hot semi-arid / monsoonal,0,32.2,12,2012,0–2,25.111129032258077,25.327839224007104,0.27988455331881246,0.0,0,0,0,1,0,0,0,1,0,0,0,1,0.16666666666666666,0.3563218390804598,0.6379310344827587,0.7873563218390804,2.0,0.0,season-matched placebo,0.391304347826087,0.0,3.0
2012-12-23,4.4,nairobi,"Nairobi, Kenya",subtropical highland / bimodal rainfall,0,34.3,12,2012,0–2,57.59387096774193,34.13512578169223,-0.6824017909503408,0.6824017909503408,1,1,1,1,1,1,1,1,0,0,1,1,0.38292011019283745,0.6060606060606061,0.8126721763085399,0.9090909090909091,3.0,0.7468515314923817,high prospective hazard,0.7777777777777778,0.14945882984372594,6.63814251365288
2012-12-24,0.2,brasilia,"Brasília, Brazil",tropical savanna,6,177.20000000000002,12,2012,6–9,239.62129032258068,67.26353902146869,-0.9280107950112093,0.9280107950112093,0,1,1,1,0,1,1,1,0,0,1,1,0.8052805280528053,0.9191419141914191,0.9851485148514851,1.0,5.0,0.8343493538849969,high prospective hazard,0.8181818181818182,0.20578751441329246,8.180111257550983
2012-12-25,0.0,brasilia,"Brasília, Brazil",tropical savanna,7,165.4,12,2012,6–9,239.62129032258068,67.26353902146869,-1.1034401609301476,1.1034401609301476,1,1,1,1,1,1,1,1,0,1,1,1,0.8052805280528053,0.9191419141914191,0.9851485148514851,1.0,6.0,0.9280107950112093,30-day deficit threshold,0.5454545454545454,0.0,2.617550660697164
2012-12-25,0.0,brasilia,"Brasília, Brazil",tropical savanna,7,165.4,12,2012,6–9,239.62129032258068,67.26353902146869,-1.1034401609301476,1.1034401609301476,1,1,1,1,1,1,1,1,0,1,1,1,0.8052805280528053,0.9191419141914191,0.9851485148514851,1.0,6.0,0.9280107950112093,dry-spell threshold,0.4,0.0,2.617550660697164
2012-12-27,0.0,tucson,"Tucson, United States",hot semi-arid / monsoonal,7,32.2,12,2012,6–9,25.111129032258077,25.327839224007104,0.27988455331881246,0.0,1,1,1,1,0,0,1,1,0,0,1,1,0.189873417721519,0.3291139240506329,0.45569620253164556,0.569620253164557,6.0,0.0,dry-spell threshold,0.38461538461538464,0.0,3.0
2012-12-28,8.6,tokyo,"Tokyo, Japan",humid subtropical,5,51.30000000000004,12,2012,3–5,77.44306451612907,50.27902436482055,-0.5199596620339539,0.5199596620339539,1,1,1,1,0,1,1,1,0,1,1,1,0.17518248175182483,0.38686131386861317,0.6423357664233577,0.9343065693430657,4.0,0.5199596620339539,random drought day,0.8888888888888888,0.005139473569204855,3.031172436437558
2012-12-31,0.0,cape_town,"Cape Town, South Africa",Mediterranean winter-rainfall,6,5.199999999999999,12,2012,6–9,15.709032258064516,12.469926953350525,-0.8427501057045776,0.8427501057045776,0,1,1,1,0,1,1,1,0,0,0,0,0.1326530612244898,0.23469387755102042,0.40816326530612246,0.6224489795918368,5.0,0.8427501057045776,random drought day,0.4444444444444444,0.0,2.764397762721893
2013-01-01,0.0,cape_town,"Cape Town, South Africa",Mediterranean winter-rainfall,7,5.199999999999999,1,2013,6–9,13.84655462184874,12.698939511184065,-0.680887928809618,0.680887928809618,0,1,1,1,0,1,1,1,0,0,0,0,0.1271186440677966,0.2796610169491525,0.3389830508474576,0.5677966101694916,6.0,0.8427501057045776,dry-spell threshold,0.6428571428571429,0.024096792110927745,3.4538594142781127
2013-01-01,3.6,darwin,"Darwin, Australia",tropical savanna / monsoon,0,288.99999999999994,1,2013,0–2,372.3450420168067,155.95621003757034,-0.5344131022209931,0.5344131022209931,1,1,1,1,1,1,1,1,0,1,1,1,0.9016393442622951,0.9852459016393442,1.0,1.0,0.0,0.0,high prospective hazard,0.9,0.37048176522312903,11.978997970168512
2013-01-03,0.0,nairobi,"Nairobi, Kenya",subtropical highland / bimodal rainfall,1,69.9,1,2013,0–2,38.80621848739496,39.3988033067764,0.7892062423951103,0.0,0,1,1,1,0,1,1,1,0,1,1,1,0.3453815261044177,0.5220883534136547,0.678714859437751,0.8112449799196787,0.0,0.0,season-matched placebo,0.45454545454545453,0.0,3.0
2013-01-05,1.9,brasilia,"Brasília, Brazil",tropical savanna,0,113.70000000000002,1,2013,0–2,238.4326050420168,65.85281015382101,-1.8941121077545902,1.8941121077545902,1,1,1,1,1,1,1,1,0,1,1,1,0.8050089445438283,0.9159212880143113,0.9838998211091234,0.9964221824686941,4.0,1.99433562114124,high prospective hazard,0.8333333333333334,0.2209390295648076,8.11146948766119
2013-01-07,0.0,tokyo,"Tokyo, Japan",humid subtropical,7,70.90000000000003,1,2013,6–9,56.298487394958,37.50707562065987,0.38930021505060075,0.0,0,1,1,1,0,0,1,1,0,0,1,1,0.21568627450980393,0.46078431372549017,0.7941176470588235,0.9803921568627451,6.0,0.0,dry-spell threshold,0.8333333333333334,0.0,3.0
2013-01-08,2.1,london,"London, United Kingdom",temperate maritime,7,71.1,1,2013,6–9,54.43781512605042,29.21881165985792,0.5702553912156809,0.0,1,1,1,1,1,1,1,1,0,0,0,1,0.1746031746031746,0.42857142857142855,0.746031746031746,0.9682539682539683,6.0,0.0,dry-spell threshold,0.75,0.0,3.0
2013-01-08,0.0,tucson,"Tucson, United States",hot semi-arid / monsoonal,7,38.50000000000001,1,2013,6–9,30.94554621848741,34.211305053009895,0.22081746866443958,0.0,0,1,1,1,0,1,1,1,0,0,0,0,0.225,0.3625,0.55,0.8,6.0,0.0,dry-spell threshold,0.4074074074074074,0.0,3.0
2013-01-08,0.0,tucson,"Tucson, United States",hot semi-arid / monsoonal,7,38.50000000000001,1,2013,6–9,30.94554621848741,34.211305053009895,0.22081746866443958,0.0,0,1,1,1,0,1,1,1,0,0,0,0,0.225,0.3625,0.55,0.8,6.0,0.0,random drought day,0.29411764705882354,0.0,3.0
2013-01-13,0.0,london,"London, United Kingdom",temperate maritime,0,80.1,1,2013,0–2,54.43781512605042,29.21881165985792,0.8782761315788009,0.0,1,1,1,1,1,1,1,1,0,0,1,1,0.37755102040816324,0.6938775510204082,0.8596938775510204,0.9693877551020408,2.0,0.0,season-matched placebo,0.782608695652174,0.0,3.0
2013-01-14,0.0,nairobi,"Nairobi, Kenya",subtropical highland / bimodal rainfall,7,71.3,1,2013,6–9,38.80621848739496,39.3988033067764,0.8247403165927192,0.0,1,1,1,1,0,1,1,1,0,0,0,1,0.14130434782608695,0.2608695652173913,0.40217391304347827,0.5543478260869565,6.0,0.0,dry-spell threshold,0.7037037037037037,0.07538475576965187,4.507695115393037
2013-01-17,0.0,cape_town,"Cape Town, South Africa",Mediterranean winter-rainfall,7,9.899999999999999,1,2013,6–9,13.84655462184874,12.698939511184065,-0.31077828336555013,0.31077828336555013,0,0,1,1,0,0,0,0,0,0,0,0,0.1271186440677966,0.2796610169491525,0.3389830508474576,0.5677966101694916,6.0,0.31077828336555013,dry-spell threshold,0.6551724137931034,0.036412063046888266,3.797390378383593
2013-01-17,0.0,mumbai,"Mumbai, India",tropical monsoon,85,0.0,1,2013,20+,3.0305882352941196,11.295993397002059,-0.2682887753899036,0.2682887753899036,0,0,0,0,0,0,0,0,0,0,0,0,0.013725490196078431,0.03333333333333333,0.07058823529411765,0.12352941176470589,84.0,0.2682887753899036,random drought day,0.3333333333333333,0.004805643067946286,3.0823818994811343
2013-01-19,0.0,tucson,"Tucson, United States",hot semi-arid / monsoonal,7,8.800000000000008,1,2013,6–9,30.94554621848741,34.211305053009895,-0.6473166160768559,0.6473166160768559,0,0,1,1,0,0,1,1,0,0,1,1,0.225,0.3625,0.55,0.8,6.0,0.4660899721241275,dry-spell threshold,0.42857142857142855,0.007639665876615742,3.04893863086856
2013-01-22,0.0,cape_town,"Cape Town, South Africa",Mediterranean winter-rainfall,12,9.899999999999999,1,2013,10–19,13.84655462184874,12.698939511184065,-0.31077828336555013,0.31077828336555013,0,1,1,1,0,0,0,0,0,0,0,0,0.05027932960893855,0.12849162011173185,0.30726256983240224,0.6145251396648045,11.0,0.31077828336555013,random drought day,0.47368421052631576,0.0,2.965628434741558
2013-01-23,1.2,tokyo,"Tokyo, Japan",humid subtropical,0,95.10000000000005,1,2013,0–2,56.298487394958,37.50707562065987,1.034511807784587,0.0,0,1,1,1,0,0,1,1,0,0,0,1,0.23102310231023102,0.504950495049505,0.7491749174917491,0.9372937293729373,0.0,0.0,season-matched placebo,0.75,0.0,3.0
2013-01-24,0.0,tokyo,"Tokyo, Japan",humid subtropical,0,96.30000000000005,1,2013,0–2,56.298487394958,37.50707562065987,1.0665057710606525,0.0,0,1,1,1,0,1,1,1,0,0,0,1,0.23102310231023102,0.504950495049505,0.7491749174917491,0.9372937293729373,0.0,0.0,season-matched placebo,0.7647058823529411,0.0,3.0
2013-01-25,0.0,nairobi,"Nairobi, Kenya",subtropical highland / bimodal rainfall,7,57.099999999999994,1,2013,6–9,38.80621848739496,39.3988033067764,0.4643232783026838,0.0,0,1,1,1,0,1,1,1,0,1,1,1,0.14130434782608695,0.2608695652173913,0.40217391304347827,0.5543478260869565,6.0,0.0,dry-spell threshold,0.7142857142857143,0.08596676635166245,4.719335327033249
2013-01-26,8.0,darwin,"Darwin, Australia",tropical savanna / monsoon,2,278.20000000000005,1,2013,0–2,372.3450420168067,155.95621003757034,-0.6036633103236275,0.6036633103236275,1,1,1,1,1,1,1,1,1,1,1,1,0.9016393442622951,0.9852459016393442,1.0,1.0,1.0,0.45233878150675866,high prospective hazard,0.9090909090909091,0.37957267431403807,12.34304392110072
2013-01-26,5.0,london,"London, United Kingdom",temperate maritime,2,38.199999999999996,1,2013,0–2,54.43781512605042,29.21881165985792,-0.5557315374450578,0.5557315374450578,1,1,1,1,1,1,1,1,0,0,0,0,0.37755102040816324,0.6938775510204082,0.8596938775510204,0.9693877551020408,1.0,0.4804375786896283,high prospective hazard,0.72,0.0,2.8927916794831505
2013-01-28,10.1,brasilia,"Brasília, Brazil",tropical savanna,0,324.2,1,2013,0–2,238.4326050420168,65.85281015382101,1.3024105540468975,0.0,1,1,1,1,1,1,1,1,1,1,1,1,0.8050089445438283,0.9159212880143113,0.9838998211091234,0.9964221824686941,0.0,0.0,season-matched placebo,0.6923076923076923,0.07991338853916652,4.59826777078333
2013-01-28,0.2,darwin,"Darwin, Australia",tropical savanna / monsoon,0,282.5,1,2013,0–2,372.3450420168067,155.95621003757034,-0.5760914682086897,0.5760914682086897,1,1,1,1,1,1,1,1,1,1,1,1,0.9016393442622951,0.9852459016393442,1.0,1.0,0.0,0.5549316823995513,random drought day,0.25,0.0,2.885098734169153
2013-01-29,14.1,nairobi,"Nairobi, Kenya",subtropical highland / bimodal rainfall,0,29.0,1,2013,0–2,38.80621848739496,39.3988033067764,-0.24889635380647046,0.24889635380647046,1,1,1,1,1,1,1,1,1,1,1,1,0.3453815261044177,0.5220883534136547,0.678714859437751,0.8112449799196787,10.0,0.0,season-matched placebo,0.4782608695652174,0.0,2.977862784276625
2013-01-29,0.7,tucson,"Tucson, United States",hot semi-arid / monsoonal,0,25.000000000000007,1,2013,0–2,30.94554621848741,34.211305053009895,-0.1737889334906947,0.1737889334906947,0,0,0,1,0,0,0,1,0,0,0,0,0.18848167539267016,0.36649214659685864,0.6649214659685864,0.8272251308900523,0.0,0.2907093489440678,season-matched placebo,0.375,0.0,2.9891663309627408
2013-01-30,0.0,tucson,"Tucson, United States",hot semi-arid / monsoonal,1,25.700000000000006,1,2013,0–2,30.94554621848741,34.211305053009895,-0.15332786078635444,0.15332786078635444,0,0,0,1,0,0,0,1,0,0,0,0,0.18848167539267016,0.36649214659685864,0.6649214659685864,0.8272251308900523,0.0,0.1737889334906947,season-matched placebo,0.36,0.0,2.9915604133459355
2013-01-31,9.1,nairobi,"Nairobi, Kenya",subtropical highland / bimodal rainfall,0,54.89999999999999,1,2013,0–2,38.80621848739496,39.3988033067764,0.40848401884929797,0.0,1,1,1,1,1,1,1,1,1,1,1,1,0.3453815261044177,0.5220883534136547,0.678714859437751,0.8112449799196787,0.0,0.0,season-matched placebo,0.5,0.0,3.0
2013-02-01,16.8,brasilia,"Brasília, Brazil",tropical savanna,0,371.40000000000003,2,2013,0–2,233.41380530973456,101.62431886591932,1.3578068343298924,0.0,1,1,1,1,1,1,1,1,1,1,1,1,0.7727272727272727,0.8992094861660079,0.9960474308300395,1.0,0.0,0.0,season-matched placebo,0.7142857142857143,0.10189141051718853,5.03782821034377
2013-02-01,0.6,darwin,"Darwin, Australia",tropical savanna / monsoon,0,250.1,2,2013,0–2,399.70690265486724,117.59011199112142,-1.272274514596629,1.272274514596629,1,1,1,1,1,1,1,1,1,1,1,1,0.9537366548042705,0.994661921708185,1.0,1.0,0.0,0.8011546445422535,30-day deficit threshold,0.5,0.0,2.5120538962319525
2013-02-04,0.0,nairobi,"Nairobi, Kenya",subtropical highland / bimodal rainfall,2,64.9,2,2013,0–2,32.5141592920354,40.980944947675,0.7902658357271962,0.0,0,1,1,1,0,0,0,0,0,0,0,0,0.2847682119205298,0.3973509933774834,0.6158940397350994,0.7814569536423841,1.0,0.0,season-matched placebo,0.52,0.0,3.0
2013-02-05,0.0,tucson,"Tucson, United States",hot semi-arid / monsoonal,7,19.700000000000006,2,2013,6–9,30.121769911504437,27.801130207843915,-0.3748685695002426,0.3748685695002426,0,0,1,1,0,0,1,1,0,0,0,0,0.17582417582417584,0.3626373626373626,0.6153846153846154,0.8351648351648352,6.0,0.3748685695002426,dry-spell threshold,0.4482758620689655,0.02734409937415272,3.5888667397662557
2013-02-09,0.0,nairobi,"Nairobi, Kenya",subtropical highland / bimodal rainfall,7,57.599999999999994,2,2013,6–9,32.5141592920354,40.980944947675,0.612134267279452,0.0,0,1,1,1,0,0,0,0,0,0,0,0,0.11827956989247312,0.27956989247311825,0.5268817204301075,0.7849462365591398,6.0,0.0,dry-spell threshold,0.7241379310344828,0.09581898310043091,4.916379662008618
2013-02-10,12.3,london,"London, United Kingdom",temperate maritime,2,46.89999999999999,2,2013,0–2,45.498407079646014,27.221080971026016,0.051489245480215336,0.0,1,1,1,1,1,1,1,1,1,1,1,1,0.39143730886850153,0.6972477064220184,0.8746177370030581,0.944954128440367,1.0,0.0,season-matched placebo,0.7916666666666666,0.00030205145201778194,3.0060410290403556
2013-02-14,2.3,cape_town,"Cape Town, South Africa",Mediterranean winter-rainfall,2,14.6,2,2013,0–2,11.802123893805309,12.848555776895664,0.21775802314107906,0.0,0,0,1,1,0,0,1,1,0,0,0,0,0.06140350877192982,0.15789473684210525,0.42105263157894735,0.6578947368421053,1.0,0.0,season-matched placebo,0.6666666666666666,0.04790631592045147,3.9581263184090294
2013-02-17,0.3,brasilia,"Brasília, Brazil",tropical savanna,7,236.8,2,2013,6–9,233.41380530973456,101.62431886591932,0.03332071228672262,0.0,1,1,1,1,0,0,1,1,0,0,1,1,0.7539823008849558,0.8973451327433628,0.9964601769911504,1.0,6.0,0.0,dry-spell threshold,0.45454545454545453,0.0,3.0
2013-02-17,0.0,tokyo,"Tokyo, Japan",humid subtropical,1,40.200000000000045,2,2013,0–2,65.73982300884958,35.926938123744165,-0.7108822611290171,0.7108822611290171,1,1,1,1,1,1,1,1,1,1,1,1,0.2696245733788396,0.5358361774744027,0.8805460750853242,1.0,0.0,0.7108822611290171,random drought day,0.8947368421052632,0.01098742678557918,3.109300654227429
2013-02-17,0.0,tucson,"Tucson, United States",hot semi-arid / monsoonal,7,22.600000000000005,2,2013,6–9,30.121769911504437,27.801130207843915,-0.2705562635501132,0.2705562635501132,0,1,1,1,0,1,1,1,0,1,1,1,0.17582417582417584,0.3626373626373626,0.6153846153846154,0.8351648351648352,6.0,0.2705562635501132,dry-spell threshold,0.4666666666666667,0.04573490397185387,4.003271656223536
2013-02-19,0.0,london,"London, United Kingdom",temperate maritime,4,59.9,2,2013,3–5,45.498407079646014,27.221080971026016,0.5290602873443185,0.0,0,0,1,1,0,0,0,0,0,0,0,0,0.3163265306122449,0.5918367346938775,0.7653061224489796,0.9591836734693877,3.0,0.0,random drought day,0.7368421052631579,0.0,3.0
2013-02-21,0.0,london,"London, United Kingdom",temperate maritime,6,54.9,2,2013,6–9,45.498407079646014,27.221080971026016,0.3453791173965866,0.0,0,1,1,1,0,0,0,1,0,0,0,0,0.0847457627118644,0.2542372881355932,0.6779661016949152,0.9830508474576272,5.0,0.0,random drought day,0.7,0.0,3.0
2013-02-21,2.6,tucson,"Tucson, United States",hot semi-arid / monsoonal,0,34.10000000000001,2,2013,0–2,30.121769911504437,27.801130207843915,0.14309598418315883,0.0,0,0,0,0,0,0,0,0,0,0,0,0,0.22099447513812154,0.43646408839779005,0.6077348066298343,0.856353591160221,10.0,0.2705562635501132,season-matched placebo,0.34615384615384615,0.0,3.0
2013-02-22,0.0,london,"London, United Kingdom",temperate maritime,7,53.8,2,2013,6–9,45.498407079646014,27.221080971026016,0.30496926000808555,0.0,0,1,1,1,0,0,0,1,0,0,0,1,0.0847457627118644,0.2542372881355932,0.6779661016949152,0.9830508474576272,6.0,0.0,dry-spell threshold,0.7586206896551724,0.0,3.0
2013-02-22,0.0,tucson,"Tucson, United States",hot semi-arid / monsoonal,0,36.70000000000001,2,2013,0–2,30.121769911504437,27.801130207843915,0.23661736193155078,0.0,0,0,0,1,0,0,0,1,0,0,0,0,0.22099447513812154,0.43646408839779005,0.6077348066298343,0.856353591160221,0.0,0.0,season-matched placebo,0.3333333333333333,0.0,3.0
2013-02-23,0.0,tokyo,"Tokyo, Japan",humid subtropical,3,44.50000000000004,2,2013,3–5,65.73982300884958,35.926938123744165,-0.5911949116201504,0.5911949116201504,0,1,1,1,0,1,1,1,0,1,1,1,0.26717557251908397,0.5877862595419847,0.8931297709923665,1.0,2.0,0.5577937908269781,random drought day,0.9,0.016250584680316038,3.283375071902976
2013-02-24,7.6,brasilia,"Brasília, Brazil",tropical savanna,14,172.50000000000003,2,2013,10–19,233.41380530973456,101.62431886591932,-0.5994018556729785,0.5994018556729785,1,1,1,1,1,1,1,1,1,1,1,1,0.7539823008849558,0.8973451327433628,0.9964601769911504,1.0,13.0,0.448847341057373,high prospective hazard,0.8461538461538461,0.23375954238532037,8.701206832982013
2013-02-24,0.0,tucson,"Tucson, United States",hot semi-arid / monsoonal,2,36.70000000000001,2,2013,0–2,30.121769911504437,27.801130207843915,0.23661736193155078,0.0,0,0,0,1,0,0,0,1,0,0,0,0,0.22099447513812154,0.43646408839779005,0.6077348066298343,0.856353591160221,1.0,0.0,season-matched placebo,0.32142857142857145,0.0,3.0
2013-02-26,16.4,darwin,"Darwin, Australia",tropical savanna / monsoon,1,275.59999999999997,2,2013,0–2,399.70690265486724,117.59011199112142,-1.0554195463666018,1.0554195463666018,1,1,1,1,1,1,1,1,1,1,1,1,0.9537366548042705,0.994661921708185,1.0,1.0,0.0,0.995040319918241,30-day deficit threshold,0.6,0.07048176522312899,4.545870526222018
2013-02-27,2.5,cape_town,"Cape Town, South Africa",Mediterranean winter-rainfall,7,19.2,2,2013,6–9,11.802123893805309,12.848555776895664,0.5757749146793282,0.0,1,1,1,1,1,1,1,1,0,0,0,1,0.06329113924050633,0.17721518987341772,0.35443037974683544,0.5063291139240507,6.0,0.0,dry-spell threshold,0.6333333333333333,0.014572982587118144,3.291459651742363
2013-02-28,1.8,cape_town,"Cape Town, South Africa",Mediterranean winter-rainfall,0,21.7,2,2013,0–2,11.802123893805309,12.848555776895664,0.7703493122544637,0.0,0,0,0,1,0,0,0,1,0,0,0,1,0.06140350877192982,0.15789473684210525,0.42105263157894735,0.6578947368421053,7.0,0.0,season-matched placebo,0.6774193548387096,0.05865900409249447,4.173180081849889
2013-03-01,0.0,cape_town,"Cape Town, South Africa",Mediterranean winter-rainfall,0,23.5,3,2013,0–2,11.060483870967742,9.490236616741582,1.3107698607943976,0.0,0,0,1,1,0,0,1,1,0,0,1,1,0.06722689075630252,0.11764705882352941,0.29411764705882354,0.5630252100840336,0.0,0.0,season-matched placebo,0.65625,0.03748964925378484,3.749792985075697
2013-03-01,10.1,tokyo,"Tokyo, Japan",humid subtropical,1,50.80000000000004,3,2013,0–2,86.56790322580649,40.11320514013068,-0.891674028561307,0.891674028561307,0,1,1,1,0,1,1,1,0,0,0,1,0.3674832962138085,0.7060133630289532,0.9732739420935412,1.0,0.0,0.4158390274559967,high prospective hazard,0.8888888888888888,0.005139473569204855,2.8743731430154758
2013-03-01,0.0,tucson,"Tucson, United States",hot semi-arid / monsoonal,7,19.500000000000007,3,2013,6–9,26.86919354838711,20.47341795216967,-0.3599395843724351,0.3599395843724351,0,0,1,1,0,0,1,1,0,0,0,0,0.12149532710280374,0.2336448598130841,0.411214953271028,0.5514018691588785,6.0,0.35688368916401336,dry-spell threshold,0.4838709677419355,0.06293920504712269,4.416662334023981
2013-03-02,0.0,london,"London, United Kingdom",temperate maritime,15,36.1,3,2013,10–19,43.66516129032258,22.75797034071517,-0.33241810130968136,0.33241810130968136,0,0,1,1,0,0,1,1,0,0,1,1,0.25806451612903225,0.5,0.7903225806451613,0.9838709677419355,14.0,0.1346851781786027,random drought day,0.6666666666666666,0.0,2.9607399508359866
2013-03-03,1.7,brasilia,"Brasília, Brazil",tropical savanna,0,132.3,3,2013,0–2,215.29435483870967,72.0131469131794,-1.1524889328717913,1.1524889328717913,1,1,1,1,0,0,0,1,0,0,0,1,0.7554744525547445,0.8886861313868614,0.968978102189781,0.9927007299270073,0.0,0.9497481747488045,30-day deficit threshold,0.5833333333333334,0.0,2.5875727583267514
2013-03-04,0.0,london,"London, United Kingdom",temperate maritime,17,31.499999999999996,3,2013,10–19,43.66516129032258,22.75797034071517,-0.5345450893992286,0.5345450893992286,0,1,1,1,0,1,1,1,0,0,1,1,0.25806451612903225,0.5,0.7903225806451613,0.9838709677419355,16.0,0.38514688081130244,random drought day,0.6818181818181818,0.0,2.9005443533720863
2013-03-04,0.0,nairobi,"Nairobi, Kenya",subtropical highland / bimodal rainfall,30,1.8,3,2013,20+,34.05548387096774,29.879996154646307,-1.0795009378189646,1.0795009378189646,0,1,1,1,0,0,1,1,0,0,1,1,0.13793103448275862,0.29310344827586204,0.5689655172413793,0.8275862068965517,29.0,0.8452304926766377,30-day deficit threshold,0.8333333333333334,0.20501438539928152,8.170822890896773
2013-03-04,3.4,tokyo,"Tokyo, Japan",humid subtropical,2,59.200000000000045,3,2013,0–2,86.56790322580649,40.11320514013068,-0.6822666782721538,0.6822666782721538,0,0,1,1,0,0,0,1,0,0,0,1,0.3674832962138085,0.7060133630289532,0.9732739420935412,1.0,1.0,0.6398866192850634,random drought day,0.9047619047619048,0.021012489442220783,3.3750837568360845
2013-03-08,6.5,cape_town,"Cape Town, South Africa",Mediterranean winter-rainfall,7,23.3,3,2013,6–9,11.060483870967742,9.490236616741582,1.289695570650021,0.0,0,0,1,1,0,0,1,1,0,0,0,0,0.06382978723404255,0.14893617021276595,0.3404255319148936,0.6595744680851063,6.0,0.0,dry-spell threshold,0.6451612903225806,0.026400939576365468,3.5280187915273094
2013-03-09,0.4,nairobi,"Nairobi, Kenya",subtropical highland / bimodal rainfall,0,7.4,3,2013,0–2,34.05548387096774,29.879996154646307,-0.8920845817051032,0.8920845817051032,1,1,1,1,1,1,1,1,0,0,0,0,0.42948717948717946,0.6538461538461539,0.8653846153846154,0.9711538461538461,34.0,1.0560738933047318,high prospective hazard,0.8,0.1716810520659482,7.270814531036932
2013-03-09,0.0,tokyo,"Tokyo, Japan",humid subtropical,4,44.30000000000004,3,2013,3–5,86.56790322580649,40.11320514013068,-1.0537154305707706,1.0537154305707706,1,1,1,1,0,0,1,1,0,0,1,1,0.3816793893129771,0.7938931297709924,0.9770992366412213,1.0,3.0,0.8168856891723237,30-day deficit threshold,0.8333333333333334,0.0,2.647281635021494
2013-03-09,2.1,tucson,"Tucson, United States",hot semi-arid / monsoonal,0,21.900000000000006,3,2013,0–2,26.86919354838711,20.47341795216967,-0.24271440948434767,0.24271440948434767,0,0,0,0,0,0,0,0,0,0,0,0,0.15789473684210525,0.2807017543859649,0.49707602339181284,0.6140350877192983,14.0,0.3599395843724351,season-matched placebo,0.3103448275862069,0.0,2.978941167373054
2013-03-10,0.0,brasilia,"Brasília, Brazil",tropical savanna,6,79.10000000000001,3,2013,6–9,215.29435483870967,72.0131469131794,-1.891242928224044,1.891242928224044,1,1,1,1,1,1,1,1,1,1,1,1,0.7241935483870968,0.8725806451612903,0.9596774193548387,0.9935483870967742,5.0,1.8593043156430253,high prospective hazard,0.8571428571428571,0.24474855337433132,8.76267895906403
2013-03-10,0.0,tucson,"Tucson, United States",hot semi-arid / monsoonal,0,24.000000000000007,3,2013,0–2,26.86919354838711,20.47341795216967,-0.140142381457271,0.140142381457271,0,0,0,0,0,0,0,0,0,0,0,0,0.15789473684210525,0.2807017543859649,0.49707602339181284,0.6140350877192983,0.0,0.24271440948434767,season-matched placebo,0.3,0.0,2.9929462647985567
2013-03-11,6.3,brasilia,"Brasília, Brazil",tropical savanna,7,79.00000000000001,3,2013,6–9,215.29435483870967,72.0131469131794,-1.8926315635536528,1.8926315635536528,1,1,1,1,1,1,1,1,0,1,1,1,0.7241935483870968,0.8725806451612903,0.9596774193548387,0.9935483870967742,6.0,1.891242928224044,dry-spell threshold,0.5,0.0,2.0981273043678685
2013-03-11,0.0,cape_town,"Cape Town, South Africa",Mediterranean winter-rainfall,2,29.8,3,2013,0–2,11.060483870967742,9.490236616741582,1.974610000342264,0.0,0,0,1,1,0,0,1,1,0,0,0,0,0.06722689075630252,0.11764705882352941,0.29411764705882354,0.5630252100840336,1.0,0.0,season-matched placebo,0.6666666666666666,0.04790631592045147,3.9581263184090294
2013-03-11,0.0,tucson,"Tucson, United States",hot semi-arid / monsoonal,1,24.000000000000007,3,2013,0–2,26.86919354838711,20.47341795216967,-0.140142381457271,0.140142381457271,0,0,0,0,0,0,0,0,0,0,0,0,0.15789473684210525,0.2807017543859649,0.49707602339181284,0.6140350877192983,0.0,0.140142381457271,season-matched placebo,0.2903225806451613,0.0,2.9929462647985567
2013-03-12,0.0,tokyo,"Tokyo, Japan",humid subtropical,7,44.60000000000004,3,2013,6–9,86.56790322580649,40.11320514013068,-1.0462365966318723,1.0462365966318723,1,1,1,1,1,1,1,1,1,1,1,1,0.5757575757575758,0.8484848484848485,0.9696969696969697,1.0,6.0,1.0462365966318723,dry-spell threshold,0.8421052631578947,0.0,2.651691511248493
2013-03-14,16.3,brasilia,"Brasília, Brazil",tropical savanna,0,92.50000000000001,3,2013,0–2,215.29435483870967,72.0131469131794,-1.705165794056371,1.705165794056371,1,1,1,1,1,1,1,1,1,1,1,1,0.7554744525547445,0.8886861313868614,0.968978102189781,0.9927007299270073,0.0,1.8259770677323972,random drought day,0.5,0.0,2.2240165155410954
2013-03-14,0.3,london,"London, United Kingdom",temperate maritime,5,20.799999999999997,3,2013,3–5,43.66516129032258,22.75797034071517,-1.004710039955349,1.004710039955349,1,1,1,1,1,1,1,1,1,1,1,1,0.24299065420560748,0.4205607476635514,0.6635514018691588,0.8598130841121495,4.0,0.7762186621149915,30-day deficit threshold,0.9,0.10863538478535117,5.587363776490218
2013-03-17,0.3,nairobi,"Nairobi, Kenya",subtropical highland / bimodal rainfall,1,17.2,3,2013,0–2,34.05548387096774,29.879996154646307,-0.5641059585058458,0.5641059585058458,1,1,1,1,0,1,1,1,0,0,0,1,0.42948717948717946,0.6538461538461539,0.8653846153846154,0.9711538461538461,0.0,0.5774928410854073,random drought day,0.6666666666666666,0.03834771873261478,3.8367659197811226
2013-03-17,0.0,tucson,"Tucson, United States",hot semi-arid / monsoonal,7,18.60000000000001,3,2013,6–9,26.86919354838711,20.47341795216967,-0.40389902495546787,0.40389902495546787,0,0,0,0,0,0,0,0,0,0,0,0,0.12149532710280374,0.2336448598130841,0.411214953271028,0.5514018691588785,6.0,0.40389902495546787,dry-spell threshold,0.5,0.0790682373051872,4.806625457527136
2013-03-20,11.2,brasilia,"Brasília, Brazil",tropical savanna,0,121.10000000000001,3,2013,0–2,215.29435483870967,72.0131469131794,-1.308016089788055,1.308016089788055,1,1,1,1,1,1,1,1,1,1,1,1,0.7554744525547445,0.8886861313868614,0.968978102189781,0.9927007299270073,3.0,1.3691160442908727,high prospective hazard,0.8666666666666667,0.2542723628981409,9.467591483951583
2013-03-22,5.6,darwin,"Darwin, Australia",tropical savanna / monsoon,1,285.5,3,2013,0–2,394.08193548387095,143.27892247180256,-0.7578360697487796,0.7578360697487796,1,1,1,1,1,1,1,1,1,1,1,1,0.7495652173913043,0.8921739130434783,0.9617391304347827,0.9982608695652174,0.0,0.4514406890280766,high prospective hazard,0.9166666666666666,0.38714843188979564,12.79510764737355
2013-03-23,0.8,cape_town,"Cape Town, South Africa",Mediterranean winter-rainfall,7,13.0,3,2013,6–9,11.060483870967742,9.490236616741582,0.20436962821462082,0.0,0,0,1,1,0,0,0,1,0,0,0,1,0.06382978723404255,0.14893617021276595,0.3404255319148936,0.6595744680851063,6.0,0.0,dry-spell threshold,0.65625,0.03748964925378484,3.749792985075697
2013-03-24,0.0,tucson,"Tucson, United States",hot semi-arid / monsoonal,14,4.500000000000007,3,2013,10–19,26.86919354838711,20.47341795216967,-1.092596927422982,1.092596927422982,0,0,0,0,0,0,0,0,0,0,0,0,0.09554140127388536,0.1910828025477707,0.3248407643312102,0.5732484076433121,13.0,0.9656029879608872,30-day deficit threshold,0.4,0.0,2.624092995873747
2013-03-25,6.6,tokyo,"Tokyo, Japan",humid subtropical,0,49.40000000000004,3,2013,0–2,86.56790322580649,40.11320514013068,-0.9265752536094991,0.9265752536094991,0,1,1,1,0,1,1,1,0,1,1,1,0.3674832962138085,0.7060133630289532,0.9732739420935412,1.0,0.0,0.9564905893650925,random drought day,0.8636363636363636,0.0,2.719793285668511
2013-03-26,0.0,london,"London, United Kingdom",temperate maritime,2,58.3,3,2013,0–2,43.66516129032258,22.75797034071517,0.6430643194703064,0.0,1,1,1,1,0,0,0,1,0,0,0,0,0.4197860962566845,0.6764705882352942,0.8181818181818182,0.9278074866310161,1.0,0.0,season-matched placebo,0.8,0.008635384785351197,3.172707695707024
2013-03-27,4.1,brasilia,"Brasília, Brazil",tropical savanna,0,211.00000000000003,3,2013,0–2,215.29435483870967,72.0131469131794,-0.05963292846911695,0.05963292846911695,1,1,1,1,1,1,1,1,1,1,1,1,0.7554744525547445,0.8886861313868614,0.968978102189781,0.9927007299270073,0.0,0.15128286022334406,season-matched placebo,0.7333333333333333,0.12093902956480751,5.4885579420968735
2013-03-31,0.0,london,"London, United Kingdom",temperate maritime,7,57.699999999999996,3,2013,6–9,43.66516129032258,22.75797034071517,0.6166999297194958,0.0,0,0,1,1,0,0,1,1,0,0,0,1,0.1643835616438356,0.4246575342465753,0.7123287671232876,0.8767123287671232,6.0,0.0,dry-spell threshold,0.7333333333333333,0.0,3.0
2013-04-01,0.0,london,"London, United Kingdom",temperate maritime,8,57.699999999999996,4,2013,6–9,46.335166666666666,27.704570357072942,0.41021510844083175,0.0,0,1,1,1,0,1,1,1,0,0,0,1,0.32,0.46,0.6,0.88,7.0,0.0,random drought day,0.6956521739130435,0.0,3.0
2013-04-01,2.1,tokyo,"Tokyo, Japan",humid subtropical,0,48.60000000000004,4,2013,0–2,116.1426666666667,43.41530714367366,-1.555733936032024,1.555733936032024,1,1,1,1,1,1,1,1,1,1,1,1,0.33031674208144796,0.7036199095022625,0.9524886877828054,1.0,0.0,0.722153792612945,30-day deficit threshold,0.8461538461538461,0.0,2.3247939037329024
2013-04-03,0.0,cape_town,"Cape Town, South Africa",Mediterranean winter-rainfall,1,21.599999999999998,4,2013,0–2,24.096833333333333,28.520224613284682,-0.08754606133677899,0.08754606133677899,0,1,1,1,0,0,1,1,0,0,0,1,0.20192307692307693,0.35096153846153844,0.5432692307692307,0.8798076923076923,0.0,0.11910261505272624,season-matched placebo,0.6764705882352942,0.057710237489079,4.200864181209537
2013-04-05,0.4,darwin,"Darwin, Australia",tropical savanna / monsoon,1,256.3,4,2013,0–2,181.1625,124.65235065823825,0.602776438657029,0.0,0,1,1,1,0,1,1,1,0,0,0,0,0.4807692307692308,0.6121794871794872,0.7275641025641025,0.8012820512820513,0.0,0.0,season-matched placebo,0.7,0.17048176522312897,6.409635304462579
2013-04-06,0.0,london,"London, United Kingdom",temperate maritime,1,59.4,4,2013,0–2,46.335166666666666,27.704570357072942,0.4715768252294119,0.0,0,1,1,1,0,1,1,1,0,0,1,1,0.4583333333333333,0.6861111111111111,0.8694444444444445,0.9583333333333334,0.0,0.0,season-matched placebo,0.7692307692307693,0.0,3.0
2013-04-09,2.4,tucson,"Tucson, United States",hot semi-arid / monsoonal,30,0.0,4,2013,20+,13.29966666666668,12.691907161700495,-1.0478855933330633,1.0478855933330633,0,0,0,0,0,0,0,0,0,0,0,0,0.05217391304347826,0.12608695652173912,0.2565217391304348,0.39565217391304347,29.0,0.8824258264717808,30-day deficit threshold,0.3333333333333333,0.0,2.6507206241000754
2013-04-15,0.1,darwin,"Darwin, Australia",tropical savanna / monsoon,7,204.6,4,2013,6–9,181.1625,124.65235065823825,0.18802292837829465,0.0,1,1,1,1,1,1,1,1,0,0,0,0,0.14606741573033707,0.3258426966292135,0.5280898876404494,0.6292134831460674,6.0,0.0,dry-spell threshold,0.625,0.09548176522312901,4.90963530446258
2013-04-16,11.2,cape_town,"Cape Town, South Africa",Mediterranean winter-rainfall,7,18.599999999999998,4,2013,6–9,24.096833333333333,28.520224613284682,-0.19273457372326994,0.19273457372326994,1,1,1,1,1,1,1,1,1,1,1,1,0.08928571428571429,0.3125,0.7857142857142857,0.9464285714285714,6.0,0.1681905874997554,dry-spell threshold,0.6363636363636364,0.017603285617421194,3.3709669281978925
2013-04-17,30.0,cape_town,"Cape Town, South Africa",Mediterranean winter-rainfall,0,29.799999999999997,4,2013,0–2,24.096833333333333,28.520224613284682,0.19996920585296293,0.0,0,0,0,0,0,0,0,0,0,0,0,0,0.20192307692307693,0.35096153846153844,0.5432692307692307,0.8798076923076923,7.0,0.19273457372326994,season-matched placebo,0.6857142857142857,0.06695393496807056,4.339078699361411
2013-04-17,0.0,tucson,"Tucson, United States",hot semi-arid / monsoonal,7,2.400000000000007,4,2013,6–9,13.29966666666668,12.691907161700495,-0.858788716920169,0.858788716920169,0,0,0,0,0,0,0,0,0,0,0,0,0.025974025974025976,0.06493506493506493,0.12987012987012986,0.22077922077922077,6.0,0.858788716920169,dry-spell threshold,0.48484848484848486,0.06391672215367206,4.4347583187703385
2013-04-18,0.0,darwin,"Darwin, Australia",tropical savanna / monsoon,1,190.0,4,2013,0–2,181.1625,124.65235065823825,0.07089717886050902,0.0,0,0,1,1,0,0,0,0,0,0,0,0,0.4807692307692308,0.6121794871794872,0.7275641025641025,0.8012820512820513,0.0,0.0,season-matched placebo,0.7272727272727273,0.1977544924958563,6.955089849917126
2013-04-18,0.9,tokyo,"Tokyo, Japan",humid subtropical,7,141.80000000000004,4,2013,6–9,116.1426666666667,43.41530714367366,0.5909743595369691,0.0,1,1,1,1,0,1,1,1,0,1,1,1,0.4642857142857143,0.75,1.0,1.0,6.0,0.0,dry-spell threshold,0.85,0.0,3.0
2013-04-21,12.6,tokyo,"Tokyo, Japan",humid subtropical,0,157.60000000000005,4,2013,0–2,116.1426666666667,43.41530714367366,0.9549013023480218,0.0,0,1,1,1,0,1,1,1,0,1,1,1,0.33031674208144796,0.7036199095022625,0.9524886877828054,1.0,9.0,0.0,season-matched placebo,0.7777777777777778,0.0,3.0
2013-04-24,0.0,darwin,"Darwin, Australia",tropical savanna / monsoon,7,150.6,4,2013,6–9,181.1625,124.65235065823825,-0.2451818986052962,0.2451818986052962,0,0,0,0,0,0,0,0,0,0,0,0,0.14606741573033707,0.3258426966292135,0.5280898876404494,0.6292134831460674,6.0,0.15452977740317433,dry-spell threshold,0.6666666666666666,0.13714843188979564,6.0356920972917845
2013-04-25,0.0,cape_town,"Cape Town, South Africa",Mediterranean winter-rainfall,7,58.599999999999994,4,2013,6–9,24.096833333333333,28.520224613284682,1.2097789247632758,0.0,0,0,1,1,0,0,1,1,0,0,0,0,0.08928571428571429,0.3125,0.7857142857142857,0.9464285714285714,6.0,0.0,dry-spell threshold,0.6470588235294118,0.028298472783196638,3.5659694556639328
2013-04-25,0.0,london,"London, United Kingdom",temperate maritime,5,30.099999999999998,4,2013,3–5,46.335166666666666,27.704570357072942,-0.5860104111855267,0.5860104111855267,1,1,1,1,1,1,1,1,1,1,1,1,0.35714285714285715,0.6122448979591837,0.8367346938775511,0.8775510204081632,4.0,0.6004484621946043,random drought day,0.7083333333333334,0.0,2.881265956597174
2013-04-26,0.0,cape_town,"Cape Town, South Africa",Mediterranean winter-rainfall,8,58.599999999999994,4,2013,6–9,24.096833333333333,28.520224613284682,1.2097789247632758,0.0,0,0,1,1,0,0,1,1,0,0,0,0,0.08928571428571429,0.3125,0.7857142857142857,0.9464285714285714,7.0,0.0,random drought day,0.45,0.0,3.0
2013-04-28,0.0,london,"London, United Kingdom",temperate maritime,0,39.9,4,2013,0–2,46.335166666666666,27.704570357072942,-0.232278161463124,0.232278161463124,1,1,1,1,0,0,0,1,0,0,0,1,0.4583333333333333,0.6861111111111111,0.8694444444444445,0.9583333333333334,0.0,0.29724939100397363,season-matched placebo,0.7777777777777778,0.0,2.9807018118064947
2013-04-29,0.0,darwin,"Darwin, Australia",tropical savanna / monsoon,12,42.699999999999996,4,2013,10–19,181.1625,124.65235065823825,-1.1107893214113973,1.1107893214113973,0,0,0,1,0,0,0,0,0,0,0,0,0.12987012987012986,0.2077922077922078,0.3116883116883117,0.35064935064935066,11.0,0.9270783855239115,30-day deficit threshold,0.6666666666666666,0.13714843188979564,6.329271902166945
2013-05-01,0.0,darwin,"Darwin, Australia",tropical savanna / monsoon,14,35.1,5,2013,10–19,39.95,59.091811180795744,-0.08207567009853649,0.08207567009853649,0,0,0,1,0,0,0,0,0,0,0,0,0.05844155844155844,0.14935064935064934,0.2597402597402597,0.35064935064935066,13.0,1.1340540250827382,random drought day,0.3333333333333333,0.0,2.9975768491781616
2013-05-02,0.0,brasilia,"Brasília, Brazil",tropical savanna,7,125.80000000000001,5,2013,6–9,47.016935483870974,41.55680838789718,1.8957919910681462,0.0,0,0,0,1,0,0,0,1,0,0,0,0,0.06666666666666667,0.16666666666666666,0.32222222222222224,0.6,6.0,0.0,dry-spell threshold,0.5384615384615384,0.0,3.0
2013-05-02,1.3,cape_town,"Cape Town, South Africa",Mediterranean winter-rainfall,14,47.4,5,2013,10–19,43.471774193548384,31.93177389758018,0.12301934177071507,0.0,1,1,1,1,1,1,1,1,0,0,0,0,0.24489795918367346,0.4897959183673469,0.7653061224489796,0.9183673469387755,13.0,0.0,random drought day,0.47619047619047616,0.0,3.0
2013-05-03,0.0,tokyo,"Tokyo, Japan",humid subtropical,1,133.70000000000005,5,2013,0–2,112.75661290322584,46.35753486316777,0.45177956849069323,0.0,0,1,1,1,0,0,0,1,0,0,0,1,0.34831460674157305,0.6921348314606741,0.9707865168539326,1.0,0.0,0.0,season-matched placebo,0.7894736842105263,0.0,3.0
2013-05-04,0.0,cape_town,"Cape Town, South Africa",Mediterranean winter-rainfall,0,52.3,5,2013,0–2,43.471774193548384,31.93177389758018,0.27647151187928914,0.0,0,0,1,1,0,0,0,1,0,0,0,0,0.2743682310469314,0.5234657039711191,0.776173285198556,0.9638989169675091,0.0,0.0,season-matched placebo,0.6666666666666666,0.04790631592045147,3.9581263184090294
2013-05-04,11.7,nairobi,"Nairobi, Kenya",subtropical highland / bimodal rainfall,0,204.5,5,2013,0–2,106.88693548387096,59.75590066479438,1.633530135604474,0.0,1,1,1,1,1,1,1,1,1,1,1,1,0.5518672199170125,0.7863070539419087,0.9315352697095436,0.970954356846473,0.0,0.0,season-matched placebo,0.5,0.0,3.0
2013-05-04,0.0,tokyo,"Tokyo, Japan",humid subtropical,2,106.10000000000004,5,2013,0–2,112.75661290322584,46.35753486316777,-0.14359290076303546,0.14359290076303546,0,1,1,1,0,0,1,1,0,0,1,1,0.34831460674157305,0.6921348314606741,0.9707865168539326,1.0,1.0,0.0,season-matched placebo,0.75,0.0,2.9925955090998473
2013-05-05,0.0,london,"London, United Kingdom",temperate maritime,7,39.199999999999996,5,2013,6–9,48.14758064516129,20.32479749389796,-0.4402297561807243,0.4402297561807243,0,1,1,1,0,1,1,1,0,0,1,1,0.2857142857142857,0.6071428571428571,0.7619047619047619,0.9285714285714286,6.0,0.38118857752394925,dry-spell threshold,0.7419354838709677,0.0,2.9318168792085433
2013-05-06,0.0,cape_town,"Cape Town, South Africa",Mediterranean winter-rainfall,2,52.3,5,2013,0–2,43.471774193548384,31.93177389758018,0.27647151187928914,0.0,0,1,1,1,0,0,0,1,0,0,0,0,0.2743682310469314,0.5234657039711191,0.776173285198556,0.9638989169675091,1.0,0.0,season-matched placebo,0.6486486486486487,0.029888297902433525,3.5977659580486705
2013-05-07,0.0,tokyo,"Tokyo, Japan",humid subtropical,5,62.30000000000005,5,2013,3–5,112.75661290322584,46.35753486316777,-1.0884231237091695,1.0884231237091695,0,0,1,1,0,0,1,1,0,0,1,1,0.4507042253521127,0.8098591549295775,0.9929577464788732,1.0,4.0,0.14359290076303516,30-day deficit threshold,0.8571428571428571,0.0,2.6266027159326906
2013-05-07,0.0,tokyo,"Tokyo, Japan",humid subtropical,5,62.30000000000005,5,2013,3–5,112.75661290322584,46.35753486316777,-1.0884231237091695,1.0884231237091695,0,0,1,1,0,0,1,1,0,0,1,1,0.4507042253521127,0.8098591549295775,0.9929577464788732,1.0,4.0,0.14359290076303516,high prospective hazard,0.9,0.016250584680316038,3.0660218063935134
2013-05-09,0.0,tokyo,"Tokyo, Japan",humid subtropical,7,62.30000000000005,5,2013,6–9,112.75661290322584,46.35753486316777,-1.0884231237091695,1.0884231237091695,0,1,1,1,0,1,1,1,0,1,1,1,0.6060606060606061,0.8484848484848485,1.0,1.0,6.0,1.0884231237091695,dry-spell threshold,0.8571428571428571,0.0,2.6266027159326906
2013-05-11,0.0,cape_town,"Cape Town, South Africa",Mediterranean winter-rainfall,7,47.9,5,2013,6–9,43.471774193548384,31.93177389758018,0.13867772647567161,0.0,0,0,1,1,0,0,1,1,0,0,0,0,0.17307692307692307,0.40384615384615385,0.7403846153846154,0.9423076923076923,6.0,0.0,dry-spell threshold,0.6571428571428571,0.03838250639664198,3.7676501279328396
2013-05-13,0.1,london,"London, United Kingdom",temperate maritime,1,32.699999999999996,5,2013,0–2,48.14758064516129,20.32479749389796,-0.7600361405715883,0.7600361405715883,1,1,1,1,1,1,1,1,1,1,1,1,0.3729281767955801,0.6215469613259669,0.8756906077348067,0.9668508287292817,0.0,0.43530965795932663,high prospective hazard,0.7307692307692307,0.0,2.805524959438213
2013-05-14,10.7,london,"London, United Kingdom",temperate maritime,2,27.299999999999997,5,2013,0–2,48.14758064516129,20.32479749389796,-1.0257214445270753,1.0257214445270753,1,1,1,1,1,1,1,1,0,0,0,1,0.3729281767955801,0.6215469613259669,0.8756906077348067,0.9668508287292817,1.0,0.7600361405715883,30-day deficit threshold,0.9090909090909091,0.11772629387626021,5.826463869650443
2013-05-17,0.0,brasilia,"Brasília, Brazil",tropical savanna,2,4.200000000000014,5,2013,0–2,47.016935483870974,41.55680838789718,-1.0303229998851589,1.0303229998851589,0,0,0,1,0,0,0,1,0,0,0,1,0.2482758620689655,0.33793103448275863,0.36551724137931035,0.5310344827586206,1.0,0.6044000118927783,30-day deficit threshold,0.5384615384615384,0.0,2.6610185469618814
2013-05-17,0.0,cape_town,"Cape Town, South Africa",Mediterranean winter-rainfall,0,38.4,5,2013,0–2,43.471774193548384,31.93177389758018,-0.1588315829185027,0.1588315829185027,0,0,0,1,0,0,0,1,0,0,0,1,0.2743682310469314,0.5234657039711191,0.776173285198556,0.9638989169675091,12.0,0.0,season-matched placebo,0.631578947368421,0.012818596622205858,3.2668422120201512
2013-05-18,0.0,cape_town,"Cape Town, South Africa",Mediterranean winter-rainfall,1,8.4,5,2013,0–2,43.471774193548384,31.93177389758018,-1.0983346652158952,1.0983346652158952,0,0,1,1,0,0,0,1,0,0,0,1,0.2743682310469314,0.5234657039711191,0.776173285198556,0.9638989169675091,0.0,0.1588315829185027,30-day deficit threshold,0.7777777777777778,0.15901742703156263,6.924497122719418
2013-05-18,2.8,darwin,"Darwin, Australia",tropical savanna / monsoon,0,9.0,5,2013,0–2,39.95,59.091811180795744,-0.5237612349587019,0.5237612349587019,0,1,1,1,0,0,1,1,0,0,1,1,0.12941176470588237,0.25882352941176473,0.4470588235294118,0.5411764705882353,30.0,0.6371441194247213,random drought day,0.3,0.0,2.9043900928230277
2013-05-19,0.5,nairobi,"Nairobi, Kenya",subtropical highland / bimodal rainfall,7,133.4,5,2013,6–9,106.88693548387096,59.75590066479438,0.4436894803888281,0.0,1,1,1,1,0,0,0,0,0,0,0,0,0.2571428571428571,0.45714285714285713,0.5428571428571428,0.9142857142857143,6.0,0.0,dry-spell threshold,0.7,0.0716810520659481,4.433621041318962
2013-05-22,0.0,brasilia,"Brasília, Brazil",tropical savanna,7,2.7000000000000144,5,2013,6–9,47.016935483870974,41.55680838789718,-1.0664181683590894,1.0664181683590894,0,0,1,1,0,0,0,1,0,0,0,1,0.06666666666666667,0.16666666666666666,0.32222222222222224,0.6,6.0,1.0664181683590894,dry-spell threshold,0.5,0.0,2.6397535574767645
2013-05-22,0.0,tokyo,"Tokyo, Japan",humid subtropical,1,56.40000000000004,5,2013,0–2,112.75661290322584,46.35753486316777,-1.2156947747452929,1.2156947747452929,0,0,1,1,0,0,1,1,0,0,1,1,0.34831460674157305,0.6921348314606741,0.9707865168539326,1.0,0.0,0.9633086193007776,30-day deficit threshold,0.8666666666666667,0.0,2.548096047077531
2013-05-24,0.0,cape_town,"Cape Town, South Africa",Mediterranean winter-rainfall,7,8.4,5,2013,6–9,43.471774193548384,31.93177389758018,-1.0983346652158952,1.0983346652158952,1,1,1,1,0,1,1,1,0,1,1,1,0.17307692307692307,0.40384615384615385,0.7403846153846154,0.9423076923076923,6.0,1.0983346652158952,dry-spell threshold,0.6666666666666666,0.04790631592045147,3.9172361996969225
2013-05-28,0.7,tokyo,"Tokyo, Japan",humid subtropical,7,44.30000000000004,5,2013,6–9,112.75661290322584,46.35753486316777,-1.4767095167007318,1.4767095167007318,1,1,1,1,1,1,1,1,1,1,1,1,0.6060606060606061,0.8484848484848485,1.0,1.0,6.0,1.4767095167007318,dry-spell threshold,0.8636363636363636,0.0,2.377781025689024
2013-05-29,6.2,tokyo,"Tokyo, Japan",humid subtropical,8,45.000000000000036,5,2013,6–9,112.75661290322584,46.35753486316777,-1.4616094903066155,1.4616094903066155,1,1,1,1,1,1,1,1,1,1,1,1,0.6060606060606061,0.8484848484848485,1.0,1.0,7.0,1.4767095167007318,random drought day,0.8695652173913043,0.0,2.387857693467424
2013-05-30,2.8,london,"London, United Kingdom",temperate maritime,1,51.39999999999999,5,2013,0–2,48.14758064516129,20.32479749389796,0.16002222682982017,0.0,0,0,0,1,0,0,0,1,0,0,0,0,0.3729281767955801,0.6215469613259669,0.8756906077348067,0.9668508287292817,0.0,0.0,season-matched placebo,0.75,0.0,3.0
2013-05-31,0.0,cape_town,"Cape Town, South Africa",Mediterranean winter-rainfall,0,43.4,5,2013,0–2,43.471774193548384,31.93177389758018,-0.0022477358689372683,0.0022477358689372683,1,1,1,1,1,1,1,1,1,1,1,1,0.2743682310469314,0.5234657039711191,0.776173285198556,0.9638989169675091,0.0,0.13690984433156345,season-matched placebo,0.6153846153846154,0.0,2.9999981811671494
2013-06-01,31.8,cape_town,"Cape Town, South Africa",Mediterranean winter-rainfall,1,43.4,6,2013,0–2,74.97083333333333,32.39451662165692,-0.9745733730821307,0.9745733730821307,1,1,1,1,1,1,1,1,1,1,1,1,0.3342776203966006,0.5524079320113314,0.8753541076487252,0.9716713881019831,0.0,0.0022477358689372683,high prospective hazard,0.7142857142857143,0.09552536353949914,5.243808008322782
2013-06-01,0.0,mumbai,"Mumbai, India",tropical monsoon,2,10.400000000000029,6,2013,0–2,177.036,162.86130462730597,-1.0231773617516577,1.0231773617516577,1,1,1,1,1,1,1,1,1,1,1,1,0.9471624266144814,0.9823874755381604,1.0,1.0,1.0,0.0,30-day deficit threshold,0.875,0.5464723097346129,17.34218052894295
2013-06-01,0.0,mumbai,"Mumbai, India",tropical monsoon,2,10.400000000000029,6,2013,0–2,177.036,162.86130462730597,-1.0231773617516577,1.0231773617516577,1,1,1,1,1,1,1,1,1,1,1,1,0.9471624266144814,0.9823874755381604,1.0,1.0,1.0,0.0,high prospective hazard,0.875,0.5464723097346129,17.34218052894295
2013-06-02,0.0,london,"London, United Kingdom",temperate maritime,2,54.19999999999999,6,2013,0–2,54.81133333333334,25.599446432523536,-0.0238807247236668,0.0238807247236668,0,0,1,1,0,0,0,1,0,0,0,0,0.3937677053824363,0.6685552407932012,0.8583569405099151,0.9773371104815864,1.0,0.0238807247236668,season-matched placebo,0.7241379310344828,0.0,2.9997947100041578
2013-06-03,20.4,brasilia,"Brasília, Brazil",tropical savanna,0,17.500000000000014,6,2013,0–2,11.994000000000007,16.887734897946057,0.3260354353779953,0.0,1,1,1,1,1,1,1,1,0,0,0,0,0.21621621621621623,0.35135135135135137,0.3783783783783784,0.3783783783783784,0.0,0.0,season-matched placebo,0.75,0.13760569623147423,5.752113924629485
2013-06-04,0.0,darwin,"Darwin, Australia",tropical savanna / monsoon,7,40.1,6,2013,6–9,9.110999999999999,21.38688875653665,1.4489718608803528,0.0,0,0,0,1,0,0,0,0,0,0,0,0,0.0,0.0,0.0,0.03125,6.0,0.0,dry-spell threshold,0.6,0.07048176522312899,4.409635304462579
2013-06-04,0.0,tokyo,"Tokyo, Japan",humid subtropical,4,48.700000000000045,6,2013,3–5,141.02533333333335,50.96106823528811,-1.8116836347908896,1.8116836347908896,0,1,1,1,0,0,1,1,0,0,1,1,0.5106382978723404,0.8723404255319149,0.9893617021276596,1.0,3.0,1.8116836347908896,random drought day,0.875,0.0,2.1522907699595866
2013-06-05,0.0,tucson,"Tucson, United States",hot semi-arid / monsoonal,56,0.0,6,2013,20+,2.467166666666676,3.3015611179028084,-0.7472727532706861,0.7472727532706861,0,0,0,0,0,0,0,0,0,0,0,0,0.038560411311053984,0.09768637532133675,0.20822622107969152,0.4138817480719794,55.0,0.7472727532706861,random drought day,0.3333333333333333,0.0,2.8115950491216184
2013-06-07,0.5,london,"London, United Kingdom",temperate maritime,7,53.599999999999994,6,2013,6–9,54.81133333333334,25.599446432523536,-0.04731873154078717,0.04731873154078717,0,0,1,1,0,0,1,1,0,0,0,0,0.275,0.5875,0.7875,0.9375,6.0,0.04731873154078717,dry-spell threshold,0.75,0.0,2.999194154073047
2013-06-07,0.6,tokyo,"Tokyo, Japan",humid subtropical,7,48.70000000000004,6,2013,6–9,141.02533333333335,50.96106823528811,-1.8116836347908896,1.8116836347908896,0,1,1,1,0,1,1,1,0,0,1,1,0.5,0.9090909090909091,1.0,1.0,6.0,1.8195327638192136,dry-spell threshold,0.8695652173913043,0.0,2.1522907699595866
2013-06-08,0.0,nairobi,"Nairobi, Kenya",subtropical highland / bimodal rainfall,27,9.700000000000001,6,2013,20+,54.527166666666666,41.728924227297085,-1.074246880233324,1.074246880233324,0,1,1,1,0,0,1,1,0,0,0,1,0.235,0.42,0.6083333333333333,0.7533333333333333,26.0,0.6165307911253838,30-day deficit threshold,0.8571428571428571,0.22882390920880524,8.814037280877285
2013-06-08,0.0,nairobi,"Nairobi, Kenya",subtropical highland / bimodal rainfall,27,9.700000000000001,6,2013,20+,54.527166666666666,41.728924227297085,-1.074246880233324,1.074246880233324,0,1,1,1,0,0,1,1,0,0,0,1,0.235,0.42,0.6083333333333333,0.7533333333333333,26.0,0.6165307911253838,random drought day,0.6842105263157895,0.05589157838173764,4.1443345003085685
2013-06-14,0.0,brasilia,"Brasília, Brazil",tropical savanna,7,43.70000000000001,6,2013,6–9,11.994000000000007,16.887734897946057,1.8774572310379052,0.0,0,0,0,0,0,0,0,0,0,0,0,0,0.0,0.0,0.0,0.023809523809523808,6.0,0.0,dry-spell threshold,0.4666666666666667,0.0,3.0
2013-06-14,0.0,brasilia,"Brasília, Brazil",tropical savanna,7,43.70000000000001,6,2013,6–9,11.994000000000007,16.887734897946057,1.8774572310379052,0.0,0,0,0,0,0,0,0,0,0,0,0,0,0.0,0.0,0.0,0.023809523809523808,6.0,0.0,random drought day,0.5384615384615384,0.0,3.0
2013-06-14,1.2,london,"London, United Kingdom",temperate maritime,1,33.099999999999994,6,2013,0–2,54.81133333333334,25.599446432523536,-0.8481172977924073,0.8481172977924073,1,1,1,1,1,1,1,1,0,0,0,0,0.3937677053824363,0.6685552407932012,0.8583569405099151,0.9773371104815864,0.0,0.4418585129623169,high prospective hazard,0.7407407407407407,0.0,2.7616264715922836
2013-06-23,0.0,tucson,"Tucson, United States",hot semi-arid / monsoonal,74,0.0,6,2013,20+,2.467166666666676,3.3015611179028084,-0.7472727532706861,0.7472727532706861,0,0,1,1,0,0,0,1,0,0,0,0,0.038560411311053984,0.09768637532133675,0.20822622107969152,0.4138817480719794,73.0,0.7472727532706861,random drought day,0.3157894736842105,0.0,2.8115950491216184
2013-06-24,0.0,london,"London, United Kingdom",temperate maritime,0,28.9,6,2013,0–2,54.81133333333334,25.599446432523536,-1.0121833455122513,1.0121833455122513,0,1,1,1,0,1,1,1,0,0,0,0,0.3937677053824363,0.6685552407932012,0.8583569405099151,0.9773371104815864,0.0,0.7738969428715252,30-day deficit threshold,0.9166666666666666,0.12530205145201778,6.032661207359018
2013-06-25,0.0,nairobi,"Nairobi, Kenya",subtropical highland / bimodal rainfall,7,23.3,6,2013,6–9,54.527166666666666,41.728924227297085,-0.748333853433953,0.748333853433953,1,1,1,1,0,0,0,0,0,0,0,0,0.2,0.30526315789473685,0.5157894736842106,0.7263157894736842,6.0,0.7507302727486541,dry-spell threshold,0.6774193548387096,0.04910040690465778,4.075563498795499
2013-06-25,0.0,nairobi,"Nairobi, Kenya",subtropical highland / bimodal rainfall,7,23.3,6,2013,6–9,54.527166666666666,41.728924227297085,-0.748333853433953,0.748333853433953,1,1,1,1,0,0,0,0,0,0,0,0,0.2,0.30526315789473685,0.5157894736842106,0.7263157894736842,6.0,0.7507302727486541,random drought day,0.7,0.0716810520659481,4.65707705495596
2013-06-27,0.0,darwin,"Darwin, Australia",tropical savanna / monsoon,30,0.6999999999999964,6,2013,20+,9.110999999999999,21.38688875653665,-0.3932783349531979,0.3932783349531979,0,0,0,0,0,0,0,0,0,0,0,0,0.014527845036319613,0.04116222760290557,0.09443099273607748,0.14769975786924938,29.0,0.34184495385124597,random drought day,0.36363636363636365,0.0,2.945334179828997
2013-06-27,0.0,tokyo,"Tokyo, Japan",humid subtropical,0,169.60000000000002,6,2013,0–2,141.02533333333335,50.96106823528811,0.5607156140200389,0.0,0,1,1,1,0,0,1,1,0,0,1,1,0.4896694214876033,0.8078512396694215,0.9772727272727273,1.0,0.0,0.38117986937884074,season-matched placebo,0.7619047619047619,0.0,3.0
2013-06-28,2.8,london,"London, United Kingdom",temperate maritime,0,20.299999999999997,6,2013,0–2,54.81133333333334,25.599446432523536,-1.3481281098909799,1.3481281098909799,0,0,1,1,0,0,1,1,0,0,0,0,0.3937677053824363,0.6685552407932012,0.8583569405099151,0.9773371104815864,3.0,1.0121833455122513,high prospective hazard,0.75,0.0,2.4628642593476213
2013-06-29,0.0,cape_town,"Cape Town, South Africa",Mediterranean winter-rainfall,2,126.9,6,2013,0–2,74.97083333333333,32.39451662165692,1.6030233534014249,0.0,0,0,0,1,0,0,0,1,0,0,0,0,0.3342776203966006,0.5524079320113314,0.8753541076487252,0.9716713881019831,1.0,0.0,season-matched placebo,0.625,0.00623964925378484,3.124792985075697
2013-07-01,0.2,nairobi,"Nairobi, Kenya",subtropical highland / bimodal rainfall,13,22.3,7,2013,10–19,21.771290322580644,22.31910042743049,0.023688664296235052,0.0,1,1,1,1,0,0,0,0,0,0,0,0,0.08450704225352113,0.20422535211267606,0.36619718309859156,0.5985915492957746,12.0,0.7675052079515629,random drought day,0.6666666666666666,0.03834771873261478,3.7669543746522955
2013-07-03,1.4,london,"London, United Kingdom",temperate maritime,0,21.499999999999996,7,2013,0–2,53.25306451612904,23.654472339833752,-1.3423704431004106,1.3423704431004106,0,0,0,1,0,0,0,0,0,0,0,0,0.380352644836272,0.6926952141057935,0.8589420654911839,0.9748110831234257,3.0,1.4142384592445385,high prospective hazard,0.7586206896551724,0.0,2.466628553149812
2013-07-04,0.0,cape_town,"Cape Town, South Africa",Mediterranean winter-rainfall,7,64.0,7,2013,6–9,86.68548387096774,47.99031891727379,-0.47270958774150296,0.47270958774150296,0,1,1,1,0,1,1,1,0,0,0,1,0.37362637362637363,0.5494505494505495,0.7472527472527473,0.978021978021978,6.0,0.3810244291664001,dry-spell threshold,0.6756756756756757,0.0569153249294605,4.292255903825424
2013-07-05,0.0,darwin,"Darwin, Australia",tropical savanna / monsoon,38,0.6999999999999964,7,2013,20+,1.6995161290322582,4.838728697046019,-0.20656585471354355,0.20656585471354355,0,0,0,0,0,0,0,0,0,0,0,0,0.007220216606498195,0.021660649819494584,0.048736462093862815,0.11371841155234658,37.0,0.20656585471354355,random drought day,0.3333333333333333,0.0,2.9847172499489067
2013-07-06,0.0,london,"London, United Kingdom",temperate maritime,2,22.899999999999995,7,2013,0–2,53.25306451612904,23.654472339833752,-1.2831850180405406,1.2831850180405406,0,0,1,1,0,0,0,0,0,0,0,0,0.380352644836272,0.6926952141057935,0.8589420654911839,0.9748110831234257,1.0,1.2831850180405406,random drought day,0.72,0.0,2.505035842527602
2013-07-08,1.1,tucson,"Tucson, United States",hot semi-arid / monsoonal,0,2.500000000000007,7,2013,0–2,14.544838709677434,14.835603895577684,-0.8118873215041721,0.8118873215041721,1,1,1,1,0,1,1,1,0,1,1,1,0.32677165354330706,0.5433070866141733,0.7677165354330708,0.9212598425196851,88.0,0.9197359814752664,high prospective hazard,0.3333333333333333,0.0,2.7800962680499555
2013-07-09,0.0,cape_town,"Cape Town, South Africa",Mediterranean winter-rainfall,1,49.7,7,2013,0–2,86.68548387096774,47.99031891727379,-0.7706863531105868,0.7706863531105868,0,0,1,1,0,0,1,1,0,0,0,1,0.32732732732732733,0.5495495495495496,0.8408408408408409,0.9669669669669669,0.0,0.4602070661176254,high prospective hazard,0.75,0.13123964925378484,6.194711633113247
2013-07-10,0.0,darwin,"Darwin, Australia",tropical savanna / monsoon,43,0.6999999999999964,7,2013,20+,1.6995161290322582,4.838728697046019,-0.20656585471354355,0.20656585471354355,0,0,0,0,0,0,0,0,0,0,0,0,0.007220216606498195,0.021660649819494584,0.048736462093862815,0.11371841155234658,42.0,0.20656585471354355,random drought day,0.3076923076923077,0.0,2.9847172499489067
2013-07-10,0.0,london,"London, United Kingdom",temperate maritime,6,22.399999999999995,7,2013,6–9,53.25306451612904,23.654472339833752,-1.3043226698476371,1.3043226698476371,0,1,1,1,0,0,0,1,0,0,0,1,0.14285714285714285,0.4603174603174603,0.9047619047619048,1.0,5.0,1.3043226698476371,high prospective hazard,0.7333333333333333,0.0,2.4913820701440974
2013-07-11,0.0,darwin,"Darwin, Australia",tropical savanna / monsoon,44,0.6999999999999964,7,2013,20+,1.6995161290322582,4.838728697046019,-0.20656585471354355,0.20656585471354355,0,0,0,0,0,0,0,0,0,0,0,0,0.007220216606498195,0.021660649819494584,0.048736462093862815,0.11371841155234658,43.0,0.20656585471354355,random drought day,0.2857142857142857,0.0,2.9847172499489067
2013-07-11,0.0,london,"London, United Kingdom",temperate maritime,7,22.399999999999995,7,2013,6–9,53.25306451612904,23.654472339833752,-1.3043226698476371,1.3043226698476371,0,1,1,1,0,0,0,1,0,0,0,1,0.14285714285714285,0.4603174603174603,0.9047619047619048,1.0,6.0,1.3043226698476371,dry-spell threshold,0.7575757575757576,0.0,2.4913820701440974
2013-07-11,0.0,tokyo,"Tokyo, Japan",humid subtropical,2,163.00000000000006,7,2013,0–2,175.2385483870968,78.86270240028857,-0.15518804218725293,0.15518804218725293,0,1,1,1,0,0,1,1,0,0,1,1,0.42452830188679247,0.6839622641509434,0.8891509433962265,0.9905660377358491,1.0,0.134899617478209,season-matched placebo,0.7727272727272727,0.0,2.9913549858481714
2013-07-16,0.7,tokyo,"Tokyo, Japan",humid subtropical,7,104.10000000000004,7,2013,6–9,175.2385483870968,78.86270240028857,-0.9020556767889363,0.9020556767889363,1,1,1,1,1,1,1,1,1,1,1,1,0.31343283582089554,0.6119402985074627,0.9402985074626866,1.0,6.0,0.7498924914711061,dry-spell threshold,0.875,0.0,2.733125259619748
2013-07-20,0.0,tokyo,"Tokyo, Japan",humid subtropical,2,96.10000000000004,7,2013,0–2,175.2385483870968,78.86270240028857,-1.0034978003341564,1.0034978003341564,0,1,1,1,0,1,1,1,0,0,1,1,0.42452830188679247,0.6839622641509434,0.8891509433962265,0.9905660377358491,1.0,0.8640148804594786,30-day deficit threshold,0.875,0.0,2.6765617602941982
2013-07-21,0.0,london,"London, United Kingdom",temperate maritime,17,11.999999999999996,7,2013,10–19,53.25306451612904,23.654472339833752,-1.7439858274352433,1.7439858274352433,0,1,1,1,0,1,1,1,0,1,1,1,0.3333333333333333,0.6666666666666666,0.9761904761904762,1.0,16.0,1.7059380541824696,random drought day,0.6923076923076923,0.0,2.1978369961547157
2013-07-24,0.0,cape_town,"Cape Town, South Africa",Mediterranean winter-rainfall,0,76.1,7,2013,0–2,86.68548387096774,47.99031891727379,-0.22057540165997055,0.22057540165997055,0,1,1,1,0,1,1,1,0,1,1,1,0.32732732732732733,0.5495495495495496,0.8408408408408409,0.9669669669669669,3.0,0.42478325484997204,season-matched placebo,0.6097560975609756,0.0,2.982586405082887
2013-07-25,0.0,cape_town,"Cape Town, South Africa",Mediterranean winter-rainfall,1,60.2,7,2013,0–2,86.68548387096774,47.99031891727379,-0.551892224692728,0.551892224692728,1,1,1,1,1,1,1,1,1,1,1,1,0.32732732732732733,0.5495495495495496,0.8408408408408409,0.9669669669669669,0.0,0.22057540165997055,high prospective hazard,0.7777777777777778,0.15901742703156263,6.809080094442962
2013-07-27,25.4,london,"London, United Kingdom",temperate maritime,1,15.899999999999995,7,2013,0–2,53.25306451612904,23.654472339833752,-1.5791121433398907,1.5791121433398907,1,1,1,1,1,1,1,1,0,0,0,0,0.380352644836272,0.6926952141057935,0.8589420654911839,0.9748110831234257,0.0,1.5791121433398907,random drought day,0.7037037037037037,0.0,2.3090574591420268
2013-07-31,0.5,nairobi,"Nairobi, Kenya",subtropical highland / bimodal rainfall,0,18.400000000000002,7,2013,0–2,21.771290322580644,22.31910042743049,-0.15104956104939057,0.15104956104939057,1,1,1,1,0,1,1,1,0,0,0,1,0.19117647058823528,0.2647058823529412,0.4852941176470588,0.6838235294117647,1.0,0.28546358054602583,season-matched placebo,0.5185185185185185,0.0,2.991808677993198
2013-08-03,0.0,tokyo,"Tokyo, Japan",humid subtropical,1,91.10000000000004,8,2013,0–2,104.671935483871,67.34377615546884,-0.20153214236960798,0.20153214236960798,1,1,1,1,0,0,0,1,0,0,0,0,0.36220472440944884,0.6299212598425197,0.8976377952755905,0.973753280839895,0.0,0.18816787841858928,season-matched placebo,0.782608695652174,0.0,2.985449443273374
2013-08-04,0.4,tucson,"Tucson, United States",hot semi-arid / monsoonal,0,64.2,8,2013,0–2,33.28145161290324,19.113990033841972,1.617587344785386,0.0,0,0,0,0,0,0,0,0,0,0,0,0,0.28823529411764703,0.5647058823529412,0.7941176470588235,0.9470588235294117,6.0,0.0,season-matched placebo,0.28125,0.0,3.0
2013-08-05,0.0,cape_town,"Cape Town, South Africa",Mediterranean winter-rainfall,7,53.300000000000004,8,2013,6–9,74.69370967741935,33.4152617533005,-0.640237680475636,0.640237680475636,1,1,1,1,1,1,1,1,0,1,1,1,0.1951219512195122,0.47560975609756095,0.8048780487804879,0.9878048780487805,6.0,0.640237680475636,dry-spell threshold,0.6842105263157895,0.06545017556957433,4.506378150334695
2013-08-06,0.0,brasilia,"Brasília, Brazil",tropical savanna,60,0.20000000000001422,8,2013,20+,2.3637096774193593,6.427210615565409,-0.33664832333007355,0.33664832333007355,0,0,0,0,0,0,0,0,0,0,0,0,0.023622047244094488,0.05905511811023622,0.13582677165354332,0.2874015748031496,59.0,0.33664832333007355,random drought day,0.5,0.0,2.959747869293048
2013-08-09,0.0,brasilia,"Brasília, Brazil",tropical savanna,63,0.20000000000001422,8,2013,20+,2.3637096774193593,6.427210615565409,-0.33664832333007355,0.33664832333007355,0,0,0,0,0,0,0,0,0,0,0,0,0.023622047244094488,0.05905511811023622,0.13582677165354332,0.2874015748031496,62.0,0.33664832333007355,random drought day,0.4666666666666667,0.0,2.959747869293048
2013-08-09,0.5,nairobi,"Nairobi, Kenya",subtropical highland / bimodal rainfall,2,24.7,8,2013,0–2,15.798225806451612,13.574939376533305,0.6557505670291748,0.0,0,1,1,1,0,0,1,1,0,0,1,1,0.19078947368421054,0.34868421052631576,0.4473684210526316,0.625,1.0,0.0,season-matched placebo,0.5357142857142857,0.0,3.0
2013-08-09,0.0,tokyo,"Tokyo, Japan",humid subtropical,7,81.50000000000004,8,2013,6–9,104.671935483871,67.34377615546884,-0.34408429118047323,0.34408429118047323,0,1,1,1,0,1,1,1,0,0,0,0,0.37142857142857144,0.6428571428571429,0.7714285714285715,0.9428571428571428,6.0,0.3322049454462343,dry-spell threshold,0.88,0.0,2.9579752180439693
2013-08-10,0.0,tokyo,"Tokyo, Japan",humid subtropical,8,81.50000000000004,8,2013,6–9,104.671935483871,67.34377615546884,-0.34408429118047323,0.34408429118047323,0,1,1,1,0,1,1,1,0,0,0,0,0.37142857142857144,0.6428571428571429,0.7714285714285715,0.9428571428571428,7.0,0.34408429118047323,random drought day,0.88,0.0,2.9579752180439693
2013-08-11,0.0,tucson,"Tucson, United States",hot semi-arid / monsoonal,7,54.60000000000001,8,2013,6–9,33.28145161290324,19.113990033841972,1.115337422974039,0.0,0,0,0,1,0,0,0,1,0,0,0,0,0.21686746987951808,0.46987951807228917,0.7831325301204819,0.9397590361445783,6.0,0.0,dry-spell threshold,0.47058823529411764,0.049656472599304835,3.9931294519860967
2013-08-15,0.3,london,"London, United Kingdom",temperate maritime,5,54.39999999999999,8,2013,3–5,55.292419354838714,24.80198980927015,-0.035981764435092455,0.035981764435092455,1,1,1,1,1,1,1,1,0,0,1,1,0.25203252032520324,0.5284552845528455,0.7560975609756098,0.926829268292683,4.0,0.035981764435092455,random drought day,0.7142857142857143,0.0,2.9995339849473854
2013-08-20,0.0,tokyo,"Tokyo, Japan",humid subtropical,7,68.20000000000005,8,2013,6–9,104.671935483871,67.34377615546884,-0.5415784140121929,0.5415784140121929,1,1,1,1,0,1,1,1,0,0,1,1,0.37142857142857144,0.6428571428571429,0.7714285714285715,0.9428571428571428,6.0,0.5415784140121929,dry-spell threshold,0.8846153846153846,0.0008659692957005971,2.919260482047594
2013-08-21,3.2,tucson,"Tucson, United States",hot semi-arid / monsoonal,0,18.500000000000007,8,2013,0–2,33.28145161290324,19.113990033841972,-0.7733315538373813,0.7733315538373813,0,1,1,1,0,0,1,1,0,0,0,1,0.28823529411764703,0.5647058823529412,0.7941176470588235,0.9470588235294117,16.0,0.0,high prospective hazard,0.38461538461538464,0.0,2.7991210679922816
2013-08-24,0.0,darwin,"Darwin, Australia",tropical savanna / monsoon,1,2.2999999999999963,8,2013,0–2,1.365483870967742,1.935645294395855,0.4827930673754621,0.0,0,0,1,1,0,0,0,0,0,0,0,0,0.02857142857142857,0.02857142857142857,0.05714285714285714,0.14285714285714285,0.0,0.0,season-matched placebo,0.6666666666666666,0.13714843188979564,5.742968637795913
2013-08-24,6.1,mumbai,"Mumbai, India",tropical monsoon,0,446.20000000000005,8,2013,0–2,556.4122580645161,206.81370296278826,-0.5329059752116445,0.5329059752116445,1,1,1,1,1,1,1,1,1,1,1,1,0.9805825242718447,0.9967637540453075,1.0,1.0,0.0,0.3970349009189705,high prospective hazard,0.8888888888888888,0.5603611986235018,16.626803218503397
2013-08-24,0.0,nairobi,"Nairobi, Kenya",subtropical highland / bimodal rainfall,7,44.1,8,2013,6–9,15.798225806451612,13.574939376533305,2.0848545550393425,0.0,0,1,1,1,0,0,0,0,0,0,0,0,0.07692307692307693,0.19230769230769232,0.4230769230769231,0.7019230769230769,6.0,0.0,dry-spell threshold,0.65625,0.027931052065948148,3.558621041318963
2013-08-25,1.1,tucson,"Tucson, United States",hot semi-arid / monsoonal,3,11.500000000000007,8,2013,3–5,33.28145161290324,19.113990033841972,-1.1395554551581553,1.1395554551581553,1,1,1,1,0,0,1,1,0,0,1,1,0.24812030075187969,0.5037593984962406,0.7669172932330827,0.9473684210526315,2.0,0.9145893443468227,30-day deficit threshold,0.2857142857142857,0.0,2.5955365162090054
2013-08-25,1.1,tucson,"Tucson, United States",hot semi-arid / monsoonal,3,11.500000000000007,8,2013,3–5,33.28145161290324,19.113990033841972,-1.1395554551581553,1.1395554551581553,1,1,1,1,0,0,1,1,0,0,1,1,0.24812030075187969,0.5037593984962406,0.7669172932330827,0.9473684210526315,2.0,0.9145893443468227,random drought day,0.3,0.0,2.5955365162090054
2013-08-27,0.0,london,"London, United Kingdom",temperate maritime,1,66.1,8,2013,0–2,55.292419354838714,24.80198980927015,0.43575457970399495,0.0,0,1,1,1,0,0,0,1,0,0,0,1,0.3815789473684211,0.6447368421052632,0.8289473684210527,0.95,0.0,0.0,season-matched placebo,0.7,0.0,3.0
2013-08-29,11.7,cape_town,"Cape Town, South Africa",Mediterranean winter-rainfall,0,148.4,8,2013,0–2,74.69370967741935,33.4152617533005,2.205767258887341,0.0,1,1,1,1,1,1,1,1,1,1,1,1,0.2782608695652174,0.5681159420289855,0.8173913043478261,0.9536231884057971,0.0,0.0,season-matched placebo,0.6190476190476191,0.000287268301403909,3.005745366028078
2013-08-29,0.1,tokyo,"Tokyo, Japan",humid subtropical,2,55.50000000000004,8,2013,0–2,104.671935483871,67.34377615546884,-0.7301630275432336,0.7301630275432336,0,1,1,1,0,1,1,1,0,0,1,1,0.36220472440944884,0.6299212598425197,0.8976377952755905,0.973753280839895,1.0,0.47327217604032,random drought day,0.8846153846153846,0.0008659692957005971,2.8418317388349252
2013-08-30,0.0,darwin,"Darwin, Australia",tropical savanna / monsoon,7,2.7999999999999963,8,2013,6–9,1.365483870967742,1.935645294395855,0.7411048569619203,0.0,1,1,1,1,0,0,0,0,0,0,0,0,0.0,0.03125,0.125,0.25,6.0,0.0,dry-spell threshold,0.5454545454545454,0.015936310677674426,3.3187262135534885
2013-08-31,0.0,brasilia,"Brasília, Brazil",tropical savanna,85,0.0,8,2013,20+,2.3637096774193593,6.427210615565409,-0.36776602149849125,0.36776602149849125,0,0,1,1,0,0,1,1,0,0,0,0,0.023622047244094488,0.05905511811023622,0.13582677165354332,0.2874015748031496,84.0,0.36776602149849125,random drought day,0.4375,0.0,2.952086974259947
2013-08-31,1.6,mumbai,"Mumbai, India",tropical monsoon,0,317.7,8,2013,0–2,556.4122580645161,206.81370296278826,-1.1542381121016305,1.1542381121016305,1,1,1,1,1,1,1,1,0,0,1,1,0.9805825242718447,0.9967637540453075,1.0,1.0,0.0,0.9898389474770426,30-day deficit threshold,0.8888888888888888,0.5603611986235018,17.825353773951015
2013-09-01,3.8,tokyo,"Tokyo, Japan",humid subtropical,5,39.10000000000004,9,2013,3–5,146.19633333333337,85.48757314268123,-1.252770775871558,1.252770775871558,0,1,1,1,0,1,1,1,0,1,1,1,0.4563106796116505,0.8058252427184466,0.9320388349514563,1.0,4.0,0.7375876186271328,30-day deficit threshold,0.8823529411764706,0.0,2.524546684896006
2013-09-02,0.0,london,"London, United Kingdom",temperate maritime,7,51.1,9,2013,6–9,47.54533333333333,27.251647633126485,0.13043859639318459,0.0,1,1,1,1,0,0,1,1,0,0,1,1,0.18421052631578946,0.4342105263157895,0.6973684210526315,0.9342105263157895,6.0,0.0,dry-spell threshold,0.7352941176470589,0.0,3.0
2013-09-03,1.2,mumbai,"Mumbai, India",tropical monsoon,0,258.70000000000005,9,2013,0–2,332.65,143.16896726821696,-0.5165225496211049,0.5165225496211049,1,1,1,1,1,1,1,1,0,1,1,1,0.7931034482758621,0.9074410163339383,0.9600725952813067,0.9909255898366606,0.0,0.4711216493839556,high prospective hazard,0.9,0.571472309734613,16.842024294719792
2013-09-08,4.4,london,"London, United Kingdom",temperate maritime,1,51.5,9,2013,0–2,47.54533333333333,27.251647633126485,0.14511660799031706,0.0,1,1,1,1,1,1,1,1,1,1,1,1,0.40797546012269936,0.6993865030674846,0.8865030674846626,0.9570552147239264,0.0,0.0,season-matched placebo,0.6774193548387096,0.0,3.0
2013-09-09,0.0,cape_town,"Cape Town, South Africa",Mediterranean winter-rainfall,0,155.70000000000002,9,2013,0–2,54.838166666666666,32.362710563712156,3.11660647629523,0.0,0,0,1,1,0,0,1,1,0,0,1,1,0.23659305993690852,0.5205047318611987,0.7760252365930599,0.9305993690851735,4.0,0.0,season-matched placebo,0.627906976744186,0.009146625997970892,3.182932519959418
2013-09-10,23.5,mumbai,"Mumbai, India",tropical monsoon,0,206.40000000000003,9,2013,0–2,332.65,143.16896726821696,-0.8818251776830902,0.8818251776830902,1,1,1,1,1,1,1,1,1,1,1,1,0.7931034482758621,0.9074410163339383,0.9600725952813067,0.9909255898366606,2.0,0.7574965585721276,random drought day,0.3,0.0,2.7439512681069465
2013-09-11,0.0,nairobi,"Nairobi, Kenya",subtropical highland / bimodal rainfall,1,21.3,9,2013,0–2,16.460666666666665,12.814435967721733,0.37764700260886447,0.0,1,1,1,1,0,0,0,1,0,0,0,1,0.14516129032258066,0.3064516129032258,0.5241935483870968,0.6532258064516129,0.0,0.0,season-matched placebo,0.5517241379310345,0.0,3.0
2013-09-12,0.0,brasilia,"Brasília, Brazil",tropical savanna,7,1.8000000000000143,9,2013,6–9,19.803000000000004,23.575053826836342,-0.7636461885616787,0.7636461885616787,0,0,1,1,0,0,1,1,0,0,0,0,0.22413793103448276,0.39655172413793105,0.7758620689655172,0.8793103448275862,6.0,0.7636461885616787,dry-spell threshold,0.4375,0.0,2.8037942360093426
2013-09-13,1.2,mumbai,"Mumbai, India",tropical monsoon,0,183.00000000000003,9,2013,0–2,332.65,143.16896726821696,-1.0452684185368275,1.0452684185368275,1,1,1,1,1,1,1,1,1,1,1,1,0.7931034482758621,0.9074410163339383,0.9600725952813067,0.9909255898366606,0.0,0.886714505400937,30-day deficit threshold,0.9,0.571472309734613,18.037909533404182
2013-09-13,0.0,tucson,"Tucson, United States",hot semi-arid / monsoonal,2,41.800000000000004,9,2013,0–2,30.822000000000013,23.461200506695302,0.46792149433559954,0.0,1,1,1,1,0,0,0,0,0,0,0,0,0.12962962962962962,0.2654320987654321,0.38271604938271603,0.6481481481481481,1.0,0.0,season-matched placebo,0.2727272727272727,0.0,3.0
2013-09-17,0.4,nairobi,"Nairobi, Kenya",subtropical highland / bimodal rainfall,7,4.7,9,2013,6–9,16.460666666666665,12.814435967721733,-0.9177670165343674,0.9177670165343674,1,1,1,1,0,1,1,1,0,0,1,1,0.08536585365853659,0.15853658536585366,0.24390243902439024,0.5365853658536586,6.0,0.8865522208923619,dry-spell threshold,0.6363636363636364,0.008044688429584501,2.937786829559274
2013-09-18,0.0,tucson,"Tucson, United States",hot semi-arid / monsoonal,7,41.900000000000006,9,2013,6–9,30.822000000000013,23.461200506695302,0.47218385081524616,0.0,0,0,1,1,0,0,0,0,0,0,0,0,0.040983606557377046,0.16393442622950818,0.48360655737704916,0.7295081967213115,6.0,0.0,dry-spell threshold,0.45714285714285713,0.03621109444804432,3.7242218889608862
2013-09-20,6.8,cape_town,"Cape Town, South Africa",Mediterranean winter-rainfall,0,119.80000000000001,9,2013,0–2,54.838166666666666,32.362710563712156,2.007305080501326,0.0,1,1,1,1,1,1,1,1,0,0,0,0,0.23659305993690852,0.5205047318611987,0.7760252365930599,0.9305993690851735,1.0,0.0,season-matched placebo,0.6363636363636364,0.017603285617421194,3.352065712348424
2013-09-24,15.9,mumbai,"Mumbai, India",tropical monsoon,0,187.9,9,2013,0–2,332.65,143.16896726821696,-1.0110431245118996,1.0110431245118996,1,1,1,1,1,1,1,1,0,1,1,1,0.7931034482758621,0.9074410163339383,0.9600725952813067,0.9909255898366606,0.0,0.9970736167466228,30-day deficit threshold,0.9090909090909091,0.5805632188255221,18.243206278460583
2013-09-26,0.0,brasilia,"Brasília, Brazil",tropical savanna,7,5.500000000000014,9,2013,6–9,19.803000000000004,23.575053826836342,-0.6067006296171576,0.6067006296171576,0,1,1,1,0,1,1,1,0,1,1,1,0.22413793103448276,0.39655172413793105,0.7758620689655172,0.8793103448275862,6.0,0.6067006296171576,dry-spell threshold,0.47058823529411764,0.0,2.8730946109429
2013-09-26,0.0,tucson,"Tucson, United States",hot semi-arid / monsoonal,15,35.60000000000001,9,2013,10–19,30.822000000000013,23.461200506695302,0.20365539259751267,0.0,0,0,0,1,0,0,0,1,0,0,0,0,0.17197452229299362,0.3630573248407643,0.5732484076433121,0.6878980891719745,14.0,0.0,random drought day,0.3333333333333333,0.0,3.0
2013-10-01,2.4,brasilia,"Brasília, Brazil",tropical savanna,1,13.700000000000014,10,2013,0–2,80.51935483870969,62.708403403517686,-1.065556627374783,1.065556627374783,1,1,1,1,1,1,1,1,0,1,1,1,0.6385542168674698,0.7590361445783133,0.9060240963855422,0.9783132530120482,0.0,0.26311710868455745,30-day deficit threshold,0.5,0.0,2.640265627090071
2013-10-03,5.0,brasilia,"Brasília, Brazil",tropical savanna,0,20.200000000000014,10,2013,0–2,80.51935483870969,62.708403403517686,-0.961902258148164,0.961902258148164,1,1,1,1,0,1,1,1,0,1,1,1,0.6385542168674698,0.7590361445783133,0.9060240963855422,0.9783132530120482,0.0,1.0272842448911081,random drought day,0.47058823529411764,0.0,2.700195377883322
2013-10-04,4.6,mumbai,"Mumbai, India",tropical monsoon,1,196.8,10,2013,0–2,146.12016129032259,126.6642379396545,0.4001116616185096,0.0,1,1,1,1,0,1,1,1,0,0,0,0,0.48148148148148145,0.5962962962962963,0.6962962962962963,0.7666666666666667,0.0,0.0,season-matched placebo,0.625,0.29647230973461297,8.92944619469226
2013-10-05,0.0,cape_town,"Cape Town, South Africa",Mediterranean winter-rainfall,7,59.2,10,2013,6–9,35.513225806451615,24.33572772403693,0.9733333008222493,0.0,0,0,1,1,0,0,1,1,0,0,0,0,0.20202020202020202,0.3838383838383838,0.6262626262626263,0.8080808080808081,6.0,0.0,dry-spell threshold,0.6923076923076923,0.07354734156147713,4.470946831229543
2013-10-09,0.0,nairobi,"Nairobi, Kenya",subtropical highland / bimodal rainfall,6,22.2,10,2013,6–9,16.683064516129033,14.609320070417443,0.3776312283719667,0.0,0,1,1,1,0,0,1,1,0,0,0,0,0.171875,0.375,0.65625,0.9375,5.0,0.0,random drought day,0.6363636363636364,0.008044688429584501,3.16089376859169
2013-10-10,0.0,nairobi,"Nairobi, Kenya",subtropical highland / bimodal rainfall,7,21.0,10,2013,6–9,16.683064516129033,14.609320070417443,0.2954918821042447,0.0,1,1,1,1,0,0,1,1,0,0,0,0,0.171875,0.375,0.65625,0.9375,6.0,0.0,dry-spell threshold,0.6470588235294118,0.018739875595359945,3.374797511907199
2013-10-11,0.0,tucson,"Tucson, United States",hot semi-arid / monsoonal,0,1.500000000000007,10,2013,0–2,15.33870967741937,15.940629497249008,-0.8681407268017622,0.8681407268017622,0,0,0,0,0,0,0,0,0,0,0,0,0.12149532710280374,0.24299065420560748,0.3925233644859813,0.5233644859813084,29.0,0.7301286112589181,random drought day,0.3181818181818182,0.0,2.751182507666308
2013-10-13,0.0,cape_town,"Cape Town, South Africa",Mediterranean winter-rainfall,0,60.1,10,2013,0–2,35.513225806451615,24.33572772403693,1.010315963112272,0.0,0,0,0,1,0,0,0,1,0,0,0,0,0.15767634854771784,0.3651452282157676,0.6846473029045643,0.8713692946058091,14.0,0.0,season-matched placebo,0.6444444444444445,0.025684093698229327,3.5136818739645865
2013-10-13,0.0,tokyo,"Tokyo, Japan",humid subtropical,7,106.50000000000004,10,2013,6–9,213.705,122.12749392753865,-0.8778121662236631,0.8778121662236631,0,1,1,1,0,1,1,1,0,1,1,1,0.375,0.6875,0.9375,1.0,6.0,0.8778121662236631,dry-spell threshold,0.8888888888888888,0.005139473569204855,2.881465367052869
2013-10-15,0.0,cape_town,"Cape Town, South Africa",Mediterranean winter-rainfall,2,50.7,10,2013,0–2,35.513225806451615,24.33572772403693,0.6240526014164796,0.0,0,0,0,1,0,0,0,1,0,0,0,0,0.15767634854771784,0.3651452282157676,0.6846473029045643,0.8713692946058091,1.0,0.0,season-matched placebo,0.6304347826086957,0.011674431862480517,3.2334886372496103
2013-10-15,5.5,darwin,"Darwin, Australia",tropical savanna / monsoon,0,34.099999999999994,10,2013,0–2,39.53387096774193,41.73645038000453,-0.13019485170078687,0.13019485170078687,0,1,1,1,0,1,1,1,0,0,1,1,0.48863636363636365,0.7215909090909091,0.8892045454545454,0.9715909090909091,4.0,0.18769854399249675,season-matched placebo,0.6153846153846154,0.08586638060774443,4.819318321101674
2013-10-15,0.0,nairobi,"Nairobi, Kenya",subtropical highland / bimodal rainfall,0,24.5,10,2013,0–2,16.683064516129033,14.609320070417443,0.5350649753851008,0.0,0,0,1,1,0,0,0,0,0,0,0,0,0.42066420664206644,0.6937269372693727,0.8523985239852399,0.9520295202952029,11.0,0.0,season-matched placebo,0.5333333333333333,0.0,3.0
2013-10-15,199.8,tokyo,"Tokyo, Japan",humid subtropical,9,90.00000000000004,10,2013,6–9,213.705,122.12749392753865,-1.0129168790886456,1.0129168790886456,1,1,1,1,1,1,1,1,0,0,1,1,0.375,0.6875,0.9375,1.0,8.0,0.8778121662236631,30-day deficit threshold,0.8888888888888888,0.005139473569204855,2.8090033683717053
2013-10-16,0.0,brasilia,"Brasília, Brazil",tropical savanna,7,75.70000000000002,10,2013,6–9,80.51935483870969,62.708403403517686,-0.07685341321318548,0.07685341321318548,1,1,1,1,1,1,1,1,0,1,1,1,0.3076923076923077,0.5769230769230769,0.75,0.9038461538461539,6.0,0.07685341321318548,dry-spell threshold,0.5,0.0,2.9978751850487524
2013-10-16,0.0,nairobi,"Nairobi, Kenya",subtropical highland / bimodal rainfall,1,24.5,10,2013,0–2,16.683064516129033,14.609320070417443,0.5350649753851008,0.0,0,0,1,1,0,0,0,0,0,0,0,0,0.42066420664206644,0.6937269372693727,0.8523985239852399,0.9520295202952029,0.0,0.0,season-matched placebo,0.5161290322580645,0.0,3.0
2013-10-18,0.0,tucson,"Tucson, United States",hot semi-arid / monsoonal,7,1.200000000000007,10,2013,6–9,15.33870967741937,15.940629497249008,-0.8869605607394229,0.8869605607394229,0,0,0,0,0,0,0,0,0,0,0,0,0.05813953488372093,0.12790697674418605,0.29069767441860467,0.38372093023255816,6.0,0.8869605607394229,dry-spell threshold,0.4444444444444444,0.023512681749631614,3.361466366729797
2013-10-20,0.0,cape_town,"Cape Town, South Africa",Mediterranean winter-rainfall,7,18.6,10,2013,6–9,35.513225806451615,24.33572772403693,-0.6949956869276628,0.6949956869276628,0,0,1,1,0,0,1,1,0,0,0,1,0.20202020202020202,0.3838383838383838,0.6262626262626263,0.8080808080808081,6.0,0.0,dry-spell threshold,0.7,0.0812396492537848,4.90509457540494
2013-10-21,4.0,london,"London, United Kingdom",temperate maritime,0,52.1,10,2013,0–2,55.27048387096774,29.11101390576616,-0.10891011495617275,0.10891011495617275,1,1,1,1,1,1,1,1,1,1,1,1,0.38213399503722084,0.6799007444168734,0.8660049627791563,0.9578163771712159,0.0,0.21883414612728092,season-matched placebo,0.6875,0.0,2.9957359605736777
2013-10-22,0.0,cape_town,"Cape Town, South Africa",Mediterranean winter-rainfall,9,8.2,10,2013,6–9,35.513225806451615,24.33572772403693,-1.1223508956123693,1.1223508956123693,0,1,1,1,0,1,1,1,0,0,0,1,0.20202020202020202,0.3838383838383838,0.6262626262626263,0.8080808080808081,8.0,0.9744202464522788,30-day deficit threshold,0.7,0.0812396492537848,4.809569571162843
2013-10-22,0.6,nairobi,"Nairobi, Kenya",subtropical highland / bimodal rainfall,7,20.299999999999997,10,2013,6–9,16.683064516129033,14.609320070417443,0.24757726344807332,0.0,1,1,1,1,0,0,0,1,0,0,0,0,0.171875,0.375,0.65625,0.9375,6.0,0.0,dry-spell threshold,0.6571428571428571,0.028823909208805287,3.5764781841761057
2013-10-23,0.0,cape_town,"Cape Town, South Africa",Mediterranean winter-rainfall,10,8.2,10,2013,10–19,35.513225806451615,24.33572772403693,-1.1223508956123693,1.1223508956123693,1,1,1,1,0,1,1,1,0,0,0,1,0.13043478260869565,0.29347826086956524,0.5,0.75,9.0,1.1223508956123693,random drought day,0.5,0.0,2.6060656018267383
2013-10-25,0.0,mumbai,"Mumbai, India",tropical monsoon,7,54.50000000000003,10,2013,6–9,146.12016129032259,126.6642379396545,-0.7233309320818109,0.7233309320818109,1,1,1,1,1,1,1,1,0,0,0,0,0.09574468085106383,0.22340425531914893,0.2765957446808511,0.3404255319148936,6.0,0.5978022093844454,dry-spell threshold,0.375,0.04647230973461297,4.013601171530039
2013-10-26,0.0,brasilia,"Brasília, Brazil",tropical savanna,2,92.00000000000001,10,2013,0–2,80.51935483870969,62.708403403517686,0.18307985115510544,0.0,0,1,1,1,0,1,1,1,0,1,1,1,0.6385542168674698,0.7590361445783133,0.9060240963855422,0.9783132530120482,1.0,0.0,season-matched placebo,0.7647058823529411,0.15231157858441535,6.046231571688307
2013-10-26,14.5,tokyo,"Tokyo, Japan",humid subtropical,0,333.00000000000006,10,2013,0–2,213.705,122.12749392753865,0.9768070740138236,0.0,0,1,1,1,0,1,1,1,0,1,1,1,0.3720430107526882,0.7118279569892473,0.9354838709677419,0.989247311827957,0.0,0.0,season-matched placebo,0.75,0.0,3.0
2013-10-27,0.0,tucson,"Tucson, United States",hot semi-arid / monsoonal,16,1.1000000000000072,10,2013,10–19,15.33870967741937,15.940629497249008,-0.893233838718643,0.893233838718643,0,0,1,1,0,0,1,1,0,0,0,0,0.03592814371257485,0.10179640718562874,0.15568862275449102,0.38323353293413176,15.0,0.893233838718643,random drought day,0.30434782608695654,0.0,2.737865771682366
2013-10-29,1.0,cape_town,"Cape Town, South Africa",Mediterranean winter-rainfall,3,3.8,10,2013,3–5,35.513225806451615,24.33572772403693,-1.3031550223635915,1.3031550223635915,1,1,1,1,1,1,1,1,0,1,1,1,0.2064516129032258,0.44516129032258067,0.7096774193548387,0.8387096774193549,2.0,1.3031550223635915,random drought day,0.5217391304347826,0.0,2.4921382146486115
2013-10-29,8.3,tokyo,"Tokyo, Japan",humid subtropical,2,347.20000000000005,10,2013,0–2,213.705,122.12749392753865,1.0930790087218691,0.0,0,0,1,1,0,0,1,1,0,0,1,1,0.3720430107526882,0.7118279569892473,0.9354838709677419,0.989247311827957,1.0,0.0,season-matched placebo,0.76,0.0,3.0
2013-11-01,7.1,brasilia,"Brasília, Brazil",tropical savanna,0,131.50000000000003,11,2013,0–2,181.40016666666668,77.34286898141298,-0.645181221279219,0.645181221279219,1,1,1,1,0,0,1,1,0,0,1,1,0.7877094972067039,0.9124767225325885,0.9851024208566108,1.0,0.0,0.0,high prospective hazard,0.875,0.26260569623147423,9.473200199628199
2013-11-01,0.4,nairobi,"Nairobi, Kenya",subtropical highland / bimodal rainfall,0,9.0,11,2013,0–2,63.99816666666667,38.63788369894818,-1.4234259592267435,1.4234259592267435,1,1,1,1,1,1,1,1,0,0,1,1,0.6334012219959266,0.8431771894093686,0.9755600814663951,0.9877800407331976,16.0,0.3137082693813605,30-day deficit threshold,0.875,0.24668105206594815,9.206502098878268
2013-11-01,0.4,nairobi,"Nairobi, Kenya",subtropical highland / bimodal rainfall,0,9.0,11,2013,0–2,63.99816666666667,38.63788369894818,-1.4234259592267435,1.4234259592267435,1,1,1,1,1,1,1,1,0,0,1,1,0.6334012219959266,0.8431771894093686,0.9755600814663951,0.9877800407331976,16.0,0.3137082693813605,high prospective hazard,0.8181818181818182,0.18986287024776638,7.641808565932417
2013-11-05,0.0,mumbai,"Mumbai, India",tropical monsoon,7,27.00000000000003,11,2013,6–9,20.42516666666667,27.409647899395537,0.23987295850956017,0.0,0,0,0,0,0,0,0,0,0,0,0,0,0.0425531914893617,0.10638297872340426,0.19148936170212766,0.3617021276595745,6.0,0.0,dry-spell threshold,0.4444444444444444,0.11591675417905739,5.318335083581148
2013-11-07,5.6,brasilia,"Brasília, Brazil",tropical savanna,0,130.50000000000003,11,2013,0–2,181.40016666666668,77.34286898141298,-0.6581106614870851,0.6581106614870851,1,1,1,1,1,1,1,1,1,1,1,1,0.7877094972067039,0.9124767225325885,0.9851024208566108,1.0,0.0,0.4758055545561733,high prospective hazard,0.8823529411764706,0.2699586374079448,9.673059862375645
2013-11-07,21.6,tokyo,"Tokyo, Japan",humid subtropical,0,323.00000000000006,11,2013,0–2,127.82533333333335,90.86569530095744,2.1479466593000383,0.0,0,1,1,1,0,1,1,1,0,1,1,1,0.29829545454545453,0.6022727272727273,0.8863636363636364,0.9772727272727273,1.0,0.0,season-matched placebo,0.7692307692307693,0.0,3.0
2013-11-11,0.0,tucson,"Tucson, United States",hot semi-arid / monsoonal,7,1.3000000000000071,11,2013,6–9,15.756500000000011,21.924639277056514,-0.6593723079005593,0.6593723079005593,0,0,0,1,0,0,0,1,0,0,0,1,0.02666666666666667,0.09333333333333334,0.3466666666666667,0.6,6.0,0.6593723079005593,dry-spell threshold,0.43243243243243246,0.011500669737619651,3.141923255474146
2013-11-15,50.8,cape_town,"Cape Town, South Africa",Mediterranean winter-rainfall,7,14.8,11,2013,6–9,30.023833333333332,22.611931534444818,-0.67326549747167,0.67326549747167,1,1,1,1,1,1,1,1,1,1,1,1,0.20161290322580644,0.43548387096774194,0.6290322580645161,0.7258064516129032,6.0,0.67326549747167,dry-spell threshold,0.7073170731707317,0.08855672242451651,5.090463730443874
2013-11-16,0.0,london,"London, United Kingdom",temperate maritime,1,95.8,11,2013,0–2,59.218666666666664,29.995154615196395,1.2195747547438944,0.0,0,1,1,1,0,0,1,1,0,0,1,1,0.39690721649484534,0.7371134020618557,0.8969072164948454,0.961340206185567,0.0,0.0,season-matched placebo,0.696969696969697,0.0,3.0
2013-11-17,2.5,brasilia,"Brasília, Brazil",tropical savanna,2,141.4,11,2013,0–2,181.40016666666668,77.34286898141298,-0.517179763221345,0.517179763221345,1,1,1,1,1,1,1,1,1,1,1,1,0.7877094972067039,0.9124767225325885,0.9851024208566108,1.0,1.0,0.4719267224938137,high prospective hazard,0.8888888888888888,0.27649458512036307,9.650125763552811
2013-11-17,0.4,cape_town,"Cape Town, South Africa",Mediterranean winter-rainfall,0,92.0,11,2013,0–2,30.023833333333332,22.611931534444818,2.7408612383359734,0.0,0,1,1,1,0,1,1,1,0,0,0,0,0.1683673469387755,0.34183673469387754,0.5408163265306123,0.8214285714285714,0.0,0.0,season-matched placebo,0.6170212765957447,0.0,3.0
2013-11-20,4.3,cape_town,"Cape Town, South Africa",Mediterranean winter-rainfall,0,94.1,11,2013,0–2,30.023833333333332,22.611931534444818,2.833732561460274,0.0,0,0,1,1,0,0,0,0,0,0,0,0,0.1683673469387755,0.34183673469387754,0.5408163265306123,0.8214285714285714,2.0,0.0,season-matched placebo,0.625,0.00623964925378484,3.124792985075697
2013-11-20,0.0,tokyo,"Tokyo, Japan",humid subtropical,7,110.50000000000006,11,2013,6–9,127.82533333333335,90.86569530095744,-0.19066968316205396,0.19066968316205396,0,0,1,1,0,0,1,1,0,0,0,0,0.2714285714285714,0.5142857142857142,0.8142857142857143,1.0,6.0,0.0,dry-spell threshold,0.8928571428571429,0.00910772753745892,3.1856226560829866
2013-11-20,0.0,tokyo,"Tokyo, Japan",humid subtropical,7,110.50000000000006,11,2013,6–9,127.82533333333335,90.86569530095744,-0.19066968316205396,0.19066968316205396,0,0,1,1,0,0,1,1,0,0,0,0,0.2714285714285714,0.5142857142857142,0.8142857142857143,1.0,6.0,0.0,random drought day,0.8888888888888888,0.005139473569204855,3.099068918040132
2013-11-24,0.3,tucson,"Tucson, United States",hot semi-arid / monsoonal,0,33.300000000000004,11,2013,0–2,15.756500000000011,21.924639277056514,0.8001728000313669,0.0,0,0,0,1,0,0,0,1,0,0,0,0,0.15841584158415842,0.32673267326732675,0.504950495049505,0.7425742574257426,0.0,0.38114652170103586,season-matched placebo,0.2647058823529412,0.0,3.0
2013-11-25,2.9,tokyo,"Tokyo, Japan",humid subtropical,12,71.60000000000007,11,2013,10–19,127.82533333333335,90.86569530095744,-0.6187740394998203,0.6187740394998203,0,1,1,1,0,0,0,1,0,0,0,0,0.20588235294117646,0.5882352941176471,1.0,1.0,11.0,0.22808754464144748,high prospective hazard,0.9090909090909091,0.025341493771225077,3.5027021564545455
2013-11-28,0.0,cape_town,"Cape Town, South Africa",Mediterranean winter-rainfall,7,97.1,11,2013,6–9,30.023833333333332,22.611931534444818,2.966405880209276,0.0,0,0,1,1,0,0,0,1,0,0,0,0,0.20161290322580644,0.43548387096774194,0.6290322580645161,0.7258064516129032,6.0,0.0,dry-spell threshold,0.7142857142857143,0.09552536353949914,4.910507270789983
2013-11-28,0.0,london,"London, United Kingdom",temperate maritime,7,54.39999999999999,11,2013,6–9,59.218666666666664,29.995154615196395,-0.16064816896210962,0.16064816896210962,0,0,1,1,0,0,0,0,0,0,0,0,0.18181818181818182,0.41818181818181815,0.7818181818181819,0.9272727272727272,6.0,0.0,dry-spell threshold,0.7428571428571429,0.0,2.9907378639717876
2013-11-29,0.0,tokyo,"Tokyo, Japan",humid subtropical,3,51.800000000000054,11,2013,3–5,127.82533333333335,90.86569530095744,-0.836678056350406,0.836678056350406,0,0,1,1,0,0,1,1,0,0,0,1,0.2708333333333333,0.6319444444444444,0.8541666666666666,0.9861111111111112,2.0,0.7453344533271806,random drought day,0.8928571428571429,0.00910772753745892,3.005854267620221
2013-12-01,29.5,darwin,"Darwin, Australia",tropical savanna / monsoon,3,169.2,12,2013,3–5,235.83209677419353,95.03366235738179,-0.7011420492626933,0.7011420492626933,1,1,1,1,1,1,1,1,0,1,1,1,0.5517241379310345,0.896551724137931,1.0,1.0,2.0,0.0,high prospective hazard,0.9230769230769231,0.39355868830005214,12.871276601347683
2013-12-01,0.0,tucson,"Tucson, United States",hot semi-arid / monsoonal,7,33.6,12,2013,6–9,25.111129032258077,25.327839224007104,0.3351596988856322,0.0,0,0,1,1,0,0,1,1,0,0,0,0,0.189873417721519,0.3291139240506329,0.45569620253164556,0.569620253164557,6.0,0.0,dry-spell threshold,0.42105263157894735,0.00012086888413453956,3.002417377682691
2013-12-03,0.0,tokyo,"Tokyo, Japan",humid subtropical,7,50.20000000000006,12,2013,6–9,77.44306451612907,50.27902436482055,-0.5418375726317903,0.5418375726317903,1,1,1,1,0,1,1,1,0,0,1,1,0.17708333333333334,0.3854166666666667,0.7083333333333334,0.9375,6.0,0.5100151572167552,dry-spell threshold,0.896551724137931,0.012802308818247066,3.2122447322344816
2013-12-06,12.3,brasilia,"Brasília, Brazil",tropical savanna,0,189.0,12,2013,0–2,239.62129032258068,67.26353902146869,-0.7525814290922715,0.7525814290922715,1,1,1,1,1,1,1,1,1,1,1,1,0.8259325044404974,0.9325044404973357,0.9911190053285968,1.0,0.0,0.42699641946305544,high prospective hazard,0.8947368421052632,0.2823425383367374,10.086195398168938
2013-12-06,0.0,london,"London, United Kingdom",temperate maritime,15,30.999999999999996,12,2013,10–19,58.340161290322584,25.556611744344465,-1.0697881849057245,1.0697881849057245,0,0,1,1,0,0,1,1,0,0,0,1,0.23636363636363636,0.4727272727272727,0.7636363636363637,0.9818181818181818,14.0,0.9445759685129101,30-day deficit threshold,0.9230769230769231,0.13171230786227428,6.19280815676619
2013-12-07,0.0,cape_town,"Cape Town, South Africa",Mediterranean winter-rainfall,16,86.1,12,2013,10–19,15.709032258064516,12.469926953350525,5.644858065750117,0.0,1,1,1,1,0,1,1,1,0,0,0,0,0.08280254777070063,0.19745222929936307,0.4140127388535032,0.7707006369426752,15.0,0.0,random drought day,0.5416666666666666,0.0,3.0
2013-12-08,0.0,tokyo,"Tokyo, Japan",humid subtropical,1,16.10000000000006,12,2013,0–2,77.44306451612907,50.27902436482055,-1.2200528011647298,1.2200528011647298,1,1,1,1,0,1,1,1,0,1,1,1,0.24161073825503357,0.4966442953020134,0.7315436241610739,0.9261744966442953,0.0,0.7904501930617535,30-day deficit threshold,0.8947368421052632,0.01098742678557918,2.845523660726936
2013-12-11,0.0,cape_town,"Cape Town, South Africa",Mediterranean winter-rainfall,1,86.1,12,2013,0–2,15.709032258064516,12.469926953350525,5.644858065750117,0.0,0,0,1,1,0,0,0,0,0,0,0,0,0.0851063829787234,0.23404255319148937,0.44680851063829785,0.6666666666666666,0.0,0.0,season-matched placebo,0.6122448979591837,0.0,3.0
2013-12-12,0.0,cape_town,"Cape Town, South Africa",Mediterranean winter-rainfall,2,86.1,12,2013,0–2,15.709032258064516,12.469926953350525,5.644858065750117,0.0,0,1,1,1,0,0,0,0,0,0,0,0,0.0851063829787234,0.23404255319148937,0.44680851063829785,0.6666666666666666,1.0,0.0,season-matched placebo,0.6,0.0,3.0
2013-12-13,0.0,tucson,"Tucson, United States",hot semi-arid / monsoonal,7,36.400000000000006,12,2013,6–9,25.111129032258077,25.327839224007104,0.44570999001927186,0.0,0,0,1,1,0,0,1,1,0,0,1,1,0.189873417721519,0.3291139240506329,0.45569620253164556,0.569620253164557,6.0,0.0,dry-spell threshold,0.4358974358974359,0.014965673202623098,3.299313464052462
2013-12-14,0.4,london,"London, United Kingdom",temperate maritime,0,10.899999999999997,12,2013,0–2,58.340161290322584,25.556611744344465,-1.8562774191230895,1.8562774191230895,1,1,1,1,1,1,1,1,0,1,1,1,0.42592592592592593,0.6904761904761905,0.8571428571428571,0.9682539682539683,22.0,1.8993191185081195,high prospective hazard,0.7096774193548387,0.0,2.122403385570865
2013-12-15,5.2,darwin,"Darwin, Australia",tropical savanna / monsoon,0,188.3,12,2013,0–2,235.83209677419353,95.03366235738179,-0.5001606335599823,0.5001606335599823,1,1,1,1,1,1,1,1,1,1,1,1,0.8347826086956521,0.9652173913043478,0.9982608695652174,1.0,0.0,0.3696805521613641,high prospective hazard,0.9285714285714286,0.3990531937945576,12.598765014628883
2013-12-17,0.0,cape_town,"Cape Town, South Africa",Mediterranean winter-rainfall,7,9.1,12,2013,6–9,15.709032258064516,12.469926953350525,-0.529997672222831,0.529997672222831,0,0,0,1,0,0,0,1,0,0,0,1,0.1326530612244898,0.23469387755102042,0.40816326530612246,0.6224489795918368,6.0,0.0,dry-spell threshold,0.6976744186046512,0.07891406785843602,4.833594700888864
2013-12-18,8.5,tokyo,"Tokyo, Japan",humid subtropical,7,11.200000000000058,12,2013,6–9,77.44306451612907,50.27902436482055,-1.3175089483732754,1.3175089483732754,1,1,1,1,1,1,1,1,1,1,1,1,0.17708333333333334,0.3854166666666667,0.7083333333333334,0.9375,6.0,1.3175089483732754,dry-spell threshold,0.9,0.016250584680316038,2.92900424780434
2013-12-19,0.0,nairobi,"Nairobi, Kenya",subtropical highland / bimodal rainfall,0,96.0,12,2013,0–2,57.59387096774193,34.13512578169223,1.12512047788781,0.0,1,1,1,1,0,0,0,0,0,0,0,0,0.38292011019283745,0.6060606060606061,0.8126721763085399,0.9090909090909091,0.0,0.0,season-matched placebo,0.5,0.0,3.0
2013-12-19,0.0,tucson,"Tucson, United States",hot semi-arid / monsoonal,13,36.400000000000006,12,2013,10–19,25.111129032258077,25.327839224007104,0.44570999001927186,0.0,1,1,1,1,1,1,1,1,1,1,1,1,0.060240963855421686,0.1566265060240964,0.3493975903614458,0.5421686746987951,12.0,0.0,random drought day,0.3333333333333333,0.0,3.0
2013-12-21,0.0,cape_town,"Cape Town, South Africa",Mediterranean winter-rainfall,11,2.7,12,2013,10–19,15.709032258064516,12.469926953350525,-1.0432324348595434,1.0432324348595434,0,0,1,1,0,0,1,1,0,0,1,1,0.08280254777070063,0.19745222929936307,0.4140127388535032,0.7707006369426752,10.0,0.6984028287130021,30-day deficit threshold,0.7272727272727273,0.10851237652651213,5.5742821956916915
2013-12-21,7.5,darwin,"Darwin, Australia",tropical savanna / monsoon,0,186.4,12,2013,0–2,235.83209677419353,95.03366235738179,-0.5201535492581578,0.5201535492581578,1,1,1,1,1,1,1,1,1,1,1,1,0.8347826086956521,0.9652173913043478,0.9982608695652174,1.0,0.0,0.40019605506910527,high prospective hazard,0.9333333333333333,0.40381509855646236,12.76240153244817
2013-12-21,0.5,tucson,"Tucson, United States",hot semi-arid / monsoonal,0,44.2,12,2013,0–2,25.111129032258077,25.327839224007104,0.7536715153201248,0.0,0,0,0,0,0,0,0,0,0,0,0,0,0.16666666666666666,0.3563218390804598,0.6379310344827587,0.7873563218390804,14.0,0.0,season-matched placebo,0.2571428571428571,0.0,3.0
2013-12-22,0.0,tucson,"Tucson, United States",hot semi-arid / monsoonal,1,44.7,12,2013,0–2,25.111129032258077,25.327839224007104,0.7734126387368461,0.0,0,0,0,0,0,0,0,0,0,0,0,0,0.16666666666666666,0.3563218390804598,0.6379310344827587,0.7873563218390804,0.0,0.0,season-matched placebo,0.25,0.0,3.0
2013-12-23,0.0,tucson,"Tucson, United States",hot semi-arid / monsoonal,2,38.60000000000001,12,2013,0–2,25.111129032258077,25.327839224007104,0.5325709330528459,0.0,0,0,0,0,0,0,0,0,0,0,0,0,0.16666666666666666,0.3563218390804598,0.6379310344827587,0.7873563218390804,1.0,0.0,season-matched placebo,0.24324324324324326,0.0,3.0
2013-12-26,0.0,nairobi,"Nairobi, Kenya",subtropical highland / bimodal rainfall,7,74.0,12,2013,6–9,57.59387096774193,34.13512578169223,0.48062307246739977,0.0,1,1,1,1,0,0,0,0,0,0,0,0,0.234375,0.421875,0.546875,0.75,6.0,0.0,dry-spell threshold,0.6388888888888888,0.010569940954836987,3.2113988190967397
2013-12-28,0.0,tucson,"Tucson, United States",hot semi-arid / monsoonal,7,12.400000000000006,12,2013,6–9,25.111129032258077,25.327839224007104,-0.5018639339833527,0.5018639339833527,0,0,0,0,0,0,0,0,0,0,0,0,0.189873417721519,0.3291139240506329,0.45569620253164556,0.569620253164557,6.0,0.5018639339833527,dry-spell threshold,0.45,0.029068237305187206,3.6179000134276857
2014-01-02,0.9,brasilia,"Brasília, Brazil",tropical savanna,1,295.5,1,2014,0–2,238.4326050420168,65.85281015382101,0.8665901246231319,0.0,0,0,1,1,0,0,0,1,0,0,0,1,0.8050089445438283,0.9159212880143113,0.9838998211091234,0.9964221824686941,0.0,0.0,season-matched placebo,0.7777777777777778,0.16538347400925202,6.307669480185041
2014-01-03,0.0,cape_town,"Cape Town, South Africa",Mediterranean winter-rainfall,5,8.3,1,2014,3–5,13.84655462184874,12.698939511184065,-0.4367730562826795,0.4367730562826795,0,1,1,1,0,1,1,1,0,0,0,0,0.030303030303030304,0.18181818181818182,0.47474747474747475,0.5454545454545454,4.0,0.4288983829753589,random drought day,0.56,0.0,2.9328595585337047
2014-01-04,0.0,darwin,"Darwin, Australia",tropical savanna / monsoon,0,290.59999999999997,1,2014,0–2,372.3450420168067,155.95621003757034,-0.5241538121317137,0.5241538121317137,1,1,1,1,1,1,1,1,0,1,1,1,0.9016393442622951,0.9852459016393442,1.0,1.0,0.0,0.46965133353241767,high prospective hazard,0.9375,0.407981765223129,12.873662376087623
2014-01-04,0.0,tokyo,"Tokyo, Japan",humid subtropical,7,51.10000000000006,1,2014,6–9,56.298487394958,37.50707562065987,-0.13860017900447782,0.13860017900447782,0,0,1,1,0,0,1,1,0,0,1,1,0.21568627450980393,0.46078431372549017,0.7941176470588235,0.9803921568627451,6.0,0.13593401539813899,dry-spell threshold,0.9032258064516129,0.019476391131928894,3.408664478320627
2014-01-04,0.0,tokyo,"Tokyo, Japan",humid subtropical,7,51.10000000000006,1,2014,6–9,56.298487394958,37.50707562065987,-0.13860017900447782,0.13860017900447782,0,0,1,1,0,0,1,1,0,0,1,1,0.21568627450980393,0.46078431372549017,0.7941176470588235,0.9803921568627451,6.0,0.13593401539813899,random drought day,0.896551724137931,0.012802308818247066,3.266260811111364
2014-01-05,1.6,cape_town,"Cape Town, South Africa",Mediterranean winter-rainfall,7,7.6000000000000005,1,2014,6–9,13.84655462184874,12.698939511184065,-0.49189576943392366,0.49189576943392366,1,1,1,1,1,1,1,1,0,0,0,0,0.1271186440677966,0.2796610169491525,0.3389830508474576,0.5677966101694916,6.0,0.49189576943392366,dry-spell threshold,0.6818181818181818,0.06305783107196661,4.44235012843419
2014-01-07,4.7,cape_town,"Cape Town, South Africa",Mediterranean winter-rainfall,0,12.200000000000001,1,2014,0–2,13.84655462184874,12.698939511184065,-0.12966079729717625,0.12966079729717625,1,1,1,1,0,1,1,1,0,0,0,0,0.1,0.23846153846153847,0.4461538461538462,0.5846153846153846,0.0,0.3659009965167941,season-matched placebo,0.5882352941176471,0.0,2.993959893448218
2014-01-07,0.0,nairobi,"Nairobi, Kenya",subtropical highland / bimodal rainfall,19,58.9,1,2014,10–19,38.80621848739496,39.3988033067764,0.5100099451281813,0.0,0,1,1,1,0,0,0,0,0,0,0,0,0.10569105691056911,0.2032520325203252,0.42276422764227645,0.7398373983739838,18.0,0.0,random drought day,0.6521739130434783,0.023854965109426418,3.4770993021885284
2014-01-08,0.0,brasilia,"Brasília, Brazil",tropical savanna,7,247.10000000000002,1,2014,6–9,238.4326050420168,65.85281015382101,0.1316176931210324,0.0,0,1,1,1,0,1,1,1,0,0,0,1,0.7709677419354839,0.9032258064516129,0.9774193548387097,0.9967741935483871,6.0,0.0,dry-spell threshold,0.5263157894736842,0.0,3.0
2014-01-08,0.8,cape_town,"Cape Town, South Africa",Mediterranean winter-rainfall,0,16.8,1,2014,0–2,13.84655462184874,12.698939511184065,0.23257417483957107,0.0,1,1,1,1,1,1,1,1,0,0,0,0,0.1,0.23846153846153847,0.4461538461538462,0.5846153846153846,0.0,0.12966079729717625,season-matched placebo,0.5961538461538461,0.0,3.0
2014-01-09,0.7,tokyo,"Tokyo, Japan",humid subtropical,0,80.00000000000006,1,2014,0–2,56.298487394958,37.50707562065987,0.6319211032274307,0.0,0,0,0,1,0,0,0,1,0,0,0,0,0.23102310231023102,0.504950495049505,0.7491749174917491,0.9372937293729373,11.0,0.16526181506786566,season-matched placebo,0.7777777777777778,0.0,3.0
2014-01-11,0.0,tokyo,"Tokyo, Japan",humid subtropical,2,74.30000000000007,1,2014,0–2,56.298487394958,37.50707562065987,0.47994977766612035,0.0,0,0,1,1,0,0,1,1,0,0,0,0,0.23102310231023102,0.504950495049505,0.7491749174917491,0.9372937293729373,1.0,0.0,season-matched placebo,0.75,0.0,3.0
2014-01-12,0.0,cape_town,"Cape Town, South Africa",Mediterranean winter-rainfall,2,18.4,1,2014,0–2,13.84655462184874,12.698939511184065,0.3585689477567004,0.0,0,0,0,1,0,0,0,1,0,0,0,0,0.1,0.23846153846153847,0.4461538461538462,0.5846153846153846,1.0,0.0,season-matched placebo,0.6037735849056604,0.0,3.0
2014-01-14,0.5,brasilia,"Brasília, Brazil",tropical savanna,1,204.10000000000002,1,2014,0–2,238.4326050420168,65.85281015382101,-0.5213536819738084,0.5213536819738084,1,1,1,1,1,1,1,1,0,1,1,1,0.8050089445438283,0.9159212880143113,0.9838998211091234,0.9964221824686941,0.0,0.47427900144371576,high prospective hazard,0.9,0.28760569623147425,9.927742066001024
2014-01-16,0.0,mumbai,"Mumbai, India",tropical monsoon,79,0.0,1,2014,20+,3.0305882352941196,11.295993397002059,-0.2682887753899036,0.2682887753899036,0,0,1,1,0,0,0,0,0,0,0,0,0.013725490196078431,0.03333333333333333,0.07058823529411765,0.12352941176470589,78.0,0.2682887753899036,random drought day,0.36363636363636365,0.03510867337097662,3.7638559270405167
2014-01-16,0.0,tokyo,"Tokyo, Japan",humid subtropical,7,74.30000000000007,1,2014,6–9,56.298487394958,37.50707562065987,0.47994977766612035,0.0,0,1,1,1,0,1,1,1,0,0,0,0,0.21568627450980393,0.46078431372549017,0.7941176470588235,0.9803921568627451,6.0,0.0,dry-spell threshold,0.90625,0.022500584680316016,3.4500116936063203
2014-01-17,0.0,cape_town,"Cape Town, South Africa",Mediterranean winter-rainfall,7,18.2,1,2014,6–9,13.84655462184874,12.698939511184065,0.3428196011420593,0.0,0,0,1,1,0,0,1,1,0,0,0,0,0.1271186440677966,0.2796610169491525,0.3389830508474576,0.5677966101694916,6.0,0.0,dry-spell threshold,0.6888888888888889,0.07012853814267372,4.4025707628534745
2014-01-20,0.0,tokyo,"Tokyo, Japan",humid subtropical,1,37.500000000000064,1,2014,0–2,56.298487394958,37.50707562065987,-0.5011984294665522,0.5011984294665522,1,1,1,1,1,1,1,1,0,0,0,0,0.23102310231023102,0.504950495049505,0.7491749174917491,0.9372937293729373,0.0,0.2905715045657884,random drought day,0.9,0.016250584680316038,3.306779850288275
2014-01-23,0.0,nairobi,"Nairobi, Kenya",subtropical highland / bimodal rainfall,35,3.4,1,2014,20+,38.80621848739496,39.3988033067764,-0.8986622819913229,0.8986622819913229,0,0,1,1,0,0,0,0,0,0,0,0,0.17391304347826086,0.391304347826087,0.7391304347826086,0.8260869565217391,34.0,0.9062767264622391,random drought day,0.625,0.0,2.734952305148848
2014-01-27,2.7,brasilia,"Brasília, Brazil",tropical savanna,0,201.40000000000003,1,2014,0–2,238.4326050420168,65.85281015382101,-0.5623542101774378,0.5623542101774378,1,1,1,1,0,0,0,0,0,0,0,0,0.8050089445438283,0.9159212880143113,0.9838998211091234,0.9964221824686941,0.0,0.310276888629197,high prospective hazard,0.9047619047619048,0.292367600993379,10.10790782239798
2014-02-01,0.0,brasilia,"Brasília, Brazil",tropical savanna,4,174.50000000000003,2,2014,3–5,233.41380530973456,101.62431886591932,-0.5797215269650563,0.5797215269650563,0,0,1,1,0,0,0,1,0,0,0,1,0.5208333333333334,0.8541666666666666,1.0,1.0,3.0,0.9586926494791903,high prospective hazard,0.8636363636363636,0.2512420598678379,9.113793100539478
2014-02-01,0.1,nairobi,"Nairobi, Kenya",subtropical highland / bimodal rainfall,44,3.1999999999999997,2,2014,20+,32.5141592920354,40.980944947675,-0.7153119414270241,0.7153119414270241,0,0,1,1,0,0,1,1,0,0,1,1,0.1111111111111111,0.24786324786324787,0.48717948717948717,0.7264957264957265,43.0,0.8885096893634347,random drought day,0.6,0.0,2.826454184455186
2014-02-01,5.0,tucson,"Tucson, United States",hot semi-arid / monsoonal,42,0.0,2,2014,20+,30.121769911504437,27.801130207843915,-1.0834728547476737,1.0834728547476737,0,1,1,1,0,0,0,0,0,0,0,0,0.08235294117647059,0.17647058823529413,0.29411764705882354,0.5647058823529412,41.0,0.904541530074277,30-day deficit threshold,0.375,0.0,2.629573064661784
2014-02-02,0.0,tucson,"Tucson, United States",hot semi-arid / monsoonal,0,5.000000000000007,2,2014,0–2,30.121769911504437,27.801130207843915,-0.9036240513853814,0.9036240513853814,0,1,1,1,0,0,0,0,0,0,0,0,0.22099447513812154,0.43646408839779005,0.6077348066298343,0.856353591160221,42.0,1.0834728547476737,high prospective hazard,0.42857142857142855,0.007639665876615742,2.934310597214795
2014-02-04,0.0,brasilia,"Brasília, Brazil",tropical savanna,7,173.60000000000002,2,2014,6–9,233.41380530973456,101.62431886591932,-0.5885776748836213,0.5885776748836213,0,0,1,1,0,0,0,1,0,0,0,1,0.7539823008849558,0.8973451327433628,0.9964601769911504,1.0,6.0,0.5885776748836213,dry-spell threshold,0.55,0.0,2.880264961727266
2014-02-05,0.0,cape_town,"Cape Town, South Africa",Mediterranean winter-rainfall,7,16.3,2,2014,6–9,11.802123893805309,12.848555776895664,0.3500686134921712,0.0,0,1,1,1,0,1,1,1,0,0,0,0,0.06329113924050633,0.17721518987341772,0.35443037974683544,0.5063291139240507,6.0,0.0,dry-spell threshold,0.6956521739130435,0.0768918231668283,4.537836463336566
2014-02-08,0.9,cape_town,"Cape Town, South Africa",Mediterranean winter-rainfall,0,9.0,2,2014,0–2,11.802123893805309,12.848555776895664,-0.2180886274272243,0.2180886274272243,0,0,0,1,0,0,0,0,0,0,0,0,0.06140350877192982,0.15789473684210525,0.42105263157894735,0.6578947368421053,9.0,0.249220531039246,season-matched placebo,0.5925925925925926,0.0,2.9829746188792914
2014-02-08,50.7,tokyo,"Tokyo, Japan",humid subtropical,0,18.800000000000058,2,2014,0–2,65.73982300884958,35.926938123744165,-1.3065355819405866,1.3065355819405866,0,0,1,1,0,0,1,1,0,0,1,1,0.2696245733788396,0.5358361774744027,0.8805460750853242,1.0,2.0,0.5383098036976273,30-day deficit threshold,0.9,0.016250584680316038,2.935924233852688
2014-02-08,0.0,tucson,"Tucson, United States",hot semi-arid / monsoonal,6,6.800000000000007,2,2014,6–9,30.121769911504437,27.801130207843915,-0.8388784821749562,0.8388784821749562,0,0,0,0,0,0,0,0,0,0,0,0,0.17582417582417584,0.3626373626373626,0.6153846153846154,0.8351648351648352,5.0,0.867654290712923,high prospective hazard,0.4,0.0,2.7663893393859826
2014-02-09,0.0,tucson,"Tucson, United States",hot semi-arid / monsoonal,7,6.800000000000007,2,2014,6–9,30.121769911504437,27.801130207843915,-0.8388784821749562,0.8388784821749562,0,0,0,0,0,0,0,0,0,0,0,0,0.17582417582417584,0.3626373626373626,0.6153846153846154,0.8351648351648352,6.0,0.8388784821749562,dry-spell threshold,0.43902439024390244,0.018092627549089635,3.24002074682888
2014-02-10,0.0,tokyo,"Tokyo, Japan",humid subtropical,1,68.80000000000007,2,2014,0–2,65.73982300884958,35.926938123744165,0.08517778444158616,0.0,0,1,1,1,0,0,1,1,0,0,1,1,0.2696245733788396,0.5358361774744027,0.8805460750853242,1.0,0.0,0.0,season-matched placebo,0.7586206896551724,0.0,3.0
2014-02-15,0.0,cape_town,"Cape Town, South Africa",Mediterranean winter-rainfall,7,8.0,2,2014,6–9,11.802123893805309,12.848555776895664,-0.29591838645727847,0.29591838645727847,0,0,1,1,0,0,0,1,0,0,0,0,0.06329113924050633,0.17721518987341772,0.35443037974683544,0.5063291139240507,6.0,0.29591838645727847,dry-spell threshold,0.7021276595744681,0.08336730882825294,4.8629449481552784
2014-02-16,0.0,mumbai,"Mumbai, India",tropical monsoon,110,0.7000000000000285,2,2014,20+,0.6042477876106195,1.472170808312353,0.06504151002639165,0.0,0,0,0,0,0,0,0,0,0,0,0,0,0.006060606060606061,0.01818181818181818,0.04242424242424243,0.09090909090909091,109.0,0.002885390463257786,random drought day,0.3333333333333333,0.004805643067946286,3.0961128613589257
2014-02-17,32.0,brasilia,"Brasília, Brazil",tropical savanna,0,181.50000000000003,2,2014,0–2,233.41380530973456,101.62431886591932,-0.5108403764873283,0.5108403764873283,1,1,1,1,1,1,1,1,1,1,1,1,0.7727272727272727,0.8992094861660079,0.9960474308300395,1.0,0.0,0.3652059440487036,high prospective hazard,0.8260869565217391,0.21369265275321336,8.11147112007654
2014-02-21,1.6,brasilia,"Brasília, Brazil",tropical savanna,0,178.0,2,2014,0–2,233.41380530973456,101.62431886591932,-0.5452809517261926,0.5452809517261926,1,1,1,1,1,1,1,1,1,1,1,1,0.7727272727272727,0.8992094861660079,0.9960474308300395,1.0,0.0,0.43900717670341216,high prospective hazard,0.8333333333333334,0.2209390295648076,8.326433888642924
2014-02-22,0.0,cape_town,"Cape Town, South Africa",Mediterranean winter-rainfall,14,8.5,2,2014,10–19,11.802123893805309,12.848555776895664,-0.2570035069422514,0.2570035069422514,0,0,1,1,0,0,1,1,0,0,0,0,0.0916030534351145,0.17557251908396945,0.32061068702290074,0.6335877862595419,13.0,0.2570035069422514,random drought day,0.5769230769230769,0.0,2.97640869800268
2014-02-23,0.0,tokyo,"Tokyo, Japan",humid subtropical,7,190.20000000000005,2,2014,6–9,65.73982300884958,35.926938123744165,3.4642578380175,0.0,0,0,1,1,0,0,1,1,0,0,1,1,0.3132530120481928,0.5662650602409639,0.9156626506024096,1.0,6.0,0.0,dry-spell threshold,0.9090909090909091,0.025341493771225077,3.5068298754245015
2014-02-25,0.0,nairobi,"Nairobi, Kenya",subtropical highland / bimodal rainfall,0,104.7,2,2014,0–2,32.5141592920354,40.980944947675,1.7614489075381843,0.0,1,1,1,1,0,0,0,1,0,0,0,0,0.2847682119205298,0.3973509933774834,0.6158940397350994,0.7814569536423841,2.0,0.0,season-matched placebo,0.48484848484848486,0.0,3.0
2014-02-26,0.0,cape_town,"Cape Town, South Africa",Mediterranean winter-rainfall,18,5.800000000000001,2,2014,10–19,11.802123893805309,12.848555776895664,-0.4671438563233976,0.4671438563233976,0,1,1,1,0,1,1,1,0,0,0,0,0.0916030534351145,0.17557251908396945,0.32061068702290074,0.6335877862595419,17.0,0.4671438563233976,random drought day,0.5925925925925926,0.0,2.923444330750926
2014-03-04,0.4,nairobi,"Nairobi, Kenya",subtropical highland / bimodal rainfall,7,104.9,3,2014,6–9,34.05548387096774,29.879996154646307,2.3709680470630183,0.0,1,1,1,1,0,0,1,1,0,0,0,1,0.296875,0.546875,0.765625,0.9375,6.0,0.0,dry-spell threshold,0.6216216216216216,0.0,3.0
2014-03-05,0.0,tucson,"Tucson, United States",hot semi-arid / monsoonal,2,24.60000000000001,3,2014,0–2,26.86919354838711,20.47341795216967,-0.11083608773524907,0.11083608773524907,0,1,1,1,0,0,0,0,0,0,0,0,0.15789473684210525,0.2807017543859649,0.49707602339181284,0.6140350877192983,1.0,0.11083608773524907,season-matched placebo,0.23684210526315788,0.0,2.9955840400125626
2014-03-10,0.0,cape_town,"Cape Town, South Africa",Mediterranean winter-rainfall,7,4.9,3,2014,6–9,11.060483870967742,9.490236616741582,-0.6491391226326355,0.6491391226326355,0,0,0,1,0,0,0,1,0,0,0,1,0.06382978723404255,0.14893617021276595,0.3404255319148936,0.6595744680851063,6.0,0.5226933817663754,dry-spell threshold,0.6875,0.06873964925378484,4.588964325281743
2014-03-10,0.0,tucson,"Tucson, United States",hot semi-arid / monsoonal,7,22.900000000000006,3,2014,6–9,26.86919354838711,20.47341795216967,-0.1938705866143112,0.1938705866143112,0,0,0,0,0,0,0,0,0,0,0,0,0.12149532710280374,0.2336448598130841,0.411214953271028,0.5514018691588785,6.0,0.154795528318282,dry-spell threshold,0.42857142857142855,0.007639665876615742,3.153381696084713
2014-03-11,0.0,london,"London, United Kingdom",temperate maritime,7,67.49999999999999,3,2014,6–9,43.66516129032258,22.75797034071517,1.0473182956494,0.0,0,0,1,1,0,0,0,1,0,0,0,0,0.1643835616438356,0.4246575342465753,0.7123287671232876,0.8767123287671232,6.0,0.0,dry-spell threshold,0.7222222222222222,0.0,3.0
2014-03-13,14.4,tokyo,"Tokyo, Japan",humid subtropical,7,172.60000000000005,3,2014,6–9,86.56790322580649,40.11320514013068,2.1447325506314123,0.0,1,1,1,1,1,1,1,1,0,0,1,1,0.5757575757575758,0.8484848484848485,0.9696969696969697,1.0,6.0,0.0,dry-spell threshold,0.9117647058823529,0.028015290562668937,3.5603058112533787
2014-03-14,0.0,tucson,"Tucson, United States",hot semi-arid / monsoonal,11,22.900000000000006,3,2014,10–19,26.86919354838711,20.47341795216967,-0.1938705866143112,0.1938705866143112,0,0,0,1,0,0,0,0,0,0,0,0,0.09554140127388536,0.1910828025477707,0.3248407643312102,0.5732484076433121,10.0,0.1938705866143112,random drought day,0.36,0.0,2.986529864736732
2014-03-15,14.2,darwin,"Darwin, Australia",tropical savanna / monsoon,0,320.3,3,2014,0–2,394.08193548387095,143.27892247180256,-0.5149531711364684,0.5149531711364684,1,1,1,1,1,1,1,1,1,1,1,1,0.7495652173913043,0.8921739130434783,0.9617391304347827,0.9982608695652174,0.0,0.43329426556853634,high prospective hazard,0.9411764705882353,0.4116582358113643,12.941206962696128
2014-03-15,5.3,nairobi,"Nairobi, Kenya",subtropical highland / bimodal rainfall,0,93.9,3,2014,0–2,34.05548387096774,29.879996154646307,2.0028287761250767,0.0,1,1,1,1,0,0,0,1,0,0,0,1,0.42948717948717946,0.6538461538461539,0.8653846153846154,0.9711538461538461,0.0,0.0,season-matched placebo,0.47058823529411764,0.0,3.0
2014-03-16,0.0,tokyo,"Tokyo, Japan",humid subtropical,1,187.10000000000005,3,2014,0–2,86.56790322580649,40.11320514013068,2.5062095243448312,0.0,0,1,1,1,0,0,1,1,0,0,1,1,0.3674832962138085,0.7060133630289532,0.9732739420935412,1.0,0.0,0.0,season-matched placebo,0.7666666666666667,0.0,3.0
2014-03-18,0.0,tokyo,"Tokyo, Japan",humid subtropical,3,63.300000000000054,3,2014,3–5,86.56790322580649,40.11320514013068,-0.5800559477738765,0.5800559477738765,1,1,1,1,0,1,1,1,0,1,1,1,0.3816793893129771,0.7938931297709924,0.9770992366412213,1.0,2.0,0.08395996316028792,high prospective hazard,0.8333333333333334,0.0,2.8835734488645848
2014-03-18,0.0,tokyo,"Tokyo, Japan",humid subtropical,3,63.300000000000054,3,2014,3–5,86.56790322580649,40.11320514013068,-0.5800559477738765,0.5800559477738765,1,1,1,1,0,1,1,1,0,1,1,1,0.3816793893129771,0.7938931297709924,0.9770992366412213,1.0,2.0,0.08395996316028792,random drought day,0.9032258064516129,0.019476391131928894,3.366573719977547
2014-03-20,0.4,darwin,"Darwin, Australia",tropical savanna / monsoon,1,246.0,3,2014,0–2,394.08193548387095,143.27892247180256,-1.0335221184610293,1.0335221184610293,1,1,1,1,0,1,1,1,0,1,1,1,0.7495652173913043,0.8921739130434783,0.9617391304347827,0.9982608695652174,0.0,0.7655134027508931,30-day deficit threshold,0.5714285714285714,0.04191033665170041,3.7860613912735133
2014-03-23,10.4,darwin,"Darwin, Australia",tropical savanna / monsoon,0,174.8,3,2014,0–2,394.08193548387095,143.27892247180256,-1.530454945506907,1.530454945506907,1,1,1,1,1,1,1,1,1,1,1,1,0.7495652173913043,0.8921739130434783,0.9617391304347827,0.9982608695652174,3.0,1.4976517954069686,high prospective hazard,0.9444444444444444,0.41492620966757343,13.77654062088027
2014-03-23,0.6,nairobi,"Nairobi, Kenya",subtropical highland / bimodal rainfall,7,66.1,3,2014,6–9,34.05548387096774,29.879996154646307,1.0724404368455505,0.0,1,1,1,1,1,1,1,1,0,1,1,1,0.296875,0.546875,0.765625,0.9375,6.0,0.0,dry-spell threshold,0.631578947368421,0.003259999434369165,3.0651999886873833
2014-03-26,7.4,cape_town,"Cape Town, South Africa",Mediterranean winter-rainfall,0,33.9,3,2014,0–2,11.060483870967742,9.490236616741582,2.406632948301986,0.0,1,1,1,1,0,0,1,1,0,0,1,1,0.06722689075630252,0.11764705882352941,0.29411764705882354,0.5630252100840336,0.0,0.0,season-matched placebo,0.5818181818181818,0.0,3.0
2014-03-26,4.3,nairobi,"Nairobi, Kenya",subtropical highland / bimodal rainfall,0,80.2,3,2014,0–2,34.05548387096774,29.879996154646307,1.5443280477750945,0.0,1,1,1,1,0,1,1,1,0,0,0,0,0.42948717948717946,0.6538461538461539,0.8653846153846154,0.9711538461538461,0.0,0.0,season-matched placebo,0.45714285714285713,0.0,3.0
2014-03-27,1.1,london,"London, United Kingdom",temperate maritime,0,48.099999999999994,3,2014,0–2,43.66516129032258,22.75797034071517,0.19486969370652804,0.0,0,0,1,1,0,0,0,1,0,0,0,1,0.4197860962566845,0.6764705882352942,0.8181818181818182,0.9278074866310161,0.0,0.0,season-matched placebo,0.7058823529411765,0.0,3.0
2014-03-28,0.0,cape_town,"Cape Town, South Africa",Mediterranean winter-rainfall,1,41.4,3,2014,0–2,11.060483870967742,9.490236616741582,3.196918828716112,0.0,0,0,1,1,0,0,1,1,0,0,1,1,0.06722689075630252,0.11764705882352941,0.29411764705882354,0.5630252100840336,0.0,0.0,season-matched placebo,0.5892857142857143,0.0,3.0
2014-03-30,0.0,london,"London, United Kingdom",temperate maritime,2,38.599999999999994,3,2014,0–2,43.66516129032258,22.75797034071517,-0.2225664773479713,0.2225664773479713,0,1,1,1,0,0,1,1,0,0,0,1,0.4197860962566845,0.6764705882352942,0.8181818181818182,0.9278074866310161,1.0,0.011651359341487545,season-matched placebo,0.6857142857142857,0.0,2.9822724764635447
2014-03-31,3.1,darwin,"Darwin, Australia",tropical savanna / monsoon,0,184.79999999999998,3,2014,0–2,394.08193548387095,143.27892247180256,-1.4606610091240593,1.4606610091240593,1,1,1,1,1,1,1,1,0,0,1,1,0.7495652173913043,0.8921739130434783,0.9617391304347827,0.9982608695652174,4.0,1.4871827049495414,high prospective hazard,0.9473684210526315,0.41785018627576054,13.901313239259123
2014-04-02,0.0,tucson,"Tucson, United States",hot semi-arid / monsoonal,30,0.30000000000000715,4,2014,20+,13.29966666666668,12.691907161700495,-1.024248483781451,1.024248483781451,0,0,0,0,0,0,0,0,0,0,0,0,0.05217391304347826,0.12608695652173912,0.2565217391304348,0.39565217391304347,29.0,0.3387723067847111,30-day deficit threshold,0.3333333333333333,0.0,2.664558243690059
2014-04-03,0.0,cape_town,"Cape Town, South Africa",Mediterranean winter-rainfall,0,58.900000000000006,4,2014,0–2,24.096833333333333,28.520224613284682,1.2202977760019253,0.0,0,0,0,0,0,0,0,0,0,0,0,0,0.20192307692307693,0.35096153846153844,0.5432692307692307,0.8798076923076923,0.0,0.0,season-matched placebo,0.5964912280701754,0.0,3.0
2014-04-03,0.8,darwin,"Darwin, Australia",tropical savanna / monsoon,0,190.3,4,2014,0–2,181.1625,124.65235065823825,0.07330387234375128,0.0,1,1,1,1,1,1,1,1,0,0,1,1,0.4807692307692308,0.6121794871794872,0.7275641025641025,0.8012820512820513,0.0,0.0,season-matched placebo,0.6428571428571429,0.11333890808027192,5.266778161605439
2014-04-03,0.0,london,"London, United Kingdom",temperate maritime,6,16.599999999999994,4,2014,6–9,46.335166666666666,27.704570357072942,-1.0732946327418977,1.0732946327418977,0,1,1,1,0,1,1,1,0,0,1,1,0.32,0.46,0.6,0.88,5.0,0.9325236354033907,30-day deficit threshold,0.9285714285714286,0.13720681335677976,6.340314013582119
2014-04-04,0.0,london,"London, United Kingdom",temperate maritime,7,16.499999999999993,4,2014,6–9,46.335166666666666,27.704570357072942,-1.0769041454941672,1.0769041454941672,1,1,1,1,0,1,1,1,0,1,1,1,0.32,0.46,0.6,0.88,6.0,1.0732946327418977,dry-spell threshold,0.7027027027027027,0.0,2.633503935646234
2014-04-06,4.0,london,"London, United Kingdom",temperate maritime,9,17.199999999999992,4,2014,6–9,46.335166666666666,27.704570357072942,-1.0516375562282814,1.0516375562282814,1,1,1,1,1,1,1,1,1,1,1,1,0.32,0.46,0.6,0.88,8.0,1.0769041454941672,random drought day,0.7241379310344828,0.0,2.6485085252699196
2014-04-07,5.2,london,"London, United Kingdom",temperate maritime,0,21.199999999999992,4,2014,0–2,46.335166666666666,27.704570357072942,-0.9072570461375048,0.9072570461375048,1,1,1,1,0,0,0,1,0,0,0,1,0.4583333333333333,0.6861111111111111,0.8694444444444445,0.9583333333333334,9.0,1.0516375562282814,high prospective hazard,0.71875,0.0,2.7303161816004478
2014-04-07,0.0,tokyo,"Tokyo, Japan",humid subtropical,1,126.00000000000006,4,2014,0–2,116.1426666666667,43.41530714367366,0.22704741672591708,0.0,0,1,1,1,0,0,1,1,0,0,0,1,0.33031674208144796,0.7036199095022625,0.9524886877828054,1.0,0.0,0.0,season-matched placebo,0.7741935483870968,0.0,3.0
2014-04-10,0.0,cape_town,"Cape Town, South Africa",Mediterranean winter-rainfall,7,58.8,4,2014,6–9,24.096833333333333,28.520224613284682,1.2167914922557086,0.0,0,0,0,0,0,0,0,0,0,0,0,0,0.08928571428571429,0.3125,0.7857142857142857,0.9464285714285714,6.0,0.0,dry-spell threshold,0.673469387755102,0.05470903700888685,4.0941807401777375
2014-04-12,0.0,cape_town,"Cape Town, South Africa",Mediterranean winter-rainfall,9,58.8,4,2014,6–9,24.096833333333333,28.520224613284682,1.2167914922557086,0.0,0,0,0,1,0,0,0,0,0,0,0,0,0.08928571428571429,0.3125,0.7857142857142857,0.9464285714285714,8.0,0.0,random drought day,0.6071428571428571,0.0,3.0
2014-04-13,0.4,tokyo,"Tokyo, Japan",humid subtropical,7,111.40000000000006,4,2014,6–9,116.1426666666667,43.41530714367366,-0.1092395051121439,0.1092395051121439,1,1,1,1,1,1,1,1,0,0,0,1,0.4642857142857143,0.75,1.0,1.0,6.0,0.0,dry-spell threshold,0.9142857142857143,0.030536298966030273,3.6388728431629977
2014-04-13,0.4,tokyo,"Tokyo, Japan",humid subtropical,7,111.40000000000006,4,2014,6–9,116.1426666666667,43.41530714367366,-0.1092395051121439,0.1092395051121439,1,1,1,1,1,1,1,1,0,0,0,1,0.4642857142857143,0.75,1.0,1.0,6.0,0.0,random drought day,0.90625,0.022500584680316016,3.4696227477704547
2014-04-14,9.8,darwin,"Darwin, Australia",tropical savanna / monsoon,0,204.3,4,2014,0–2,181.1625,124.65235065823825,0.1856162348950526,0.0,1,1,1,1,0,1,1,1,0,0,1,1,0.4807692307692308,0.6121794871794872,0.7275641025641025,0.8012820512820513,0.0,0.03820625904646938,season-matched placebo,0.6666666666666666,0.13714843188979564,5.742968637795913
2014-04-14,0.0,london,"London, United Kingdom",temperate maritime,6,26.499999999999993,4,2014,6–9,46.335166666666666,27.704570357072942,-0.7159528702672258,0.7159528702672258,0,0,1,1,0,0,1,1,0,0,1,1,0.32,0.46,0.6,0.88,5.0,0.7159528702672258,random drought day,0.7333333333333333,0.0,2.8261610757881925
2014-04-15,0.0,london,"London, United Kingdom",temperate maritime,7,26.499999999999993,4,2014,6–9,46.335166666666666,27.704570357072942,-0.7159528702672258,0.7159528702672258,0,0,1,1,0,0,1,1,0,0,1,1,0.32,0.46,0.6,0.88,6.0,0.7159528702672258,dry-spell threshold,0.7105263157894737,0.0,2.8261610757881925
2014-04-15,1.3,nairobi,"Nairobi, Kenya",subtropical highland / bimodal rainfall,0,50.5,4,2014,0–2,73.29916666666666,43.25617656077162,-0.5270730905824647,0.5270730905824647,1,1,1,1,0,1,1,1,0,0,0,0,0.650390625,0.88671875,0.9765625,0.9921875,0.0,0.45078340752728857,high prospective hazard,0.8333333333333334,0.20501438539928152,7.916938560522197
2014-04-18,0.0,cape_town,"Cape Town, South Africa",Mediterranean winter-rainfall,15,58.8,4,2014,10–19,24.096833333333333,28.520224613284682,1.2167914922557086,0.0,0,0,0,1,0,0,0,0,0,0,0,0,0.25510204081632654,0.5816326530612245,0.8367346938775511,0.9897959183673469,14.0,0.0,random drought day,0.5862068965517241,0.0,3.0
2014-04-21,0.0,cape_town,"Cape Town, South Africa",Mediterranean winter-rainfall,18,55.599999999999994,4,2014,10–19,24.096833333333333,28.520224613284682,1.1045904123767851,0.0,0,0,1,1,0,0,0,1,0,0,0,1,0.25510204081632654,0.5816326530612245,0.8367346938775511,0.9897959183673469,17.0,0.0,random drought day,0.5666666666666667,0.0,3.0
2014-04-21,7.8,london,"London, United Kingdom",temperate maritime,0,30.29999999999999,4,2014,0–2,46.335166666666666,27.704570357072942,-0.5787913856809881,0.5787913856809881,1,1,1,1,1,1,1,1,0,0,1,1,0.4583333333333333,0.6861111111111111,0.8694444444444445,0.9583333333333334,12.0,0.8314572783398471,high prospective hazard,0.696969696969697,0.0,2.8840609345034713
2014-04-25,1.7,nairobi,"Nairobi, Kenya",subtropical highland / bimodal rainfall,0,42.6,4,2014,0–2,73.29916666666666,43.25617656077162,-0.7097059681994011,0.7097059681994011,0,0,1,1,0,0,1,1,0,0,0,1,0.650390625,0.88671875,0.9765625,0.9921875,2.0,0.45771883325957735,high prospective hazard,0.8461538461538461,0.2178348982197943,8.395259727222673
2014-04-25,0.0,tokyo,"Tokyo, Japan",humid subtropical,2,109.50000000000007,4,2014,0–2,116.1426666666667,43.41530714367366,-0.1530028716527133,0.1530028716527133,1,1,1,1,0,0,1,1,0,0,1,1,0.33031674208144796,0.7036199095022625,0.9524886877828054,1.0,1.0,0.1530028716527133,season-matched placebo,0.78125,0.0,2.9915960519044646
2014-04-26,0.3,darwin,"Darwin, Australia",tropical savanna / monsoon,7,171.70000000000002,4,2014,6–9,181.1625,124.65235065823825,-0.0759111236172633,0.0759111236172633,1,1,1,1,1,1,1,1,1,1,1,1,0.14606741573033707,0.3258426966292135,0.5280898876404494,0.6292134831460674,6.0,0.07510889245618263,dry-spell threshold,0.5,0.0,2.997926933996834
2014-04-28,0.0,tokyo,"Tokyo, Japan",humid subtropical,5,107.40000000000006,4,2014,3–5,116.1426666666667,43.41530714367366,-0.20137290835544833,0.20137290835544833,1,1,1,1,1,1,1,1,1,1,1,1,0.4566929133858268,0.7480314960629921,0.9763779527559056,1.0,4.0,0.20137290835544833,random drought day,0.9090909090909091,0.025341493771225077,3.540631619628116
2014-04-29,4.4,london,"London, United Kingdom",temperate maritime,0,59.39999999999999,4,2014,0–2,46.335166666666666,27.704570357072942,0.47157682522941163,0.0,0,1,1,1,0,1,1,1,0,1,1,1,0.4583333333333333,0.6861111111111111,0.8694444444444445,0.9583333333333334,0.0,0.0,season-matched placebo,0.6944444444444444,0.0,3.0
2014-04-30,0.0,london,"London, United Kingdom",temperate maritime,0,63.8,4,2014,0–2,46.335166666666666,27.704570357072942,0.6303953863292661,0.0,1,1,1,1,1,1,1,1,1,1,1,1,0.4583333333333333,0.6861111111111111,0.8694444444444445,0.9583333333333334,0.0,0.0,season-matched placebo,0.7027027027027027,0.0,3.0
2014-05-01,0.0,nairobi,"Nairobi, Kenya",subtropical highland / bimodal rainfall,5,37.5,5,2014,3–5,106.88693548387096,59.75590066479438,-1.1611729504857211,1.1611729504857211,1,1,1,1,1,1,1,1,0,0,0,1,0.41333333333333333,0.6933333333333334,0.88,1.0,4.0,0.841479057112887,30-day deficit threshold,0.8888888888888888,0.260569940954837,9.672128528110408
2014-05-03,0.2,cape_town,"Cape Town, South Africa",Mediterranean winter-rainfall,30,0.7,5,2014,20+,43.471774193548384,31.93177389758018,-1.3394737896722257,1.3394737896722257,1,1,1,1,1,1,1,1,1,1,1,1,0.2435483870967742,0.4838709677419355,0.7532258064516129,0.95,29.0,0.82274709440866,30-day deficit threshold,0.75,0.13123964925378484,6.074793594050937
2014-05-03,15.8,darwin,"Darwin, Australia",tropical savanna / monsoon,0,172.7,5,2014,0–2,39.95,59.091811180795744,2.2465041660991165,0.0,1,1,1,1,1,1,1,1,1,1,1,1,0.12941176470588237,0.25882352941176473,0.4470588235294118,0.5411764705882353,2.0,0.0,season-matched placebo,0.6875,0.157981765223129,6.15963530446258
2014-05-03,0.0,nairobi,"Nairobi, Kenya",subtropical highland / bimodal rainfall,0,37.900000000000006,5,2014,0–2,106.88693548387096,59.75590066479438,-1.1544790508783194,1.1544790508783194,1,1,1,1,1,1,1,1,0,0,1,1,0.5518672199170125,0.7863070539419087,0.9315352697095436,0.970954356846473,6.0,1.1728872747986738,high prospective hazard,0.8571428571428571,0.22882390920880524,8.809261158323771
2014-05-04,0.0,brasilia,"Brasília, Brazil",tropical savanna,7,86.40000000000002,5,2014,6–9,47.016935483870974,41.55680838789718,0.9476922324862368,0.0,0,0,1,1,0,0,0,0,0,0,0,0,0.06666666666666667,0.16666666666666666,0.32222222222222224,0.6,6.0,0.0,dry-spell threshold,0.5238095238095238,0.0,3.0
2014-05-04,0.0,tokyo,"Tokyo, Japan",humid subtropical,3,47.300000000000054,5,2014,3–5,112.75661290322584,46.35753486316777,-1.4119951178688044,1.4119951178688044,1,1,1,1,1,1,1,1,0,0,0,1,0.4507042253521127,0.8098591549295775,0.9929577464788732,1.0,2.0,0.1910501265731147,30-day deficit threshold,0.9047619047619048,0.021012489442220783,2.9993562523655437
2014-05-04,0.0,tokyo,"Tokyo, Japan",humid subtropical,3,47.300000000000054,5,2014,3–5,112.75661290322584,46.35753486316777,-1.4119951178688044,1.4119951178688044,1,1,1,1,1,1,1,1,0,0,0,1,0.4507042253521127,0.8098591549295775,0.9929577464788732,1.0,2.0,0.1910501265731147,high prospective hazard,0.8461538461538461,0.0,2.4208236821738094
2014-05-04,0.0,tucson,"Tucson, United States",hot semi-arid / monsoonal,7,2.000000000000007,5,2014,6–9,3.128064516129042,4.821333126196855,-0.23397356843061998,0.23397356843061998,0,0,0,0,0,0,0,0,0,0,0,0,0.02857142857142857,0.08571428571428572,0.22857142857142856,0.3142857142857143,6.0,0.23397356843061998,dry-spell threshold,0.4186046511627907,0.0,2.9804209125791057
2014-05-06,0.0,cape_town,"Cape Town, South Africa",Mediterranean winter-rainfall,1,6.300000000000001,5,2014,0–2,43.471774193548384,31.93177389758018,-1.1640998809767127,1.1640998809767127,0,1,1,1,0,1,1,1,0,1,1,1,0.2743682310469314,0.5234657039711191,0.776173285198556,0.9638989169675091,0.0,1.1640998809767127,random drought day,0.5483870967741935,0.0,2.580388955976278
2014-05-06,1.2,london,"London, United Kingdom",temperate maritime,4,70.1,5,2014,3–5,48.14758064516129,20.32479749389796,1.080080594231229,0.0,1,1,1,1,0,1,1,1,0,1,1,1,0.2459016393442623,0.5573770491803278,0.8524590163934426,0.9508196721311475,3.0,0.0,random drought day,0.7419354838709677,0.0,3.0
2014-05-07,0.0,darwin,"Darwin, Australia",tropical savanna / monsoon,2,189.10000000000002,5,2014,0–2,39.95,59.091811180795744,2.5240383907622097,0.0,0,0,0,1,0,0,0,1,0,0,0,0,0.12941176470588237,0.25882352941176473,0.4470588235294118,0.5411764705882353,1.0,0.0,season-matched placebo,0.7058823529411765,0.17636411816430553,6.52728236328611
2014-05-12,0.0,darwin,"Darwin, Australia",tropical savanna / monsoon,7,126.69999999999999,5,2014,6–9,39.95,59.091811180795744,1.4680545115562964,0.0,0,1,1,1,0,0,1,1,0,0,0,0,0.038461538461538464,0.07692307692307693,0.20512820512820512,0.38461538461538464,6.0,0.0,dry-spell threshold,0.5384615384615384,0.008943303684667447,3.178866073693349
2014-05-12,1.0,nairobi,"Nairobi, Kenya",subtropical highland / bimodal rainfall,0,46.7,5,2014,0–2,106.88693548387096,59.75590066479438,-1.0072132595154828,1.0072132595154828,1,1,1,1,1,1,1,1,0,0,0,0,0.5518672199170125,0.7863070539419087,0.9315352697095436,0.970954356846473,0.0,0.9603559622636711,30-day deficit threshold,0.9,0.27168105206594817,9.957792583401352
2014-05-13,4.1,london,"London, United Kingdom",temperate maritime,0,77.39999999999999,5,2014,0–2,48.14758064516129,20.32479749389796,1.4392477643932762,0.0,0,0,1,1,0,0,1,1,0,0,0,1,0.3729281767955801,0.6215469613259669,0.8756906077348067,0.9668508287292817,0.0,0.0,season-matched placebo,0.7105263157894737,0.0,3.0
2014-05-20,18.9,tokyo,"Tokyo, Japan",humid subtropical,7,46.30000000000006,5,2014,6–9,112.75661290322584,46.35753486316777,-1.4335665841461134,1.4335665841461134,1,1,1,1,1,1,1,1,1,1,1,1,0.6060606060606061,0.8484848484848485,1.0,1.0,6.0,1.4206237043797278,dry-spell threshold,0.9166666666666666,0.032917251346982646,3.313164412043727
2014-05-23,0.0,cape_town,"Cape Town, South Africa",Mediterranean winter-rainfall,7,36.4,5,2014,6–9,43.471774193548384,31.93177389758018,-0.22146512173832886,0.22146512173832886,1,1,1,1,1,1,1,1,0,0,1,1,0.17307692307692307,0.40384615384615385,0.7403846153846154,0.9423076923076923,6.0,0.22146512173832886,dry-spell threshold,0.66,0.04123964925378487,3.893210482524263
2014-05-23,0.0,tokyo,"Tokyo, Japan",humid subtropical,1,73.00000000000004,5,2014,0–2,112.75661290322584,46.35753486316777,-0.8576084345419633,0.8576084345419633,0,1,1,1,0,1,1,1,0,1,1,1,0.34831460674157305,0.6921348314606741,0.9707865168539326,1.0,0.0,0.7799511559436507,random drought day,0.9117647058823529,0.028015290562668937,3.492336908085826
2014-05-26,0.0,brasilia,"Brasília, Brazil",tropical savanna,29,3.000000000000014,5,2014,20+,47.016935483870974,41.55680838789718,-1.0591991346643035,1.0591991346643035,1,1,1,1,0,0,0,1,0,0,0,0,0.1111111111111111,0.19658119658119658,0.3247863247863248,0.4444444444444444,28.0,0.8305964009960765,30-day deficit threshold,0.5333333333333333,0.0,2.644037613581255
2014-05-26,0.0,darwin,"Darwin, Australia",tropical savanna / monsoon,7,41.00000000000001,5,2014,6–9,39.95,59.091811180795744,0.017768959505868792,0.0,0,0,1,1,0,0,0,0,0,0,0,0,0.038461538461538464,0.07692307692307693,0.20512820512820512,0.38461538461538464,6.0,0.0,dry-spell threshold,0.5714285714285714,0.04191033665170041,3.838206733034008
2014-05-27,0.0,cape_town,"Cape Town, South Africa",Mediterranean winter-rainfall,2,39.5,5,2014,0–2,43.471774193548384,31.93177389758018,-0.12438313656759825,0.12438313656759825,1,1,1,1,1,1,1,1,1,1,1,1,0.2743682310469314,0.5234657039711191,0.776173285198556,0.9638989169675091,1.0,0.1212514596266069,season-matched placebo,0.5862068965517241,0.0,2.994440701779719
2014-05-29,0.0,nairobi,"Nairobi, Kenya",subtropical highland / bimodal rainfall,0,43.2,5,2014,0–2,106.88693548387096,59.75590066479438,-1.0657848810802473,1.0657848810802473,1,1,1,1,0,0,1,1,0,0,0,1,0.5518672199170125,0.7863070539419087,0.9315352697095436,0.970954356846473,5.0,1.1176626030376104,random drought day,0.6153846153846154,0.0,2.640129982086341
2014-05-29,0.2,tokyo,"Tokyo, Japan",humid subtropical,1,103.60000000000005,5,2014,0–2,112.75661290322584,46.35753486316777,-0.19752156645630767,0.19752156645630767,0,0,1,1,0,0,1,1,0,0,1,1,0.34831460674157305,0.6921348314606741,0.9707865168539326,1.0,0.0,0.19752156645630767,season-matched placebo,0.7878787878787878,0.0,2.9860201336336663
2014-05-31,0.0,tokyo,"Tokyo, Japan",humid subtropical,3,83.90000000000005,5,2014,3–5,112.75661290322584,46.35753486316777,-0.6224794521192951,0.6224794521192951,0,0,1,1,0,0,1,1,0,0,1,1,0.4507042253521127,0.8098591549295775,0.9929577464788732,1.0,2.0,0.3787218831857031,high prospective hazard,0.8571428571428571,0.0,2.86670487356879
2014-06-01,0.0,mumbai,"Mumbai, India",tropical monsoon,215,0.8000000000000285,6,2014,20+,177.036,162.86130462730597,-1.0821232238271752,1.0821232238271752,0,0,0,1,0,0,0,1,0,0,0,1,0.26666666666666666,0.5333333333333333,0.8666666666666667,1.0,214.0,0.2824769796437651,30-day deficit threshold,0.9166666666666666,0.5881389764012797,18.524172058595585
2014-06-01,0.0,mumbai,"Mumbai, India",tropical monsoon,215,0.8000000000000285,6,2014,20+,177.036,162.86130462730597,-1.0821232238271752,1.0821232238271752,0,0,0,1,0,0,0,1,0,0,0,1,0.26666666666666666,0.5333333333333333,0.8666666666666667,1.0,214.0,0.2824769796437651,high prospective hazard,0.9090909090909091,0.5805632188255221,18.31944578216306
2014-06-01,0.0,tokyo,"Tokyo, Japan",humid subtropical,4,83.90000000000005,6,2014,3–5,141.02533333333335,50.96106823528811,-1.1209602802983776,1.1209602802983776,0,0,1,1,0,0,1,1,0,0,1,1,0.5106382978723404,0.8723404255319149,0.9893617021276596,1.0,3.0,0.6224794521192951,30-day deficit threshold,0.9090909090909091,0.025341493771225077,3.29418083309433
2014-06-04,0.0,tokyo,"Tokyo, Japan",humid subtropical,7,83.90000000000005,6,2014,6–9,141.02533333333335,50.96106823528811,-1.1209602802983776,1.1209602802983776,1,1,1,1,1,1,1,1,1,1,1,1,0.5,0.9090909090909091,1.0,1.0,6.0,1.1209602802983776,dry-spell threshold,0.918918918918919,0.035169503599234986,3.5607188520708397
2014-06-04,0.0,tokyo,"Tokyo, Japan",humid subtropical,7,83.90000000000005,6,2014,6–9,141.02533333333335,50.96106823528811,-1.1209602802983776,1.1209602802983776,1,1,1,1,1,1,1,1,1,1,1,1,0.5,0.9090909090909091,1.0,1.0,6.0,1.1209602802983776,random drought day,0.9142857142857143,0.030536298966030273,3.435065214553341
2014-06-10,0.0,london,"London, United Kingdom",temperate maritime,0,73.99999999999999,6,2014,0–2,54.81133333333334,25.599446432523536,0.7495735002413125,0.0,0,0,1,1,0,0,1,1,0,0,0,0,0.3937677053824363,0.6685552407932012,0.8583569405099151,0.9773371104815864,1.0,0.0,season-matched placebo,0.717948717948718,0.0,3.0
2014-06-11,0.0,brasilia,"Brasília, Brazil",tropical savanna,7,2.500000000000014,6,2014,6–9,11.994000000000007,16.887734897946057,-0.56218314992348,0.56218314992348,0,1,1,1,0,0,0,0,0,0,0,0,0.0,0.0,0.0,0.023809523809523808,6.0,0.5562616926881369,dry-spell threshold,0.5,0.0,2.8903795036886537
2014-06-12,1.9,mumbai,"Mumbai, India",tropical monsoon,0,4.300000000000028,6,2014,0–2,177.036,162.86130462730597,-1.060632544945476,1.060632544945476,1,1,1,1,1,1,1,1,1,1,1,1,0.9471624266144814,0.9823874755381604,1.0,1.0,0.0,1.0722989134812555,random drought day,0.3076923076923077,0.0,2.6431881835763296
2014-06-18,0.1,tucson,"Tucson, United States",hot semi-arid / monsoonal,0,2.2000000000000073,6,2014,0–2,2.467166666666676,3.3015611179028084,-0.08092131483435208,0.08092131483435208,1,1,1,1,0,0,0,0,0,0,0,0,0.11904761904761904,0.23809523809523808,0.30952380952380953,0.5476190476190477,51.0,0.7472727532706861,season-matched placebo,0.23076923076923078,0.0,2.997644477638488
2014-06-20,0.0,tokyo,"Tokyo, Japan",humid subtropical,7,248.00000000000006,6,2014,6–9,141.02533333333335,50.96106823528811,2.0991449035715433,0.0,1,1,1,1,1,1,1,1,0,0,1,1,0.5,0.9090909090909091,1.0,1.0,6.0,0.0,dry-spell threshold,0.9210526315789473,0.03730321625926336,3.746064325185267
2014-06-21,0.0,darwin,"Darwin, Australia",tropical savanna / monsoon,33,1.3,6,2014,20+,9.110999999999999,21.38688875653665,-0.36522376344304214,0.36522376344304214,0,0,0,0,0,0,0,0,0,0,0,0,0.014527845036319613,0.04116222760290557,0.09443099273607748,0.14769975786924938,32.0,0.3418449538512458,random drought day,0.26666666666666666,0.0,2.952736702010801
2014-06-22,0.0,brasilia,"Brasília, Brazil",tropical savanna,18,3.400000000000014,6,2014,10–19,11.994000000000007,16.887734897946057,-0.5088900348053914,0.5088900348053914,0,0,0,0,0,0,0,0,0,0,0,0,0.015151515151515152,0.030303030303030304,0.08333333333333333,0.12878787878787878,17.0,0.5088900348053914,random drought day,0.5,0.0,2.9095810219045415
2014-06-22,0.0,london,"London, United Kingdom",temperate maritime,7,53.89999999999999,6,2014,6–9,54.81133333333334,25.599446432523536,-0.03559972813222698,0.03559972813222698,0,1,1,1,0,0,1,1,0,0,1,1,0.275,0.5875,0.7875,0.9375,6.0,0.0,dry-spell threshold,0.717948717948718,0.0,2.999543826743717
2014-06-25,0.0,darwin,"Darwin, Australia",tropical savanna / monsoon,37,1.2,6,2014,20+,9.110999999999999,21.38688875653665,-0.3698995253614014,0.3698995253614014,0,0,0,0,0,0,0,0,0,0,0,0,0.014527845036319613,0.04116222760290557,0.09443099273607748,0.14769975786924938,36.0,0.36522376344304214,random drought day,0.25,0.0,2.9515384567201197
2014-06-25,0.0,tucson,"Tucson, United States",hot semi-arid / monsoonal,7,2.4000000000000075,6,2014,6–9,2.467166666666676,3.3015611179028084,-0.02034391134014004,0.02034391134014004,0,0,0,1,0,0,0,1,0,0,0,0,0.023809523809523808,0.11904761904761904,0.19047619047619047,0.2619047619047619,6.0,0.02034391134014004,dry-spell threshold,0.4090909090909091,0.0,2.999851012497158
2014-06-27,0.5,london,"London, United Kingdom",temperate maritime,0,26.999999999999993,6,2014,0–2,54.81133333333334,25.599446432523536,-1.0864037004331333,1.0864037004331333,1,1,1,1,1,1,1,1,1,1,1,1,0.3937677053824363,0.6685552407932012,0.8583569405099151,0.9773371104815864,11.0,0.8246792909752869,30-day deficit threshold,0.9333333333333333,0.1419687181186845,6.465938984817062
2014-06-27,0.5,london,"London, United Kingdom",temperate maritime,0,26.999999999999993,6,2014,0–2,54.81133333333334,25.599446432523536,-1.0864037004331333,1.0864037004331333,1,1,1,1,1,1,1,1,1,1,1,1,0.3937677053824363,0.6685552407932012,0.8583569405099151,0.9773371104815864,11.0,0.8246792909752869,high prospective hazard,0.7058823529411765,0.0,2.6278152703858373
2014-06-29,2.1,tokyo,"Tokyo, Japan",humid subtropical,0,223.50000000000006,6,2014,0–2,141.02533333333335,50.96106823528811,1.6183857505866985,0.0,1,1,1,1,1,1,1,1,0,0,1,1,0.4896694214876033,0.8078512396694215,0.9772727272727273,1.0,0.0,0.0,season-matched placebo,0.7941176470588235,0.0,3.0
2014-07-01,4.5,mumbai,"Mumbai, India",tropical monsoon,0,98.10000000000002,7,2014,0–2,554.1132258064516,175.14388136213014,-2.6036491955068173,2.6036491955068173,1,1,1,1,1,1,1,1,1,1,1,1,1.0,1.0,1.0,1.0,0.0,0.5018748940213008,30-day deficit threshold,0.8461538461538461,0.5176261558884592,14.794600245701623
2014-07-01,0.3,nairobi,"Nairobi, Kenya",subtropical highland / bimodal rainfall,7,48.6,7,2014,6–9,21.771290322580644,22.31910042743049,1.20205156855007,0.0,1,1,1,1,0,0,0,1,0,0,0,0,0.06976744186046512,0.20930232558139536,0.37209302325581395,0.627906976744186,6.0,0.14203976681453467,dry-spell threshold,0.6410256410256411,0.012706693091589227,3.2541338618317845
2014-07-01,0.0,tucson,"Tucson, United States",hot semi-arid / monsoonal,13,2.4000000000000075,7,2014,10–19,14.544838709677434,14.835603895577684,-0.8186278627523654,0.8186278627523654,0,1,1,1,0,0,1,1,0,0,0,0,0.1774193548387097,0.3548387096774194,0.6612903225806451,0.9838709677419355,12.0,0.02034391134014004,high prospective hazard,0.375,0.0,2.7767026042809833
2014-07-03,0.0,tucson,"Tucson, United States",hot semi-arid / monsoonal,15,2.4000000000000075,7,2014,10–19,14.544838709677434,14.835603895577684,-0.8186278627523654,0.8186278627523654,1,1,1,1,0,1,1,1,0,0,0,0,0.1774193548387097,0.3548387096774194,0.6612903225806451,0.9838709677419355,14.0,0.8186278627523654,random drought day,0.34615384615384615,0.0,2.7767026042809833
2014-07-04,23.7,cape_town,"Cape Town, South Africa",Mediterranean winter-rainfall,7,89.10000000000001,7,2014,6–9,86.68548387096774,47.99031891727379,0.05031256685737873,0.0,1,1,1,1,1,1,1,1,1,1,1,1,0.37362637362637363,0.5494505494505495,0.7472527472527473,0.978021978021978,6.0,0.0,dry-spell threshold,0.6666666666666666,0.04790631592045147,3.9581263184090294
2014-07-05,4.4,london,"London, United Kingdom",temperate maritime,4,25.099999999999994,7,2014,3–5,53.25306451612904,23.654472339833752,-1.1901793500893163,1.1901793500893163,1,1,1,1,0,1,1,1,0,0,1,1,0.3247863247863248,0.5042735042735043,0.7692307692307693,1.0,3.0,0.9576651802112552,30-day deficit threshold,0.9375,0.14613538478535115,6.548795484174076
2014-07-06,0.4,london,"London, United Kingdom",temperate maritime,0,26.899999999999995,7,2014,0–2,53.25306451612904,23.654472339833752,-1.114083803583769,1.114083803583769,1,1,1,1,0,1,1,1,0,0,1,1,0.380352644836272,0.6926952141057935,0.8589420654911839,0.9748110831234257,4.0,1.1901793500893163,high prospective hazard,0.7142857142857143,0.0,2.611098029087408
2014-07-07,0.0,darwin,"Darwin, Australia",tropical savanna / monsoon,49,0.8,7,2014,20+,1.6995161290322582,4.838728697046019,-0.1858992692814956,0.1858992692814956,0,0,0,0,0,0,0,0,0,0,0,0,0.007220216606498195,0.021660649819494584,0.048736462093862815,0.11371841155234658,48.0,0.1858992692814956,random drought day,0.23529411764705882,0.0,2.9876103065684445
2014-07-11,0.3,nairobi,"Nairobi, Kenya",subtropical highland / bimodal rainfall,0,23.9,7,2014,0–2,21.771290322580644,22.31910042743049,0.09537614136110703,0.0,0,1,1,1,0,0,0,1,0,0,0,0,0.19117647058823528,0.2647058823529412,0.4852941176470588,0.6838235294117647,16.0,0.0,season-matched placebo,0.4722222222222222,0.0,3.0
2014-07-12,0.0,tokyo,"Tokyo, Japan",humid subtropical,0,68.00000000000006,7,2014,0–2,175.2385483870968,78.86270240028857,-1.3598132592867418,1.3598132592867418,1,1,1,1,1,1,1,1,0,0,1,1,0.42452830188679247,0.6839622641509434,0.8891509433962265,0.9905660377358491,0.0,0.9654570040046987,30-day deficit threshold,0.9130434782608695,0.029294062941185528,3.2607046301785116
2014-07-12,1.1,tucson,"Tucson, United States",hot semi-arid / monsoonal,2,12.400000000000007,7,2014,0–2,14.544838709677434,14.835603895577684,-0.1445737379330259,0.1445737379330259,1,1,1,1,0,1,1,1,0,0,0,0,0.32677165354330706,0.5433070866141733,0.7677165354330708,0.9212598425196851,1.0,0.15131427918121926,season-matched placebo,0.225,0.0,2.9924942621487656
2014-07-14,0.0,cape_town,"Cape Town, South Africa",Mediterranean winter-rainfall,7,73.1,7,2014,6–9,86.68548387096774,47.99031891727379,-0.2830880097793588,0.2830880097793588,0,1,1,1,0,1,1,1,0,1,1,1,0.37362637362637363,0.5494505494505495,0.7472527472527473,0.978021978021978,6.0,0.2997580386111956,dry-spell threshold,0.6730769230769231,0.05431657233070797,4.199707992417203
2014-07-15,2.8,tucson,"Tucson, United States",hot semi-arid / monsoonal,2,14.100000000000007,7,2014,0–2,14.544838709677434,14.835603895577684,-0.029984536713738224,0.029984536713738224,1,1,1,1,0,0,0,1,0,0,0,0,0.32677165354330706,0.5433070866141733,0.7677165354330708,0.9212598425196851,1.0,0.05020616045831834,season-matched placebo,0.24390243902439024,0.0,2.9996763688370454
2014-07-17,16.9,cape_town,"Cape Town, South Africa",Mediterranean winter-rainfall,10,50.39999999999999,7,2014,10–19,86.68548387096774,47.99031891727379,-0.7561000778827298,0.7561000778827298,1,1,1,1,1,1,1,1,1,1,1,1,0.21739130434782608,0.5,0.8695652173913043,1.0,9.0,0.7561000778827298,high prospective hazard,0.8,0.18123964925378488,7.481871199876885
2014-07-18,0.0,nairobi,"Nairobi, Kenya",subtropical highland / bimodal rainfall,7,12.600000000000001,7,2014,6–9,21.771290322580644,22.31910042743049,-0.4109166654095519,0.4109166654095519,0,1,1,1,0,1,1,1,0,0,0,0,0.06976744186046512,0.20930232558139536,0.37209302325581395,0.627906976744186,6.0,0.41091666540955196,dry-spell threshold,0.625,0.0,2.9404203192788687
2014-07-20,2.8,nairobi,"Nairobi, Kenya",subtropical highland / bimodal rainfall,9,10.200000000000001,7,2014,6–9,21.771290322580644,22.31910042743049,-0.51844788100686,0.51844788100686,1,1,1,1,1,1,1,1,0,0,0,0,0.06976744186046512,0.20930232558139536,0.37209302325581395,0.627906976744186,8.0,0.4109166654095519,random drought day,0.6296296296296297,0.0013106816955777978,2.93823721446712
2014-07-23,1.5,tucson,"Tucson, United States",hot semi-arid / monsoonal,7,14.900000000000007,7,2014,6–9,14.544838709677434,14.835603895577684,0.023939793271808986,0.0,0,1,1,1,0,0,0,1,0,0,0,1,0.23076923076923078,0.49230769230769234,0.6461538461538462,0.9076923076923077,6.0,0.0,dry-spell threshold,0.4,0.0,3.0
2014-07-25,0.0,tokyo,"Tokyo, Japan",humid subtropical,4,90.10000000000007,7,2014,3–5,175.2385483870968,78.86270240028857,-1.079579392993071,1.079579392993071,0,1,1,1,0,1,1,1,0,1,1,1,0.2767857142857143,0.5267857142857143,0.8125,1.0,3.0,0.9996937207012103,30-day deficit threshold,0.9166666666666666,0.032917251346982646,3.5212363016812276
2014-07-25,0.0,tokyo,"Tokyo, Japan",humid subtropical,4,90.10000000000007,7,2014,3–5,175.2385483870968,78.86270240028857,-1.079579392993071,1.079579392993071,0,1,1,1,0,1,1,1,0,1,1,1,0.2767857142857143,0.5267857142857143,0.8125,1.0,3.0,0.9996937207012103,random drought day,0.9166666666666666,0.032917251346982646,3.5212363016812276
2014-07-27,1.8,cape_town,"Cape Town, South Africa",Mediterranean winter-rainfall,0,94.9,7,2014,0–2,86.68548387096774,47.99031891727379,0.17117027588819592,0.0,0,0,0,1,0,0,0,1,0,0,0,1,0.32732732732732733,0.5495495495495496,0.8408408408408409,0.9669669669669669,0.0,0.0,season-matched placebo,0.5932203389830508,0.0,3.0
2014-07-28,0.0,cape_town,"Cape Town, South Africa",Mediterranean winter-rainfall,0,96.7,7,2014,0–2,86.68548387096774,47.99031891727379,0.2086778407598288,0.0,0,0,1,1,0,0,1,1,0,0,1,1,0.32732732732732733,0.5495495495495496,0.8408408408408409,0.9669669669669669,0.0,0.0,season-matched placebo,0.5833333333333334,0.0,3.0
2014-07-31,0.0,tucson,"Tucson, United States",hot semi-arid / monsoonal,7,17.800000000000008,7,2014,6–9,14.544838709677434,14.835603895577684,0.21941548946941747,0.0,1,1,1,1,0,1,1,1,0,1,1,1,0.23076923076923078,0.49230769230769234,0.6461538461538462,0.9076923076923077,6.0,0.0,dry-spell threshold,0.391304347826087,0.0,3.0
2014-08-01,0.4,tucson,"Tucson, United States",hot semi-arid / monsoonal,8,17.800000000000008,8,2014,6–9,33.28145161290324,19.113990033841972,-0.8099539439694586,0.8099539439694586,1,1,1,1,1,1,1,1,1,1,1,1,0.21686746987951808,0.46987951807228917,0.7831325301204819,0.9397590361445783,7.0,0.0,high prospective hazard,0.4117647058823529,0.0,2.78106600989783
2014-08-02,0.0,brasilia,"Brasília, Brazil",tropical savanna,7,1.7000000000000142,8,2014,6–9,2.3637096774193593,6.427210615565409,-0.10326558706695779,0.10326558706695779,0,0,0,0,0,0,0,0,0,0,0,0,0.23809523809523808,0.5714285714285714,0.7619047619047619,1.0,6.0,0.10326558706695779,dry-spell threshold,0.4782608695652174,0.0,2.9961659449330247
2014-08-04,13.1,cape_town,"Cape Town, South Africa",Mediterranean winter-rainfall,7,71.9,8,2014,6–9,74.69370967741935,33.4152617533005,-0.08360579959076342,0.08360579959076342,1,1,1,1,1,1,1,1,0,0,0,1,0.1951219512195122,0.47560975609756095,0.8048780487804879,0.9878048780487805,6.0,0.0,dry-spell threshold,0.6792452830188679,0.060484932272652725,4.256697075101561
2014-08-04,13.1,cape_town,"Cape Town, South Africa",Mediterranean winter-rainfall,7,71.9,8,2014,6–9,74.69370967741935,33.4152617533005,-0.08360579959076342,0.08360579959076342,1,1,1,1,1,1,1,1,0,0,0,1,0.1951219512195122,0.47560975609756095,0.8048780487804879,0.9878048780487805,6.0,0.0,random drought day,0.5625,0.0,2.9974857342438375
2014-08-04,0.9,nairobi,"Nairobi, Kenya",subtropical highland / bimodal rainfall,7,14.2,8,2014,6–9,15.798225806451612,13.574939376533305,-0.11773355019282294,0.11773355019282294,1,1,1,1,0,0,1,1,0,0,0,0,0.07692307692307693,0.19230769230769232,0.4230769230769231,0.7019230769230769,6.0,0.11773355019282294,dry-spell threshold,0.6341463414634146,0.00582739352936279,3.11822199620058
2014-08-04,0.0,tokyo,"Tokyo, Japan",humid subtropical,7,67.40000000000005,8,2014,6–9,104.671935483871,67.34377615546884,-0.5534577597464316,0.5534577597464316,0,0,1,1,0,0,1,1,0,0,1,1,0.37142857142857144,0.6428571428571429,0.7714285714285715,0.9428571428571428,6.0,0.529699068277954,dry-spell threshold,0.9230769230769231,0.039327507757239144,3.862243496597789
2014-08-09,1.6,tucson,"Tucson, United States",hot semi-arid / monsoonal,6,23.400000000000006,8,2014,6–9,33.28145161290324,19.113990033841972,-0.5169748229128396,0.5169748229128396,1,1,1,1,0,1,1,1,0,0,1,1,0.21686746987951808,0.46987951807228917,0.7831325301204819,0.9397590361445783,5.0,0.43849827262981655,high prospective hazard,0.4444444444444444,0.023512681749631614,3.4801930724569567
2014-08-13,5.6,cape_town,"Cape Town, South Africa",Mediterranean winter-rainfall,7,81.3,8,2014,6–9,74.69370967741935,33.4152617533005,0.197702785372559,0.0,1,1,1,1,1,1,1,1,0,0,1,1,0.1951219512195122,0.47560975609756095,0.8048780487804879,0.9878048780487805,6.0,0.0,dry-spell threshold,0.6851851851851852,0.06642483443897007,4.328496688779401
2014-08-15,0.0,tokyo,"Tokyo, Japan",humid subtropical,1,94.60000000000007,8,2014,0–2,104.671935483871,67.34377615546884,-0.1495600047823129,0.1495600047823129,1,1,1,1,1,1,1,1,0,0,0,1,0.36220472440944884,0.6299212598425197,0.8976377952755905,0.973753280839895,0.0,0.1510449229990929,season-matched placebo,0.8,0.0,2.991969006448631
2014-08-17,0.5,london,"London, United Kingdom",temperate maritime,1,100.6,8,2014,0–2,55.292419354838714,24.80198980927015,1.8267720047295088,0.0,1,1,1,1,0,0,0,1,0,0,0,1,0.3815789473684211,0.6447368421052632,0.8289473684210527,0.95,0.0,0.0,season-matched placebo,0.725,0.0,3.0
2014-08-18,0.0,nairobi,"Nairobi, Kenya",subtropical highland / bimodal rainfall,0,18.099999999999998,8,2014,0–2,15.798225806451612,13.574939376533305,0.16956055048963328,0.0,0,0,1,1,0,0,1,1,0,0,1,1,0.19078947368421054,0.34868421052631576,0.4473684210526316,0.625,0.0,0.0,season-matched placebo,0.4594594594594595,0.0,3.0
2014-08-20,14.4,cape_town,"Cape Town, South Africa",Mediterranean winter-rainfall,0,68.19999999999999,8,2014,0–2,74.69370967741935,33.4152617533005,-0.19433364686356117,0.19433364686356117,1,1,1,1,1,1,1,1,1,1,1,1,0.2782608695652174,0.5681159420289855,0.8173913043478261,0.9536231884057971,4.0,0.28112033796926683,season-matched placebo,0.5901639344262295,0.0,2.9864657316478733
2014-08-20,0.1,tucson,"Tucson, United States",hot semi-arid / monsoonal,0,35.10000000000001,8,2014,0–2,33.28145161290324,19.113990033841972,0.09514226929473996,0.0,1,1,1,1,0,0,1,1,0,0,0,0,0.28823529411764703,0.5647058823529412,0.7941176470588235,0.9470588235294117,0.0,0.0,season-matched placebo,0.23809523809523808,0.0,3.0
2014-08-22,0.5,cape_town,"Cape Town, South Africa",Mediterranean winter-rainfall,0,89.6,8,2014,0–2,74.69370967741935,33.4152617533005,0.44609228060613104,0.0,0,1,1,1,0,1,1,1,0,0,1,1,0.2782608695652174,0.5681159420289855,0.8173913043478261,0.9536231884057971,0.0,0.0,season-matched placebo,0.5967741935483871,0.0,3.0
2014-08-23,0.0,london,"London, United Kingdom",temperate maritime,7,85.8,8,2014,6–9,55.292419354838714,24.80198980927015,1.23004568906639,0.0,0,1,1,1,0,1,1,1,0,1,1,1,0.19696969696969696,0.45454545454545453,0.7121212121212122,0.8636363636363636,6.0,0.0,dry-spell threshold,0.725,0.0,3.0
2014-08-24,1.9,tokyo,"Tokyo, Japan",humid subtropical,7,58.20000000000006,8,2014,6–9,104.671935483871,67.34377615546884,-0.6900702356901774,0.6900702356901774,1,1,1,1,0,1,1,1,0,1,1,1,0.37142857142857144,0.6428571428571429,0.7714285714285715,0.9428571428571428,6.0,0.6811607263894983,dry-spell threshold,0.925,0.04125058468031606,3.887522544336557
2014-08-26,3.9,cape_town,"Cape Town, South Africa",Mediterranean winter-rainfall,0,54.6,8,2014,0–2,74.69370967741935,33.4152617533005,-0.6013333017041127,0.6013333017041127,1,1,1,1,1,1,1,1,1,1,1,1,0.2782608695652174,0.5681159420289855,0.8173913043478261,0.9536231884057971,3.0,0.3888555407211775,high prospective hazard,0.8181818181818182,0.19942146743560307,7.847113457759349
2014-08-26,0.0,nairobi,"Nairobi, Kenya",subtropical highland / bimodal rainfall,0,37.4,8,2014,0–2,15.798225806451612,13.574939376533305,1.5912980230976863,0.0,0,1,1,1,0,0,1,1,0,0,0,1,0.19078947368421054,0.34868421052631576,0.4473684210526316,0.625,0.0,0.0,season-matched placebo,0.47368421052631576,0.0,3.0
2014-08-27,3.0,tokyo,"Tokyo, Japan",humid subtropical,0,61.300000000000054,8,2014,0–2,104.671935483871,67.34377615546884,-0.6440377709700023,0.6440377709700023,1,1,1,1,1,1,1,1,1,1,1,1,0.36220472440944884,0.6299212598425197,0.8976377952755905,0.973753280839895,1.0,0.6574020349210209,random drought day,0.918918918918919,0.035169503599234986,3.7435622975494893
2014-08-31,0.1,london,"London, United Kingdom",temperate maritime,4,96.49999999999999,8,2014,3–5,55.292419354838714,24.80198980927015,1.6614626875525633,0.0,1,1,1,1,1,1,1,1,0,0,0,0,0.25203252032520324,0.5284552845528455,0.7560975609756098,0.926829268292683,3.0,0.0,random drought day,0.75,0.0,3.0
2014-08-31,14.9,tokyo,"Tokyo, Japan",humid subtropical,1,88.80000000000005,8,2014,0–2,104.671935483871,67.34377615546884,-0.23568526135554424,0.23568526135554424,1,1,1,1,1,1,1,1,1,1,1,1,0.36220472440944884,0.6299212598425197,0.8976377952755905,0.973753280839895,0.0,0.23568526135554424,season-matched placebo,0.8055555555555556,0.0,2.980135296980752
2014-09-01,0.0,nairobi,"Nairobi, Kenya",subtropical highland / bimodal rainfall,1,37.6,9,2014,0–2,16.460666666666665,12.814435967721733,1.649649925020592,0.0,1,1,1,1,1,1,1,1,0,1,1,1,0.14516129032258066,0.3064516129032258,0.5241935483870968,0.6532258064516129,0.0,0.0,season-matched placebo,0.48717948717948717,0.0,3.0
2014-09-03,0.0,tokyo,"Tokyo, Japan",humid subtropical,1,139.00000000000006,9,2014,0–2,146.19633333333337,85.48757314268123,-0.08417987631164153,0.08417987631164153,0,1,1,1,0,1,1,1,0,1,1,1,0.47540983606557374,0.7564402810304449,0.9578454332552693,0.9976580796252927,0.0,0.0853496369718616,season-matched placebo,0.8108108108108109,0.0,2.9974511168759426
2014-09-03,0.0,tucson,"Tucson, United States",hot semi-arid / monsoonal,7,21.800000000000008,9,2014,6–9,30.822000000000013,23.461200506695302,-0.3845498015937133,0.3845498015937133,0,1,1,1,0,1,1,1,0,1,1,1,0.040983606557377046,0.16393442622950818,0.48360655737704916,0.7295081967213115,6.0,0.3504509497565408,dry-spell threshold,0.40425531914893614,0.0,2.947691950652238
2014-09-05,0.0,cape_town,"Cape Town, South Africa",Mediterranean winter-rainfall,7,64.8,9,2014,6–9,54.838166666666666,32.362710563712156,0.30781826243267124,0.0,1,1,1,1,0,0,0,1,0,0,0,1,0.2727272727272727,0.5227272727272727,0.7613636363636364,0.9204545454545454,6.0,0.0,dry-spell threshold,0.6909090909090909,0.07214874016287576,4.442974803257515
2014-09-06,0.2,cape_town,"Cape Town, South Africa",Mediterranean winter-rainfall,8,64.5,9,2014,6–9,54.838166666666666,32.362710563712156,0.29854833433411504,0.0,0,0,0,1,0,0,0,1,0,0,0,1,0.2727272727272727,0.5227272727272727,0.7613636363636364,0.9204545454545454,7.0,0.0,random drought day,0.5757575757575758,0.0,3.0
2014-09-09,0.0,london,"London, United Kingdom",temperate maritime,1,62.29999999999999,9,2014,0–2,47.54533333333333,27.251647633126485,0.5414229211128953,0.0,0,0,1,1,0,0,0,1,0,0,0,1,0.40797546012269936,0.6993865030674846,0.8865030674846626,0.9570552147239264,0.0,0.0,season-matched placebo,0.7073170731707317,0.0,3.0
2014-09-09,0.0,tucson,"Tucson, United States",hot semi-arid / monsoonal,0,34.80000000000001,9,2014,0–2,30.822000000000013,23.461200506695302,0.16955654076034027,0.0,0,1,1,1,0,0,1,1,0,0,0,1,0.12962962962962962,0.2654320987654321,0.38271604938271603,0.6481481481481481,2.0,0.15864490817244536,season-matched placebo,0.2558139534883721,0.0,3.0
2014-09-11,0.0,brasilia,"Brasília, Brazil",tropical savanna,7,10.500000000000014,9,2014,6–9,19.803000000000004,23.575053826836342,-0.39461203644888593,0.39461203644888593,0,0,0,1,0,0,0,1,0,0,0,0,0.22413793103448276,0.39655172413793105,0.7758620689655172,0.8793103448275862,6.0,0.39461203644888593,dry-spell threshold,0.4583333333333333,0.0,2.9449695939739993
2014-09-13,0.0,nairobi,"Nairobi, Kenya",subtropical highland / bimodal rainfall,7,65.3,9,2014,6–9,16.460666666666665,12.814435967721733,3.8112745232294785,0.0,0,0,1,1,0,0,1,1,0,0,0,0,0.08536585365853659,0.15853658536585366,0.24390243902439024,0.5365853658536586,6.0,0.0,dry-spell threshold,0.6428571428571429,0.014538194923091052,3.290763898461821
2014-09-15,0.0,cape_town,"Cape Town, South Africa",Mediterranean winter-rainfall,17,58.099999999999994,9,2014,10–19,54.838166666666666,32.362710563712156,0.10078986823158055,0.0,0,1,1,1,0,1,1,1,0,1,1,1,0.24528301886792453,0.5471698113207547,0.7924528301886793,0.9433962264150944,16.0,0.0,random drought day,0.5588235294117647,0.0,3.0
2014-09-15,0.0,london,"London, United Kingdom",temperate maritime,7,29.199999999999992,9,2014,6–9,47.54533333333333,27.251647633126485,-0.6731825385498221,0.6731825385498221,1,1,1,1,0,0,1,1,0,0,1,1,0.18421052631578946,0.4342105263157895,0.6973684210526315,0.9342105263157895,6.0,0.643826515355557,dry-spell threshold,0.7317073170731707,0.0,2.84527138872537
2014-09-16,4.5,tucson,"Tucson, United States",hot semi-arid / monsoonal,7,24.900000000000006,9,2014,6–9,30.822000000000013,23.461200506695302,-0.2524167507246699,0.2524167507246699,1,1,1,1,1,1,1,1,1,1,1,1,0.040983606557377046,0.16393442622950818,0.48360655737704916,0.7295081967213115,6.0,0.23536732480608358,dry-spell threshold,0.4166666666666667,0.0,2.977236922023465
2014-09-19,0.0,tokyo,"Tokyo, Japan",humid subtropical,7,112.20000000000006,9,2014,6–9,146.19633333333337,85.48757314268123,-0.39767573325063804,0.39767573325063804,0,0,1,1,0,0,1,1,0,0,1,1,0.42857142857142855,0.6285714285714286,0.9142857142857143,1.0,6.0,0.39767573325063804,dry-spell threshold,0.926829268292683,0.04307985297299899,3.957805846359728
2014-09-21,0.0,brasilia,"Brasília, Brazil",tropical savanna,17,10.500000000000014,9,2014,10–19,19.803000000000004,23.575053826836342,-0.39461203644888593,0.39461203644888593,1,1,1,1,0,1,1,1,0,0,0,0,0.2786885245901639,0.5081967213114754,0.7213114754098361,0.9672131147540983,16.0,0.39461203644888593,random drought day,0.47368421052631576,0.0,2.9449695939739993
2014-09-22,2.0,tucson,"Tucson, United States",hot semi-arid / monsoonal,2,105.40000000000002,9,2014,0–2,30.822000000000013,23.461200506695302,3.1787802153908156,0.0,1,1,1,1,0,0,1,1,0,0,1,1,0.12962962962962962,0.2654320987654321,0.38271604938271603,0.6481481481481481,1.0,0.0,season-matched placebo,0.2727272727272727,0.0,3.0
2014-09-25,0.0,cape_town,"Cape Town, South Africa",Mediterranean winter-rainfall,0,48.0,9,2014,0–2,54.838166666666666,32.362710563712156,-0.21129771108648127,0.21129771108648127,0,0,1,1,0,0,1,1,0,0,0,0,0.23659305993690852,0.5205047318611987,0.7760252365930599,0.9305993690851735,5.0,0.13404831026517877,season-matched placebo,0.6031746031746031,0.0,2.9840128327788826
2014-09-25,0.0,london,"London, United Kingdom",temperate maritime,0,20.699999999999992,9,2014,0–2,47.54533333333333,27.251647633126485,-0.9850902849888886,0.9850902849888886,0,0,1,1,0,0,1,1,0,0,0,1,0.40797546012269936,0.6993865030674846,0.8865030674846626,0.9570552147239264,4.0,0.4346648500964186,high prospective hazard,0.7222222222222222,0.0,2.6870925244175536
2014-09-26,0.0,london,"London, United Kingdom",temperate maritime,1,13.999999999999993,9,2014,0–2,47.54533333333333,27.251647633126485,-1.2309469792408585,1.2309469792408585,0,1,1,1,0,0,1,1,0,0,0,1,0.40797546012269936,0.6993865030674846,0.8865030674846626,0.9570552147239264,0.0,0.9850902849888886,30-day deficit threshold,0.9411764705882353,0.14981185537358643,6.634082031082018
2014-09-28,0.0,cape_town,"Cape Town, South Africa",Mediterranean winter-rainfall,3,18.4,9,2014,3–5,54.838166666666666,32.362710563712156,-1.1259306168107026,1.1259306168107026,1,1,1,1,1,1,1,1,0,0,0,0,0.23529411764705882,0.4411764705882353,0.7426470588235294,0.9558823529411765,2.0,0.7860332531969717,30-day deficit threshold,0.7692307692307693,0.1504704184845541,6.686420064793159
2014-09-28,0.0,darwin,"Darwin, Australia",tropical savanna / monsoon,132,0.8999999999999999,9,2014,20+,7.027166666666667,8.393407778078227,-0.7299974966865671,0.7299974966865671,0,0,1,1,0,0,0,0,0,0,0,0,0.11518324607329843,0.27225130890052357,0.47643979057591623,0.7225130890052356,131.0,0.7299974966865671,random drought day,0.2222222222222222,0.0,2.8196878387458972
2014-10-01,1.0,tokyo,"Tokyo, Japan",humid subtropical,5,81.00000000000006,10,2014,3–5,213.705,122.12749392753865,-1.0866103588331815,1.0866103588331815,1,1,1,1,0,1,1,1,0,1,1,1,0.44144144144144143,0.7207207207207207,0.8738738738738738,1.0,4.0,0.5988745668085016,30-day deficit threshold,0.92,0.036250584680316056,3.6077450032544824
2014-10-02,1.2,london,"London, United Kingdom",temperate maritime,7,11.899999999999993,10,2014,6–9,55.27048387096774,29.11101390576616,-1.4898307565432183,1.4898307565432183,0,1,1,1,0,1,1,1,0,1,1,1,0.21568627450980393,0.39215686274509803,0.6666666666666666,0.9215686274509803,6.0,1.4486092448540526,dry-spell threshold,0.7380952380952381,0.0,2.3690105335655565
2014-10-02,0.0,mumbai,"Mumbai, India",tropical monsoon,6,177.20000000000002,10,2014,6–9,146.12016129032259,126.6642379396545,0.2453718525072919,0.0,0,1,1,1,0,1,1,1,0,0,1,1,0.09574468085106383,0.22340425531914893,0.2765957446808511,0.3404255319148936,5.0,0.0,random drought day,0.35714285714285715,0.028615166877470122,3.5723033375494024
2014-10-03,0.0,darwin,"Darwin, Australia",tropical savanna / monsoon,137,0.8999999999999999,10,2014,20+,39.53387096774193,41.73645038000453,-0.9256625950694407,0.9256625950694407,0,1,1,1,0,0,0,1,0,0,0,0,0.1111111111111111,0.4166666666666667,0.75,1.0,136.0,0.9256625950694407,random drought day,0.21052631578947367,0.0,2.72029356981405
2014-10-03,0.0,london,"London, United Kingdom",temperate maritime,0,13.099999999999993,10,2014,0–2,55.27048387096774,29.11101390576616,-1.4486092448540526,1.4486092448540526,1,1,1,1,1,1,1,1,1,1,1,1,0.38213399503722084,0.6799007444168734,0.8660049627791563,0.9578163771712159,7.0,1.4898307565432183,high prospective hazard,0.7297297297297297,0.0,2.3965178608649147
2014-10-03,0.0,mumbai,"Mumbai, India",tropical monsoon,7,146.00000000000003,10,2014,6–9,146.12016129032259,126.6642379396545,-0.0009486599554627565,0.0009486599554627565,1,1,1,1,1,1,1,1,0,0,1,1,0.09574468085106383,0.22340425531914893,0.2765957446808511,0.3404255319148936,6.0,0.0,dry-spell threshold,0.4,0.071472309734613,4.430123745444137
2014-10-03,5.5,nairobi,"Nairobi, Kenya",subtropical highland / bimodal rainfall,0,41.39999999999999,10,2014,0–2,16.683064516129033,14.609320070417443,1.6918607686555192,0.0,1,1,1,1,1,1,1,1,0,0,0,0,0.42066420664206644,0.6937269372693727,0.8523985239852399,0.9520295202952029,6.0,0.0,season-matched placebo,0.5,0.0,3.0
2014-10-04,0.0,brasilia,"Brasília, Brazil",tropical savanna,3,9.100000000000014,10,2014,3–5,80.51935483870969,62.708403403517686,-1.1389120271351598,1.1389120271351598,0,0,0,0,0,0,0,0,0,0,0,0,0.3068181818181818,0.5909090909090909,0.8522727272727273,0.9318181818181818,2.0,0.9714703537690826,30-day deficit threshold,0.5,0.0,2.5959316309123737
2014-10-05,2.0,nairobi,"Nairobi, Kenya",subtropical highland / bimodal rainfall,0,22.599999999999998,10,2014,0–2,16.683064516129033,14.609320070417443,0.40501101046120735,0.0,1,1,1,1,0,1,1,1,0,0,0,0,0.42066420664206644,0.6937269372693727,0.8523985239852399,0.9520295202952029,0.0,0.0,season-matched placebo,0.5121951219512195,0.0,3.0
2014-10-06,0.0,tucson,"Tucson, United States",hot semi-arid / monsoonal,7,109.4,10,2014,6–9,15.33870967741937,15.940629497249008,5.900726212776822,0.0,0,1,1,1,0,1,1,1,0,1,1,1,0.05813953488372093,0.12790697674418605,0.29069767441860467,0.38372093023255816,6.0,0.0,dry-spell threshold,0.42857142857142855,0.007639665876615742,3.152793317532315
2014-10-07,0.0,cape_town,"Cape Town, South Africa",Mediterranean winter-rainfall,7,20.2,10,2014,6–9,35.513225806451615,24.33572772403693,-0.6292487317454004,0.6292487317454004,0,0,0,1,0,0,0,0,0,0,0,0,0.20202020202020202,0.3838383838383838,0.6262626262626263,0.8080808080808081,6.0,0.6210303623476175,dry-spell threshold,0.6785714285714286,0.05981107782521344,4.36517309313126
2014-10-08,0.0,brasilia,"Brasília, Brazil",tropical savanna,7,9.100000000000014,10,2014,6–9,80.51935483870969,62.708403403517686,-1.1389120271351598,1.1389120271351598,0,0,0,1,0,0,0,1,0,0,0,1,0.3076923076923077,0.5769230769230769,0.75,0.9038461538461539,6.0,1.1389120271351598,dry-spell threshold,0.44,0.0,2.5959316309123737
2014-10-09,1.7,london,"London, United Kingdom",temperate maritime,0,30.699999999999992,10,2014,0–2,55.27048387096774,29.11101390576616,-0.8440270734129584,0.8440270734129584,1,1,1,1,1,1,1,1,0,1,1,1,0.38213399503722084,0.6799007444168734,0.8660049627791563,0.9578163771712159,0.0,1.0020428682214262,random drought day,0.7575757575757576,0.0,2.763739506060908
2014-10-10,0.0,tucson,"Tucson, United States",hot semi-arid / monsoonal,0,153.7,10,2014,0–2,15.33870967741937,15.940629497249008,8.679788357571367,0.0,0,0,0,1,0,0,0,0,0,0,0,0,0.12149532710280374,0.24299065420560748,0.3925233644859813,0.5233644859813084,0.0,0.0,season-matched placebo,0.28888888888888886,0.0,3.0
2014-10-11,0.0,tucson,"Tucson, United States",hot semi-arid / monsoonal,1,153.7,10,2014,0–2,15.33870967741937,15.940629497249008,8.679788357571367,0.0,0,0,0,1,0,0,0,0,0,0,0,0,0.12149532710280374,0.24299065420560748,0.3925233644859813,0.5233644859813084,0.0,0.0,season-matched placebo,0.2826086956521739,0.0,3.0
2014-10-12,0.0,tucson,"Tucson, United States",hot semi-arid / monsoonal,2,153.7,10,2014,0–2,15.33870967741937,15.940629497249008,8.679788357571367,0.0,0,0,1,1,0,0,0,0,0,0,0,0,0.12149532710280374,0.24299065420560748,0.3925233644859813,0.5233644859813084,1.0,0.0,season-matched placebo,0.2765957446808511,0.0,3.0
2014-10-13,0.0,nairobi,"Nairobi, Kenya",subtropical highland / bimodal rainfall,4,23.0,10,2014,3–5,16.683064516129033,14.609320070417443,0.43239079255044816,0.0,0,1,1,1,0,1,1,1,0,0,0,0,0.25316455696202533,0.43037974683544306,0.6708860759493671,0.9493670886075949,3.0,0.0,random drought day,0.6428571428571429,0.014538194923091052,3.290763898461821
2014-10-15,0.3,cape_town,"Cape Town, South Africa",Mediterranean winter-rainfall,15,20.2,10,2014,10–19,35.513225806451615,24.33572772403693,-0.6292487317454004,0.6292487317454004,1,1,1,1,0,0,0,0,0,0,0,0,0.13043478260869565,0.29347826086956524,0.5,0.75,14.0,0.6292487317454004,random drought day,0.5714285714285714,0.0,2.86392223575395
2014-10-16,3.4,nairobi,"Nairobi, Kenya",subtropical highland / bimodal rainfall,7,23.0,10,2014,6–9,16.683064516129033,14.609320070417443,0.43239079255044816,0.0,0,1,1,1,0,1,1,1,0,0,0,0,0.171875,0.375,0.65625,0.9375,6.0,0.0,dry-spell threshold,0.6511627906976745,0.022843842763622613,3.4568768552724523
2014-10-17,2.4,london,"London, United Kingdom",temperate maritime,1,71.1,10,2014,0–2,55.27048387096774,29.11101390576616,0.5437638201222812,0.0,0,0,1,1,0,0,1,1,0,0,1,1,0.38213399503722084,0.6799007444168734,0.8660049627791563,0.9578163771712159,0.0,0.0,season-matched placebo,0.6904761904761905,0.0,3.0
2014-10-17,0.0,tucson,"Tucson, United States",hot semi-arid / monsoonal,7,148.3,10,2014,6–9,15.33870967741937,15.940629497249008,8.341031346693477,0.0,0,1,1,1,0,0,0,0,0,0,0,0,0.05813953488372093,0.12790697674418605,0.29069767441860467,0.38372093023255816,6.0,0.0,dry-spell threshold,0.44,0.019068237305187197,3.3813647461037437
2014-10-18,0.0,brasilia,"Brasília, Brazil",tropical savanna,17,9.100000000000014,10,2014,10–19,80.51935483870969,62.708403403517686,-1.1389120271351598,1.1389120271351598,0,1,1,1,0,1,1,1,0,0,1,1,0.19444444444444445,0.3611111111111111,0.6111111111111112,0.8611111111111112,16.0,1.1389120271351598,random drought day,0.5,0.0,2.5959316309123737
2014-10-18,0.0,mumbai,"Mumbai, India",tropical monsoon,7,21.60000000000003,10,2014,6–9,146.12016129032259,126.6642379396545,-0.9830727545184978,0.9830727545184978,0,0,1,1,0,0,0,0,0,0,0,0,0.09574468085106383,0.22340425531914893,0.2765957446808511,0.3404255319148936,6.0,0.9767568439425296,dry-spell threshold,0.45454545454545453,0.1260177642800675,6.0567850551925355
2014-10-19,0.0,cape_town,"Cape Town, South Africa",Mediterranean winter-rainfall,19,4.2,10,2014,10–19,35.513225806451615,24.33572772403693,-1.2867182835680258,1.2867182835680258,0,0,0,1,0,0,0,1,0,0,0,0,0.13043478260869565,0.29347826086956524,0.5,0.75,18.0,0.7443059033143598,30-day deficit threshold,0.7857142857142857,0.16695393496807054,7.0805592941865765
2014-10-20,0.0,mumbai,"Mumbai, India",tropical monsoon,9,18.30000000000003,10,2014,6–9,146.12016129032259,126.6642379396545,-1.0091258856443661,1.0091258856443661,0,0,1,1,0,0,0,0,0,0,0,0,0.09574468085106383,0.22340425531914893,0.2765957446808511,0.3404255319148936,8.0,0.9885991762724697,30-day deficit threshold,0.8571428571428571,0.5286151668774701,16.847881255628767
2014-10-24,0.2,brasilia,"Brasília, Brazil",tropical savanna,0,23.700000000000017,10,2014,0–2,80.51935483870969,62.708403403517686,-0.9060883670261383,0.9060883670261383,1,1,1,1,0,1,1,1,0,1,1,1,0.6385542168674698,0.7590361445783133,0.9060240963855422,0.9783132530120482,0.0,0.9204405104575164,random drought day,0.5238095238095238,0.0,2.7309482473017592
2014-10-24,0.0,darwin,"Darwin, Australia",tropical savanna / monsoon,7,6.199999999999999,10,2014,6–9,39.53387096774193,41.73645038000453,-0.7986752745919146,0.7986752745919146,1,1,1,1,0,1,1,1,0,0,0,1,0.24675324675324675,0.5194805194805194,0.7532467532467533,0.935064935064935,6.0,0.7938833002342721,dry-spell threshold,0.5333333333333333,0.0038150985564623374,2.8858707518978406
2014-10-24,0.7,nairobi,"Nairobi, Kenya",subtropical highland / bimodal rainfall,0,30.8,10,2014,0–2,16.683064516129033,14.609320070417443,0.9662965432906416,0.0,0,1,1,1,0,0,0,1,0,0,0,0,0.42066420664206644,0.6937269372693727,0.8523985239852399,0.9520295202952029,1.0,0.0,season-matched placebo,0.5238095238095238,0.0,3.0
2014-10-26,0.0,cape_town,"Cape Town, South Africa",Mediterranean winter-rainfall,26,2.8,10,2014,20+,35.513225806451615,24.33572772403693,-1.3442468693525056,1.3442468693525056,0,1,1,1,0,0,1,1,0,0,0,1,0.09090909090909091,0.24242424242424243,0.5151515151515151,0.9090909090909091,25.0,1.3442468693525056,random drought day,0.5555555555555556,0.0,2.465402275401947
2014-10-31,0.2,nairobi,"Nairobi, Kenya",subtropical highland / bimodal rainfall,7,30.599999999999998,10,2014,6–9,16.683064516129033,14.609320070417443,0.952606652246021,0.0,1,1,1,1,0,1,1,1,0,0,0,1,0.171875,0.375,0.65625,0.9375,6.0,0.0,dry-spell threshold,0.6590909090909091,0.030771961156857208,3.615439223137144
2014-11-01,12.1,brasilia,"Brasília, Brazil",tropical savanna,0,77.30000000000001,11,2014,0–2,181.40016666666668,77.34286898141298,-1.3459568805455613,1.3459568805455613,1,1,1,1,1,1,1,1,0,0,1,1,0.7877094972067039,0.9124767225325885,0.9851024208566108,1.0,0.0,0.2729993734420185,30-day deficit threshold,0.47058823529411764,0.0,2.4642843245143107
2014-11-01,12.1,brasilia,"Brasília, Brazil",tropical savanna,0,77.30000000000001,11,2014,0–2,181.40016666666668,77.34286898141298,-1.3459568805455613,1.3459568805455613,1,1,1,1,1,1,1,1,0,0,1,1,0.7877094972067039,0.9124767225325885,0.9851024208566108,1.0,0.0,0.2729993734420185,high prospective hazard,0.84,0.2276056962314742,8.71994274054308
2014-11-01,0.0,darwin,"Darwin, Australia",tropical savanna / monsoon,5,7.199999999999999,11,2014,3–5,124.88149999999999,77.89839455474686,-1.5107050751513709,1.5107050751513709,1,1,1,1,0,1,1,1,0,0,1,1,0.4444444444444444,0.8888888888888888,1.0,1.0,4.0,0.774715402803702,30-day deficit threshold,0.625,0.09548176522312901,4.986454858255058
2014-11-01,0.0,darwin,"Darwin, Australia",tropical savanna / monsoon,5,7.199999999999999,11,2014,3–5,124.88149999999999,77.89839455474686,-1.5107050751513709,1.5107050751513709,1,1,1,1,0,1,1,1,0,0,1,1,0.4444444444444444,0.8888888888888888,1.0,1.0,4.0,0.774715402803702,high prospective hazard,0.95,0.42048176522312897,13.943266133865732
2014-11-03,0.0,darwin,"Darwin, Australia",tropical savanna / monsoon,7,7.499999999999999,11,2014,6–9,124.88149999999999,77.89839455474686,-1.506853904639902,1.506853904639902,1,1,1,1,1,1,1,1,0,1,1,1,0.7083333333333334,0.915,0.995,1.0,6.0,1.5107050751513709,dry-spell threshold,0.5625,0.03298176522312901,3.2665700425590862
2014-11-03,1.9,nairobi,"Nairobi, Kenya",subtropical highland / bimodal rainfall,0,23.9,11,2014,0–2,63.99816666666667,38.63788369894818,-1.037794072239993,1.037794072239993,1,1,1,1,1,1,1,1,0,0,1,1,0.6334012219959266,0.8431771894093686,0.9755600814663951,0.9877800407331976,9.0,0.9912076697852177,30-day deficit threshold,0.9090909090909091,0.2807719611568572,10.209746141360812
2014-11-03,1.9,nairobi,"Nairobi, Kenya",subtropical highland / bimodal rainfall,0,23.9,11,2014,0–2,63.99816666666667,38.63788369894818,-1.037794072239993,1.037794072239993,1,1,1,1,1,1,1,1,0,0,1,1,0.6334012219959266,0.8431771894093686,0.9755600814663951,0.9877800407331976,9.0,0.9912076697852177,high prospective hazard,0.8666666666666667,0.23834771873261484,9.068484003218774
2014-11-05,2.1,nairobi,"Nairobi, Kenya",subtropical highland / bimodal rainfall,0,23.3,11,2014,0–2,63.99816666666667,38.63788369894818,-1.0533228730582511,1.0533228730582511,1,1,1,1,1,1,1,1,0,0,1,1,0.6334012219959266,0.8431771894093686,0.9755600814663951,0.9877800407331976,0.0,1.037794072239993,random drought day,0.6551724137931034,0.026853465859051573,3.3710992770812127
2014-11-12,12.0,cape_town,"Cape Town, South Africa",Mediterranean winter-rainfall,7,15.0,11,2014,6–9,30.023833333333332,22.611931534444818,-0.6644206095550699,0.6644206095550699,1,1,1,1,0,1,1,1,0,0,0,0,0.20161290322580644,0.43548387096774194,0.6290322580645161,0.7258064516129032,6.0,0.6644206095550699,dry-spell threshold,0.6666666666666666,0.04790631592045147,4.0612811346591196
2014-11-13,0.2,cape_town,"Cape Town, South Africa",Mediterranean winter-rainfall,0,27.0,11,2014,0–2,30.023833333333332,22.611931534444818,-0.13372733455906316,0.13372733455906316,1,1,1,1,1,1,1,1,0,0,0,0,0.1683673469387755,0.34183673469387754,0.5408163265306123,0.8214285714285714,7.0,0.6644206095550699,season-matched placebo,0.609375,0.0,2.9935759058461193
2014-11-14,3.7,cape_town,"Cape Town, South Africa",Mediterranean winter-rainfall,1,27.2,11,2014,0–2,30.023833333333332,22.611931534444818,-0.12488244664246306,0.12488244664246306,1,1,1,1,1,1,1,1,0,0,0,0,0.1683673469387755,0.34183673469387754,0.5408163265306123,0.8214285714285714,0.0,0.13372733455906316,season-matched placebo,0.6153846153846154,0.0,2.99439606245675
2014-11-15,0.0,tokyo,"Tokyo, Japan",humid subtropical,3,71.10000000000007,11,2014,3–5,127.82533333333335,90.86569530095744,-0.6242766661879665,0.6242766661879665,0,1,1,1,0,1,1,1,0,0,1,1,0.2708333333333333,0.6319444444444444,0.8541666666666666,0.9861111111111112,2.0,0.4933141510100894,random drought day,0.9210526315789473,0.03730321625926336,3.8011718579494755
2014-11-23,0.0,cape_town,"Cape Town, South Africa",Mediterranean winter-rainfall,7,31.1,11,2014,6–9,30.023833333333332,22.611931534444818,0.04759286773123921,0.0,0,1,1,1,0,1,1,1,0,0,0,0,0.20161290322580644,0.43548387096774194,0.6290322580645161,0.7258064516129032,6.0,0.0,dry-spell threshold,0.6724137931034483,0.05365344235723313,4.073068847144663
2014-11-23,0.0,mumbai,"Mumbai, India",tropical monsoon,7,6.800000000000029,11,2014,6–9,20.42516666666667,27.409647899395537,-0.49709382319234807,0.49709382319234807,0,0,0,0,0,0,0,0,0,0,0,0,0.0425531914893617,0.10638297872340426,0.19148936170212766,0.3617021276595745,6.0,0.49709382319234807,dry-spell threshold,0.4166666666666667,0.08813897640127966,5.051135296376118
2014-11-24,19.7,darwin,"Darwin, Australia",tropical savanna / monsoon,7,66.5,11,2014,6–9,124.88149999999999,77.89839455474686,-0.7494570373843785,0.7494570373843785,1,1,1,1,1,1,1,1,1,1,1,1,0.7083333333333334,0.915,0.995,1.0,6.0,0.7494570373843785,dry-spell threshold,0.5882352941176471,0.05871705934077609,4.323018894642632
2014-11-24,0.0,tucson,"Tucson, United States",hot semi-arid / monsoonal,7,1.4,11,2014,6–9,15.756500000000011,21.924639277056514,-0.6548112294382724,0.6548112294382724,0,0,0,1,0,0,0,1,0,0,0,1,0.02666666666666667,0.09333333333333334,0.3466666666666667,0.6,6.0,0.6548112294382724,dry-spell threshold,0.43137254901960786,0.01044078632479506,3.1168127730539945
2014-11-29,18.0,darwin,"Darwin, Australia",tropical savanna / monsoon,0,110.39999999999999,11,2014,0–2,124.88149999999999,77.89839455474686,-0.1859024192061163,0.1859024192061163,1,1,1,1,1,1,1,1,1,1,1,1,0.7279411764705882,0.9136029411764706,0.9944852941176471,1.0,0.0,0.2642095529393144,season-matched placebo,0.6666666666666666,0.13714843188979564,5.97315921294259
2014-11-30,15.5,darwin,"Darwin, Australia",tropical savanna / monsoon,0,128.39999999999998,11,2014,0–2,124.88149999999999,77.89839455474686,0.04516781148200934,0.0,1,1,1,1,1,1,1,1,1,1,1,1,0.7279411764705882,0.9136029411764706,0.9944852941176471,1.0,0.0,0.1859024192061163,season-matched placebo,0.6842105263157895,0.1546922915389185,6.0938458307783705
2014-12-01,17.9,darwin,"Darwin, Australia",tropical savanna / monsoon,0,143.89999999999998,12,2014,0–2,235.83209677419353,95.03366235738179,-0.9673635056647134,0.9673635056647134,1,1,1,1,1,1,1,1,1,1,1,1,0.8347826086956521,0.9652173913043478,0.9982608695652174,1.0,0.0,0.0,high prospective hazard,0.9523809523809523,0.42286271760408134,13.978192068652154
2014-12-05,0.0,cape_town,"Cape Town, South Africa",Mediterranean winter-rainfall,7,20.7,12,2014,6–9,15.709032258064516,12.469926953350525,0.40024033505621043,0.0,0,0,1,1,0,0,0,0,0,0,0,0,0.1326530612244898,0.23469387755102042,0.40816326530612246,0.6224489795918368,6.0,0.0,dry-spell threshold,0.6779661016949152,0.059205750948700064,4.184115018974001
2014-12-05,0.0,london,"London, United Kingdom",temperate maritime,7,78.99999999999999,12,2014,6–9,58.340161290322584,25.556611744344465,0.8083950609864904,0.0,0,1,1,1,0,0,1,1,0,0,1,1,0.16176470588235295,0.47058823529411764,0.7794117647058824,0.9705882352941176,6.0,0.0,dry-spell threshold,0.7441860465116279,0.0,3.0
2014-12-07,13.5,darwin,"Darwin, Australia",tropical savanna / monsoon,0,186.9,12,2014,0–2,235.83209677419353,95.03366235738179,-0.5148922556533748,0.5148922556533748,1,1,1,1,1,1,1,1,1,1,1,1,0.8347826086956521,0.9652173913043478,0.9982608695652174,1.0,0.0,0.29812695913631515,high prospective hazard,0.9545454545454546,0.4250272197685836,13.266907431161886
2014-12-07,0.0,tokyo,"Tokyo, Japan",humid subtropical,1,98.80000000000004,12,2014,0–2,77.44306451612907,50.27902436482055,0.424768295599906,0.0,0,0,1,1,0,0,1,1,0,0,0,1,0.24161073825503357,0.4966442953020134,0.7315436241610739,0.9261744966442953,0.0,0.0,season-matched placebo,0.8157894736842105,0.0,3.0
2014-12-09,0.3,nairobi,"Nairobi, Kenya",subtropical highland / bimodal rainfall,0,50.1,12,2014,0–2,57.59387096774193,34.13512578169223,-0.21953547251204597,0.21953547251204597,1,1,1,1,0,0,1,1,0,0,0,1,0.38292011019283745,0.6060606060606061,0.8126721763085399,0.9090909090909091,0.0,0.24590127546106272,season-matched placebo,0.5116279069767442,0.0,2.9827492730306755
2014-12-12,0.0,tucson,"Tucson, United States",hot semi-arid / monsoonal,7,15.200000000000001,12,2014,6–9,25.111129032258077,25.327839224007104,-0.3913136428497133,0.3913136428497133,1,1,1,1,1,1,1,1,0,0,1,1,0.189873417721519,0.3291139240506329,0.45569620253164556,0.569620253164557,6.0,0.3913136428497133,dry-spell threshold,0.4230769230769231,0.002145160382110267,2.9962410912936246
2014-12-14,0.0,mumbai,"Mumbai, India",tropical monsoon,0,12.900000000000027,12,2014,0–2,8.210322580645165,22.833093699906243,0.20538948777554916,0.0,0,0,0,0,0,0,0,0,0,0,0,0,0.00825082508250825,0.019801980198019802,0.036303630363036306,0.066006600660066,0.0,0.0,season-matched placebo,0.6666666666666666,0.3381389764012796,9.762779528025593
2014-12-15,0.6,london,"London, United Kingdom",temperate maritime,2,58.999999999999986,12,2014,0–2,58.340161290322584,25.556611744344465,0.025818708531400704,0.0,1,1,1,1,1,1,1,1,0,1,1,1,0.42592592592592593,0.6904761904761905,0.8571428571428571,0.9682539682539683,1.0,0.0,season-matched placebo,0.6976744186046512,0.0,3.0
2014-12-16,0.0,nairobi,"Nairobi, Kenya",subtropical highland / bimodal rainfall,0,29.900000000000002,12,2014,0–2,57.59387096774193,34.13512578169223,-0.8113012720344227,0.8113012720344227,1,1,1,1,0,0,1,1,0,0,1,1,0.38292011019283745,0.6060606060606061,0.8126721763085399,0.9090909090909091,6.0,0.8142308056954247,high prospective hazard,0.875,0.24668105206594815,9.207677571854903
2014-12-20,0.0,tucson,"Tucson, United States",hot semi-arid / monsoonal,1,27.700000000000003,12,2014,0–2,25.111129032258077,25.327839224007104,0.10221444256832035,0.0,0,0,1,1,0,0,0,1,0,0,0,1,0.16666666666666666,0.3563218390804598,0.6379310344827587,0.7873563218390804,0.0,0.0,season-matched placebo,0.2708333333333333,0.0,3.0
2014-12-21,0.0,mumbai,"Mumbai, India",tropical monsoon,7,10.800000000000027,12,2014,6–9,8.210322580645165,22.833093699906243,0.11341771962182662,0.0,0,0,0,0,0,0,0,0,0,0,0,0,0.00825082508250825,0.019801980198019802,0.036303630363036306,0.066006600660066,6.0,0.0,dry-spell threshold,0.38461538461538464,0.05608769434999761,4.121753886999953
2014-12-21,0.0,tucson,"Tucson, United States",hot semi-arid / monsoonal,2,27.700000000000003,12,2014,0–2,25.111129032258077,25.327839224007104,0.10221444256832035,0.0,0,0,1,1,0,0,0,1,0,0,0,1,0.16666666666666666,0.3563218390804598,0.6379310344827587,0.7873563218390804,1.0,0.0,season-matched placebo,0.2653061224489796,0.0,3.0
2014-12-22,2.8,nairobi,"Nairobi, Kenya",subtropical highland / bimodal rainfall,0,24.4,12,2014,0–2,57.59387096774193,34.13512578169223,-0.9724256233895254,0.9724256233895254,1,1,1,1,1,1,1,1,1,1,1,1,0.38292011019283745,0.6060606060606061,0.8126721763085399,0.9090909090909091,5.0,0.9812142243725309,high prospective hazard,0.8823529411764706,0.2540339932424187,9.475728464635834
2014-12-26,0.0,cape_town,"Cape Town, South Africa",Mediterranean winter-rainfall,0,7.3,12,2014,0–2,15.709032258064516,12.469926953350525,-0.6743449492144064,0.6743449492144064,0,0,0,1,0,0,0,1,0,0,0,0,0.0851063829787234,0.23404255319148937,0.44680851063829785,0.6666666666666666,27.0,0.9389816236989612,random drought day,0.5675675675675675,0.0,2.844764249517092
2014-12-26,10.5,london,"London, United Kingdom",temperate maritime,6,29.699999999999992,12,2014,6–9,58.340161290322584,25.556611744344465,-1.1206556478153056,1.1206556478153056,1,1,1,1,1,1,1,1,0,0,0,1,0.16176470588235295,0.47058823529411764,0.7794117647058824,0.9705882352941176,5.0,0.9132729144147069,30-day deficit threshold,0.9444444444444444,0.15307982922979557,6.758551615753494
2014-12-26,0.7,tucson,"Tucson, United States",hot semi-arid / monsoonal,7,27.700000000000003,12,2014,6–9,25.111129032258077,25.327839224007104,0.10221444256832035,0.0,0,0,1,1,0,0,1,1,0,0,1,1,0.189873417721519,0.3291139240506329,0.45569620253164556,0.569620253164557,6.0,0.0,dry-spell threshold,0.4339622641509434,0.013030501456130605,3.260610029122612
2014-12-27,1.1,london,"London, United Kingdom",temperate maritime,0,38.19999999999999,12,2014,0–2,58.340161290322584,25.556611744344465,-0.7880606980218925,0.7880606980218925,0,0,1,1,0,0,1,1,0,0,1,1,0.42592592592592593,0.6904761904761905,0.8571428571428571,0.9682539682539683,6.0,1.1206556478153056,high prospective hazard,0.7368421052631579,0.0,2.7919319429843235
2014-12-28,5.1,tokyo,"Tokyo, Japan",humid subtropical,7,56.90000000000006,12,2014,6–9,77.44306451612907,50.27902436482055,-0.40858120808133,0.40858120808133,1,1,1,1,1,1,1,1,1,1,1,1,0.17708333333333334,0.3854166666666667,0.7083333333333334,0.9375,6.0,0.40858120808133,dry-spell threshold,0.9285714285714286,0.04482201325174462,3.9994549767882566
2014-12-30,0.0,tucson,"Tucson, United States",hot semi-arid / monsoonal,11,28.400000000000002,12,2014,10–19,25.111129032258077,25.327839224007104,0.12985201535173022,0.0,1,1,1,1,1,1,1,1,0,1,1,1,0.060240963855421686,0.1566265060240964,0.3493975903614458,0.5421686746987951,10.0,0.0,random drought day,0.37037037037037035,0.0,3.0
2014-12-31,1.9,tucson,"Tucson, United States",hot semi-arid / monsoonal,12,28.400000000000002,12,2014,10–19,25.111129032258077,25.327839224007104,0.12985201535173022,0.0,1,1,1,1,1,1,1,1,1,1,1,1,0.060240963855421686,0.1566265060240964,0.3493975903614458,0.5421686746987951,11.0,0.0,random drought day,0.39285714285714285,0.0,3.0
2015-01-01,0.2,tokyo,"Tokyo, Japan",humid subtropical,2,57.00000000000006,1,2015,0–2,56.298487394958,37.50707562065987,0.018703473769510398,0.0,0,0,1,1,0,0,1,1,0,0,0,1,0.23102310231023102,0.504950495049505,0.7491749174917491,0.9372937293729373,1.0,0.3489141791781389,season-matched placebo,0.8205128205128205,0.0,3.0
2015-01-02,0.0,cape_town,"Cape Town, South Africa",Mediterranean winter-rainfall,7,3.5,1,2015,6–9,13.84655462184874,12.698939511184065,-0.8147573750340681,0.8147573750340681,1,1,1,1,0,1,1,1,0,0,0,1,0.1271186440677966,0.2796610169491525,0.3389830508474576,0.5677966101694916,6.0,0.8147573750340681,dry-spell threshold,0.6666666666666666,0.04790631592045147,4.027609038428591
2015-01-02,0.2,london,"London, United Kingdom",temperate maritime,0,38.09999999999999,1,2015,0–2,54.43781512605042,29.21881165985792,-0.5591539901157594,0.5591539901157594,1,1,1,1,1,1,1,1,1,1,1,1,0.37755102040816324,0.6938775510204082,0.8596938775510204,0.9693877551020408,4.0,0.6070683275055779,high prospective hazard,0.7435897435897436,0.0,2.891515033936861
2015-01-02,0.0,nairobi,"Nairobi, Kenya",subtropical highland / bimodal rainfall,7,32.1,1,2015,6–9,38.80621848739496,39.3988033067764,-0.17021376094033597,0.17021376094033597,0,0,1,1,0,0,1,1,0,0,0,0,0.14130434782608695,0.2608695652173913,0.40217391304347827,0.5543478260869565,6.0,0.15244672384153152,dry-spell threshold,0.6666666666666666,0.03834771873261478,3.8189500225556294
2015-01-03,0.0,tokyo,"Tokyo, Japan",humid subtropical,4,57.20000000000005,1,2015,3–5,56.298487394958,37.50707562065987,0.02403580098218785,0.0,0,1,1,1,0,1,1,1,0,0,0,1,0.22758620689655173,0.4482758620689655,0.7103448275862069,0.9586206896551724,3.0,0.0,random drought day,0.9230769230769231,0.039327507757239144,3.786550155144783
2015-01-03,0.0,tucson,"Tucson, United States",hot semi-arid / monsoonal,1,38.7,1,2015,0–2,30.94554621848741,34.211305053009895,0.2266634894371081,0.0,0,0,1,1,0,0,1,1,0,0,0,0,0.18848167539267016,0.36649214659685864,0.6649214659685864,0.8272251308900523,0.0,0.0,season-matched placebo,0.26,0.0,3.0
2015-01-06,0.0,brasilia,"Brasília, Brazil",tropical savanna,2,237.20000000000002,1,2015,0–2,238.4326050420168,65.85281015382101,-0.018717576958942668,0.018717576958942668,1,1,1,1,0,0,0,0,0,0,0,0,0.8050089445438283,0.9159212880143113,0.9838998211091234,0.9964221824686941,1.0,0.0,season-matched placebo,0.7368421052631579,0.12444780149463208,5.51201790818399
2015-01-06,3.8,tokyo,"Tokyo, Japan",humid subtropical,7,49.300000000000054,1,2015,6–9,56.298487394958,37.50707562065987,-0.18659112391857605,0.18659112391857605,0,0,1,1,0,0,0,1,0,0,0,1,0.21568627450980393,0.46078431372549017,0.7941176470588235,0.9803921568627451,6.0,0.18659112391857605,dry-spell threshold,0.9302325581395349,0.04648314281985089,3.9996857889630686
2015-01-07,0.0,cape_town,"Cape Town, South Africa",Mediterranean winter-rainfall,1,5.0,1,2015,0–2,13.84655462184874,12.698939511184065,-0.6966372754242591,0.6966372754242591,0,0,0,1,0,0,0,1,0,0,0,1,0.1,0.23846153846153847,0.4461538461538462,0.5846153846153846,0.0,0.7045119487315797,random drought day,0.5526315789473685,0.0,2.8349052683403606
2015-01-09,0.0,tokyo,"Tokyo, Japan",humid subtropical,2,53.10000000000005,1,2015,0–2,56.298487394958,37.50707562065987,-0.08527690687770233,0.08527690687770233,0,1,1,1,0,0,1,1,0,0,1,1,0.23102310231023102,0.504950495049505,0.7491749174917491,0.9372937293729373,1.0,0.08527690687770233,season-matched placebo,0.825,0.0,2.9973843082997673
2015-01-10,0.0,brasilia,"Brasília, Brazil",tropical savanna,6,160.60000000000002,1,2015,6–9,238.4326050420168,65.85281015382101,-1.1819177474767288,1.1819177474767288,1,1,1,1,0,0,0,1,0,0,0,1,0.7709677419354839,0.9032258064516129,0.9774193548387097,0.9967741935483871,5.0,0.9161735831939447,30-day deficit threshold,0.5,0.0,2.5693036528851394
2015-01-10,0.0,brasilia,"Brasília, Brazil",tropical savanna,6,160.60000000000002,1,2015,6–9,238.4326050420168,65.85281015382101,-1.1819177474767288,1.1819177474767288,1,1,1,1,0,0,0,1,0,0,0,1,0.7709677419354839,0.9032258064516129,0.9774193548387097,0.9967741935483871,5.0,0.9161735831939447,high prospective hazard,0.8461538461538461,0.23375954238532037,8.939494987676595
2015-01-10,0.3,nairobi,"Nairobi, Kenya",subtropical highland / bimodal rainfall,2,30.5,1,2015,0–2,38.80621848739496,39.3988033067764,-0.21082413145188927,0.21082413145188927,1,1,1,1,0,0,0,1,0,0,0,1,0.3453815261044177,0.5220883534136547,0.678714859437751,0.8112449799196787,1.0,0.19559524251005675,season-matched placebo,0.5227272727272727,0.0,2.984084036480312
2015-01-11,0.1,brasilia,"Brasília, Brazil",tropical savanna,7,152.80000000000004,1,2015,6–9,238.4326050420168,65.85281015382101,-1.3003637178427694,1.3003637178427694,1,1,1,1,0,0,0,1,0,0,0,1,0.7709677419354839,0.9032258064516129,0.9774193548387097,0.9967741935483871,6.0,1.1819177474767288,dry-spell threshold,0.4230769230769231,0.0,2.4939449182092153
2015-01-13,0.0,cape_town,"Cape Town, South Africa",Mediterranean winter-rainfall,7,4.8999999999999995,1,2015,6–9,13.84655462184874,12.698939511184065,-0.7045119487315797,0.7045119487315797,0,1,1,1,0,1,1,1,0,1,1,1,0.1271186440677966,0.2796610169491525,0.3389830508474576,0.5677966101694916,6.0,0.7045119487315797,dry-spell threshold,0.6721311475409836,0.053370796794768416,4.193644237243206
2015-01-14,0.0,tokyo,"Tokyo, Japan",humid subtropical,7,50.00000000000006,1,2015,6–9,56.298487394958,37.50707562065987,-0.16792797867420448,0.16792797867420448,1,1,1,1,1,1,1,1,1,1,1,1,0.21568627450980393,0.46078431372549017,0.7941176470588235,0.9803921568627451,6.0,0.16792797867420448,dry-spell threshold,0.9090909090909091,0.025341493771225077,3.5374148043243814
2015-01-14,0.0,tokyo,"Tokyo, Japan",humid subtropical,7,50.00000000000006,1,2015,6–9,56.298487394958,37.50707562065987,-0.16792797867420448,0.16792797867420448,1,1,1,1,1,1,1,1,1,1,1,1,0.21568627450980393,0.46078431372549017,0.7941176470588235,0.9803921568627451,6.0,0.16792797867420448,random drought day,0.925,0.04125058468031606,3.881149247939333
2015-01-15,0.0,nairobi,"Nairobi, Kenya",subtropical highland / bimodal rainfall,7,28.799999999999997,1,2015,6–9,38.80621848739496,39.3988033067764,-0.2539726501204147,0.2539726501204147,0,0,1,1,0,0,1,1,0,0,1,1,0.14130434782608695,0.2608695652173913,0.40217391304347827,0.5543478260869565,6.0,0.22351487223674968,dry-spell threshold,0.6739130434782609,0.04559409554420901,3.9967426450229473
2015-01-16,0.0,tucson,"Tucson, United States",hot semi-arid / monsoonal,7,23.9,1,2015,6–9,30.94554621848741,34.211305053009895,-0.20594204774037256,0.20594204774037256,0,0,0,1,0,0,0,1,0,0,0,1,0.225,0.3625,0.55,0.8,6.0,0.20594204774037256,dry-spell threshold,0.4444444444444444,0.023512681749631614,3.5008586697536708
2015-01-17,0.2,brasilia,"Brasília, Brazil",tropical savanna,13,93.50000000000001,1,2015,10–19,238.4326050420168,65.85281015382101,-2.200856800241004,2.200856800241004,0,1,1,1,0,0,1,1,0,0,1,1,0.7709677419354839,0.9032258064516129,0.9774193548387097,0.9967741935483871,12.0,2.0262249208551744,random drought day,0.5454545454545454,0.0,1.8972302276598394
2015-01-18,0.0,cape_town,"Cape Town, South Africa",Mediterranean winter-rainfall,1,17.2,1,2015,0–2,13.84655462184874,12.698939511184065,0.26407286806885333,0.0,0,0,0,1,0,0,0,1,0,0,0,0,0.1,0.23846153846153847,0.4461538461538462,0.5846153846153846,0.0,0.0,season-matched placebo,0.6212121212121212,0.0024517704659060557,3.049035409318121
2015-01-21,0.3,nairobi,"Nairobi, Kenya",subtropical highland / bimodal rainfall,0,33.5,1,2015,0–2,38.80621848739496,39.3988033067764,-0.13467968674272687,0.13467968674272687,0,0,0,0,0,0,0,0,0,0,0,0,0.3453815261044177,0.5220883534136547,0.678714859437751,0.8112449799196787,12.0,0.2768159835331634,season-matched placebo,0.5111111111111111,0.0,2.993484279851466
2015-01-22,0.0,nairobi,"Nairobi, Kenya",subtropical highland / bimodal rainfall,1,31.0,1,2015,0–2,38.80621848739496,39.3988033067764,-0.19813339066702887,0.19813339066702887,0,0,0,0,0,0,0,0,0,0,0,0,0.3453815261044177,0.5220883534136547,0.678714859437751,0.8112449799196787,0.0,0.13467968674272687,season-matched placebo,0.5,0.0,2.985933800765772
2015-01-23,1.8,london,"London, United Kingdom",temperate maritime,4,66.89999999999999,1,2015,3–5,54.43781512605042,29.21881165985792,0.4265123790462248,0.0,1,1,1,1,1,1,1,1,0,0,0,0,0.3050847457627119,0.4915254237288136,0.7203389830508474,0.9322033898305084,3.0,0.0,random drought day,0.7647058823529411,0.0,3.0
2015-01-24,0.0,cape_town,"Cape Town, South Africa",Mediterranean winter-rainfall,7,17.099999999999998,1,2015,6–9,13.84655462184874,12.698939511184065,0.25619819476153266,0.0,0,1,1,1,0,0,1,1,0,0,0,0,0.1271186440677966,0.2796610169491525,0.3389830508474576,0.5677966101694916,6.0,0.0,dry-spell threshold,0.6774193548387096,0.05865900409249447,4.173180081849889
2015-01-28,0.0,nairobi,"Nairobi, Kenya",subtropical highland / bimodal rainfall,7,10.7,1,2015,6–9,38.80621848739496,39.3988033067764,-0.7133774665323611,0.7133774665323611,0,0,0,0,0,0,0,0,0,0,0,0,0.14130434782608695,0.2608695652173913,0.40217391304347827,0.5543478260869565,6.0,0.7108393183753889,dry-spell threshold,0.6808510638297872,0.052532115895735365,4.1706948913243105
2015-02-02,0.0,tokyo,"Tokyo, Japan",humid subtropical,2,89.10000000000005,2,2015,0–2,65.73982300884958,35.926938123744165,0.6502134111927477,0.0,0,1,1,1,0,1,1,1,0,1,1,1,0.2696245733788396,0.5358361774744027,0.8805460750853242,1.0,1.0,0.0,season-matched placebo,0.8292682926829268,0.0,3.0
2015-02-02,0.0,tucson,"Tucson, United States",hot semi-arid / monsoonal,1,42.7,2,2015,0–2,30.121769911504437,27.801130207843915,0.45243592596630106,0.0,0,0,0,0,0,0,0,0,0,0,0,0,0.22099447513812154,0.43646408839779005,0.6077348066298343,0.856353591160221,0.0,0.0,season-matched placebo,0.27450980392156865,0.0,3.0
2015-02-03,4.8,darwin,"Darwin, Australia",tropical savanna / monsoon,1,326.0,2,2015,0–2,399.70690265486724,117.59011199112142,-0.6268120797472532,0.6268120797472532,1,1,1,1,1,1,1,1,0,0,1,1,0.9537366548042705,0.994661921708185,1.0,1.0,0.0,0.0,high prospective hazard,0.9565217391304348,0.4270035043535638,13.576486239824805
2015-02-05,2.0,darwin,"Darwin, Australia",tropical savanna / monsoon,0,271.5,2,2015,0–2,399.70690265486724,117.59011199112142,-1.0902864236114294,1.0902864236114294,1,1,1,1,0,1,1,1,0,1,1,1,0.9537366548042705,0.994661921708185,1.0,1.0,0.0,0.984835380236828,30-day deficit threshold,0.6666666666666666,0.13714843188979564,6.334659577261865
2015-02-07,0.0,cape_town,"Cape Town, South Africa",Mediterranean winter-rainfall,2,18.9,2,2015,0–2,11.802123893805309,12.848555776895664,0.5524259869703119,0.0,0,1,1,1,0,0,0,0,0,0,0,0,0.06140350877192982,0.15789473684210525,0.42105263157894735,0.6578947368421053,1.0,0.0,season-matched placebo,0.6119402985074627,0.0,3.0
2015-02-08,0.0,tucson,"Tucson, United States",hot semi-arid / monsoonal,7,40.1,2,2015,6–9,30.121769911504437,27.801130207843915,0.35891454821790914,0.0,0,0,0,0,0,0,0,0,0,0,0,0,0.17582417582417584,0.3626373626373626,0.6153846153846154,0.8351648351648352,6.0,0.0,dry-spell threshold,0.43636363636363634,0.015431873668823537,3.3086374733764705
2015-02-12,0.7,cape_town,"Cape Town, South Africa",Mediterranean winter-rainfall,7,19.299999999999997,2,2015,6–9,11.802123893805309,12.848555776895664,0.5835578905823334,0.0,1,1,1,1,0,0,0,0,0,0,0,0,0.06329113924050633,0.17721518987341772,0.35443037974683544,0.5063291139240507,6.0,0.0,dry-spell threshold,0.6825396825396826,0.0637793317934674,4.275586635869348
2015-02-12,0.7,cape_town,"Cape Town, South Africa",Mediterranean winter-rainfall,7,19.299999999999997,2,2015,6–9,11.802123893805309,12.848555776895664,0.5835578905823334,0.0,1,1,1,1,0,0,0,0,0,0,0,0,0.06329113924050633,0.17721518987341772,0.35443037974683544,0.5063291139240507,6.0,0.0,random drought day,0.5384615384615384,0.0,3.0
2015-02-13,4.7,london,"London, United Kingdom",temperate maritime,7,31.699999999999992,2,2015,6–9,45.498407079646014,27.221080971026016,-0.5069015111608896,0.5069015111608896,1,1,1,1,1,1,1,1,0,1,1,1,0.0847457627118644,0.2542372881355932,0.6779661016949152,0.9830508474576272,6.0,0.22403250944138248,dry-spell threshold,0.75,0.0,2.910265182982807
2015-02-13,0.5,tokyo,"Tokyo, Japan",humid subtropical,4,104.00000000000006,2,2015,3–5,65.73982300884958,35.926938123744165,1.0649439943746353,0.0,0,1,1,1,0,1,1,1,0,0,1,1,0.26717557251908397,0.5877862595419847,0.8931297709923665,1.0,3.0,0.0,random drought day,0.926829268292683,0.04307985297299899,3.8615970594599798
2015-02-14,0.2,nairobi,"Nairobi, Kenya",subtropical highland / bimodal rainfall,24,7.8,2,2015,20+,32.5141592920354,40.980944947675,-0.6030646517202265,0.6030646517202265,1,1,1,1,1,1,1,1,1,1,1,1,0.1111111111111111,0.24786324786324787,0.48717948717948717,0.7264957264957265,23.0,0.6030646517202265,random drought day,0.6666666666666666,0.03834771873261478,3.831020826396804
2015-02-15,0.0,london,"London, United Kingdom",temperate maritime,0,28.59999999999999,2,2015,0–2,45.498407079646014,27.221080971026016,-0.6207838365284833,0.6207838365284833,1,1,1,1,1,1,1,1,1,1,1,1,0.39143730886850153,0.6972477064220184,0.8746177370030581,0.944954128440367,0.0,0.41873454958597817,high prospective hazard,0.75,0.0,2.867398014375241
2015-02-16,1.7,tokyo,"Tokyo, Japan",humid subtropical,7,78.40000000000006,2,2015,6–9,65.73982300884958,35.926938123744165,0.35238675078696313,0.0,1,1,1,1,1,1,1,1,1,1,1,1,0.3132530120481928,0.5662650602409639,0.9156626506024096,1.0,6.0,0.0,dry-spell threshold,0.9111111111111111,0.02736169579142711,3.547233915828542
2015-02-19,0.4,nairobi,"Nairobi, Kenya",subtropical highland / bimodal rainfall,2,25.5,2,2015,0–2,32.5141592920354,40.980944947675,-0.1711566021962444,0.1711566021962444,1,1,1,1,0,0,0,0,0,0,0,0,0.2847682119205298,0.3973509933774834,0.6158940397350994,0.7814569536423841,1.0,0.19067786997133965,season-matched placebo,0.48936170212765956,0.0,2.989490893495338
2015-02-20,2.2,london,"London, United Kingdom",temperate maritime,0,39.99999999999999,2,2015,0–2,45.498407079646014,27.221080971026016,-0.20199076904765462,0.20199076904765462,1,1,1,1,0,1,1,1,0,1,1,1,0.39143730886850153,0.6972477064220184,0.8746177370030581,0.944954128440367,2.0,0.4848597707671615,season-matched placebo,0.7045454545454546,0.0,2.9853834655466613
2015-02-22,15.7,darwin,"Darwin, Australia",tropical savanna / monsoon,0,318.5,2,2015,0–2,399.70690265486724,117.59011199112142,-0.6905929527560848,0.6905929527560848,1,1,1,1,1,1,1,1,0,1,1,1,0.9537366548042705,0.994661921708185,1.0,1.0,0.0,0.3861455855939291,high prospective hazard,0.9583333333333334,0.4288150985564624,13.750712322193575
2015-02-23,0.0,mumbai,"Mumbai, India",tropical monsoon,71,0.0,2,2015,20+,0.6042477876106195,1.472170808312353,-0.41044679340117385,0.41044679340117385,0,0,1,1,0,0,1,1,0,0,1,1,0.006060606060606061,0.01818181818181818,0.04242424242424243,0.09090909090909091,70.0,0.41044679340117385,random drought day,0.4,0.071472309734613,4.629217785006476
2015-02-24,0.0,nairobi,"Nairobi, Kenya",subtropical highland / bimodal rainfall,7,18.3,2,2015,6–9,32.5141592920354,40.980944947675,-0.34684801217210154,0.34684801217210154,0,0,0,0,0,0,0,0,0,0,0,0,0.11827956989247312,0.27956989247311825,0.5268817204301075,0.7849462365591398,6.0,0.34684801217210154,dry-spell threshold,0.6666666666666666,0.03834771873261478,3.8444623810919585
2015-02-26,7.5,brasilia,"Brasília, Brazil",tropical savanna,0,180.50000000000003,2,2015,0–2,233.41380530973456,101.62431886591932,-0.5206805408412895,0.5206805408412895,1,1,1,1,1,1,1,1,1,1,1,1,0.7727272727272727,0.8992094861660079,0.9960474308300395,1.0,0.0,0.4380231602680161,high prospective hazard,0.8148148148148148,0.202420511046289,7.8470853077357035
2015-03-03,0.0,mumbai,"Mumbai, India",tropical monsoon,1,17.900000000000027,3,2015,0–2,0.5800000000000001,1.3832788656060317,12.520974931842048,0.0,0,0,0,1,0,0,0,0,0,0,0,0,0.0016129032258064516,0.008064516129032258,0.020967741935483872,0.03387096774193549,0.0,0.0,season-matched placebo,0.6,0.27147230973461295,8.42944619469226
2015-03-03,4.1,tucson,"Tucson, United States",hot semi-arid / monsoonal,0,5.300000000000003,3,2015,0–2,26.86919354838711,20.47341795216967,-1.053521869126953,1.053521869126953,0,0,0,0,0,0,0,0,0,0,0,0,0.15789473684210525,0.2807017543859649,0.49707602339181284,0.6140350877192983,5.0,0.5455461112785738,30-day deficit threshold,0.3,0.0,2.6473959784844534
2015-03-06,3.0,tokyo,"Tokyo, Japan",humid subtropical,2,119.20000000000006,3,2015,0–2,86.56790322580649,40.11320514013068,0.8135001095075112,0.0,1,1,1,1,1,1,1,1,0,1,1,1,0.3674832962138085,0.7060133630289532,0.9732739420935412,1.0,1.0,0.0,season-matched placebo,0.8333333333333334,0.0,3.0
2015-03-07,0.0,tucson,"Tucson, United States",hot semi-arid / monsoonal,3,9.100000000000003,3,2015,3–5,26.86919354838711,20.47341795216967,-0.8679153422208146,0.8679153422208146,0,0,0,1,0,0,0,1,0,0,0,0,0.1111111111111111,0.29292929292929293,0.45454545454545453,0.5959595959595959,2.0,0.8679153422208146,random drought day,0.41379310344827586,0.0,2.75130097686318
2015-03-09,0.2,london,"London, United Kingdom",temperate maritime,7,43.79999999999999,3,2015,6–9,43.66516129032258,22.75797034071517,0.005924900492386049,0.0,0,0,1,1,0,0,1,1,0,0,0,0,0.1643835616438356,0.4246575342465753,0.7123287671232876,0.8767123287671232,6.0,0.0,dry-spell threshold,0.7555555555555555,0.0,3.0
2015-03-09,0.0,mumbai,"Mumbai, India",tropical monsoon,7,17.900000000000027,3,2015,6–9,0.5800000000000001,1.3832788656060317,12.520974931842048,0.0,0,0,1,1,0,0,0,0,0,0,0,0,0.0016129032258064516,0.008064516129032258,0.020967741935483872,0.03387096774193549,6.0,0.0,dry-spell threshold,0.35714285714285715,0.028615166877470122,3.5723033375494024
2015-03-10,0.0,london,"London, United Kingdom",temperate maritime,8,43.99999999999999,3,2015,6–9,43.66516129032258,22.75797034071517,0.014713030409323003,0.0,0,0,1,1,0,0,1,1,0,0,0,0,0.1643835616438356,0.4246575342465753,0.7123287671232876,0.8767123287671232,7.0,0.0,random drought day,0.7714285714285715,0.0,3.0
2015-03-11,0.0,tucson,"Tucson, United States",hot semi-arid / monsoonal,7,9.100000000000003,3,2015,6–9,26.86919354838711,20.47341795216967,-0.8679153422208146,0.8679153422208146,0,0,1,1,0,0,1,1,0,0,0,0,0.12149532710280374,0.2336448598130841,0.411214953271028,0.5514018691588785,6.0,0.8679153422208146,dry-spell threshold,0.42857142857142855,0.007639665876615742,2.9522368784604263
2015-03-12,8.9,darwin,"Darwin, Australia",tropical savanna / monsoon,0,299.79999999999995,3,2015,0–2,394.08193548387095,143.27892247180256,-0.6580307407213073,0.6580307407213073,1,1,1,1,0,1,1,1,0,0,0,1,0.7495652173913043,0.8921739130434783,0.9617391304347827,0.9982608695652174,0.0,0.3956055399217982,high prospective hazard,0.96,0.430481765223129,13.728972881204573
2015-03-13,0.0,cape_town,"Cape Town, South Africa",Mediterranean winter-rainfall,36,1.5999999999999983,3,2015,20+,11.060483870967742,9.490236616741582,-0.9968649100148513,0.9968649100148513,0,0,0,1,0,0,0,1,0,0,0,0,0.11510791366906475,0.2805755395683453,0.5467625899280576,0.6834532374100719,35.0,0.9547163297260979,random drought day,0.525,0.0,2.6803692913991943
2015-03-15,0.0,cape_town,"Cape Town, South Africa",Mediterranean winter-rainfall,38,0.8999999999999981,3,2015,20+,11.060483870967742,9.490236616741582,-1.0706249255201696,1.0706249255201696,0,0,1,1,0,0,1,1,0,0,0,0,0.11510791366906475,0.2805755395683453,0.5467625899280576,0.6834532374100719,37.0,0.9968649100148513,30-day deficit threshold,0.7333333333333333,0.11457298258711812,5.729959120246492
2015-03-18,0.0,london,"London, United Kingdom",temperate maritime,0,39.39999999999999,3,2015,0–2,43.66516129032258,22.75797034071517,-0.18741395768022412,0.18741395768022412,0,0,1,1,0,0,1,1,0,0,0,1,0.4197860962566845,0.6764705882352942,0.8181818181818182,0.9278074866310161,0.0,0.2709011918911242,season-matched placebo,0.7111111111111111,0.0,2.987408434970806
2015-03-19,0.4,nairobi,"Nairobi, Kenya",subtropical highland / bimodal rainfall,30,3.1,3,2015,20+,34.05548387096774,29.879996154646307,-1.0359935694353894,1.0359935694353894,1,1,1,1,0,1,1,1,0,0,1,1,0.13793103448275862,0.29310344827586204,0.5689655172413793,0.8275862068965517,29.0,0.86531081654598,30-day deficit threshold,0.9166666666666666,0.2883477187326148,10.413077160075236
2015-03-20,0.8,darwin,"Darwin, Australia",tropical savanna / monsoon,1,250.20000000000002,3,2015,0–2,394.08193548387095,143.27892247180256,-1.0042086651802329,1.0042086651802329,1,1,1,1,1,1,1,1,0,1,1,1,0.7495652173913043,0.8921739130434783,0.9617391304347827,0.9982608695652174,0.0,0.9839684236292072,30-day deficit threshold,0.7,0.17048176522312897,7.24490592145903
2015-03-21,0.0,london,"London, United Kingdom",temperate maritime,3,32.099999999999994,3,2015,3–5,43.66516129032258,22.75797034071517,-0.5081806996484183,0.5081806996484183,0,1,1,1,0,1,1,1,0,0,1,1,0.24299065420560748,0.4205607476635514,0.6635514018691588,0.8598130841121495,2.0,0.5081806996484183,random drought day,0.7777777777777778,0.0,2.909825342462762
2015-03-22,3.5,nairobi,"Nairobi, Kenya",subtropical highland / bimodal rainfall,0,4.800000000000001,3,2015,0–2,34.05548387096774,29.879996154646307,-0.9790993184722531,0.9790993184722531,1,1,1,1,1,1,1,1,1,1,1,1,0.42948717948717946,0.6538461538461539,0.8653846153846154,0.9711538461538461,32.0,1.03934029008028,high prospective hazard,0.8888888888888888,0.260569940954837,9.65227567001686
2015-03-25,0.7,london,"London, United Kingdom",temperate maritime,0,17.599999999999994,3,2015,0–2,43.66516129032258,22.75797034071517,-1.1453201186263382,1.1453201186263382,1,1,1,1,1,1,1,1,1,1,1,1,0.4197860962566845,0.6764705882352942,0.8181818181818182,0.9278074866310161,6.0,0.9695575202876018,30-day deficit threshold,0.9473684210526315,0.15600380583798268,6.831470602366646
2015-03-27,0.0,tokyo,"Tokyo, Japan",humid subtropical,7,126.60000000000007,3,2015,6–9,86.56790322580649,40.11320514013068,0.99797801333367,0.0,0,1,1,1,0,0,1,1,0,0,1,1,0.5757575757575758,0.8484848484848485,0.9696969696969697,1.0,6.0,0.0,dry-spell threshold,0.9130434782608695,0.029294062941185528,3.5858812588237106
2015-03-28,0.0,tucson,"Tucson, United States",hot semi-arid / monsoonal,7,16.3,3,2015,6–9,26.86919354838711,20.47341795216967,-0.5162398175565521,0.5162398175565521,0,0,0,0,0,0,0,0,0,0,0,0,0.12149532710280374,0.2336448598130841,0.411214953271028,0.5514018691588785,6.0,0.5162398175565521,dry-spell threshold,0.43859649122807015,0.017664728533257346,3.337744444122987
2015-03-29,0.0,cape_town,"Cape Town, South Africa",Mediterranean winter-rainfall,7,1.9999999999999982,3,2015,6–9,11.060483870967742,9.490236616741582,-0.9547163297260979,0.9547163297260979,0,0,0,0,0,0,0,0,0,0,0,0,0.06382978723404255,0.14893617021276595,0.3404255319148936,0.6595744680851063,6.0,0.9547163297260979,dry-spell threshold,0.671875,0.05311464925378484,4.118873139867864
2015-03-29,0.2,darwin,"Darwin, Australia",tropical savanna / monsoon,0,218.79999999999998,3,2015,0–2,394.08193548387095,143.27892247180256,-1.223361625422376,1.223361625422376,0,1,1,1,0,0,1,1,0,0,1,1,0.7495652173913043,0.8921739130434783,0.9617391304347827,0.9982608695652174,0.0,1.1417027198544436,random drought day,0.2,0.0,2.5432487072698615
2015-03-29,3.1,london,"London, United Kingdom",temperate maritime,2,19.499999999999993,3,2015,0–2,43.66516129032258,22.75797034071517,-1.0618328844154385,1.0618328844154385,0,1,1,1,0,1,1,1,0,0,0,0,0.4197860962566845,0.6764705882352942,0.8181818181818182,0.9278074866310161,1.0,0.8948584159936389,30-day deficit threshold,0.95,0.1586353847853511,6.920778165501378
2015-03-30,0.0,tokyo,"Tokyo, Japan",humid subtropical,10,106.30000000000005,3,2015,10–19,86.56790322580649,40.11320514013068,0.49191025013488315,0.0,0,1,1,1,0,1,1,1,0,1,1,1,0.38387096774193546,0.7338709677419355,0.9725806451612903,1.0,9.0,0.0,random drought day,0.9285714285714286,0.04482201325174462,3.8964402650348924
2015-03-31,1.1,london,"London, United Kingdom",temperate maritime,1,20.299999999999994,3,2015,0–2,43.66516129032258,22.75797034071517,-1.0266803647476912,1.0266803647476912,1,1,1,1,1,1,1,1,0,0,0,0,0.4197860962566845,0.6764705882352942,0.8181818181818182,0.9278074866310161,0.0,0.9256168707029175,30-day deficit threshold,0.9523809523809523,0.16101633716630348,6.9893730857649485
2015-03-31,0.0,tokyo,"Tokyo, Japan",humid subtropical,11,106.30000000000005,3,2015,10–19,86.56790322580649,40.11320514013068,0.49191025013488315,0.0,1,1,1,1,1,1,1,1,1,1,1,1,0.38387096774193546,0.7338709677419355,0.9725806451612903,1.0,10.0,0.0,random drought day,0.9302325581395349,0.04648314281985089,3.9296628563970177
2015-04-01,0.0,cape_town,"Cape Town, South Africa",Mediterranean winter-rainfall,10,1.9999999999999982,4,2015,10–19,24.096833333333333,28.520224613284682,-0.7747776755951866,0.7747776755951866,0,0,0,0,0,0,0,0,0,0,0,0,0.25510204081632654,0.5816326530612245,0.8367346938775511,0.9897959183673469,9.0,0.9547163297260979,high prospective hazard,0.8333333333333334,0.2145729825871182,8.352278110564942
2015-04-01,2.1,london,"London, United Kingdom",temperate maritime,0,20.099999999999994,4,2015,0–2,46.335166666666666,27.704570357072942,-0.9469616864124683,0.9469616864124683,1,1,1,1,1,1,1,1,0,0,0,0,0.4583333333333333,0.6861111111111111,0.8694444444444445,0.9583333333333334,1.0,1.0266803647476912,high prospective hazard,0.7560975609756098,0.0,2.7085385729505904
2015-04-01,0.6,nairobi,"Nairobi, Kenya",subtropical highland / bimodal rainfall,1,43.7,4,2015,0–2,73.29916666666666,43.25617656077162,-0.6842760738476757,0.6842760738476757,1,1,1,1,0,1,1,1,0,1,1,1,0.650390625,0.88671875,0.9765625,0.9921875,0.0,0.0,high prospective hazard,0.8947368421052632,0.2664178941712113,9.611348845668344
2015-04-01,6.8,tokyo,"Tokyo, Japan",humid subtropical,12,68.30000000000005,4,2015,10–19,116.1426666666667,43.41530714367366,-1.1019769250587492,1.1019769250587492,0,1,1,1,0,1,1,1,0,0,1,1,0.36333333333333334,0.7166666666666667,0.96,1.0,11.0,0.0,30-day deficit threshold,0.9230769230769231,0.039327507757239144,3.6832048494423044
2015-04-03,4.2,tokyo,"Tokyo, Japan",humid subtropical,1,62.30000000000006,4,2015,0–2,116.1426666666667,43.41530714367366,-1.2401770299237056,1.2401770299237056,1,1,1,1,1,1,1,1,0,1,1,1,0.33031674208144796,0.7036199095022625,0.9524886877828054,1.0,0.0,0.9453501395451317,30-day deficit threshold,0.9259259259259259,0.042176510606241946,3.6862432701358507
2015-04-09,0.0,tokyo,"Tokyo, Japan",humid subtropical,0,62.50000000000006,4,2015,0–2,116.1426666666667,43.41530714367366,-1.2355703597615406,1.2355703597615406,1,1,1,1,1,1,1,1,1,1,1,1,0.33031674208144796,0.7036199095022625,0.9524886877828054,1.0,0.0,0.8601267415450751,30-day deficit threshold,0.9285714285714286,0.04482201325174462,3.7612089823725903
2015-04-11,1.3,london,"London, United Kingdom",temperate maritime,7,28.09999999999999,4,2015,6–9,46.335166666666666,27.704570357072942,-0.6582006662309152,0.6582006662309152,1,1,1,1,0,0,0,1,0,0,0,1,0.32,0.46,0.6,0.88,6.0,0.6618101789831845,dry-spell threshold,0.7608695652173914,0.0,2.851745252863417
2015-04-11,1.3,london,"London, United Kingdom",temperate maritime,7,28.09999999999999,4,2015,6–9,46.335166666666666,27.704570357072942,-0.6582006662309152,0.6582006662309152,1,1,1,1,0,0,0,1,0,0,0,1,0.32,0.46,0.6,0.88,6.0,0.6618101789831845,random drought day,0.7837837837837838,0.0,2.851745252863417
2015-04-12,0.2,london,"London, United Kingdom",temperate maritime,0,29.39999999999999,4,2015,0–2,46.335166666666666,27.704570357072942,-0.6112770004514128,0.6112770004514128,0,0,0,1,0,0,0,1,0,0,0,1,0.4583333333333333,0.6861111111111111,0.8694444444444445,0.9583333333333334,7.0,0.6582006662309152,high prospective hazard,0.7619047619047619,0.0,2.8712553546186337
2015-04-12,0.6,tokyo,"Tokyo, Japan",humid subtropical,0,75.90000000000006,4,2015,0–2,116.1426666666667,43.41530714367366,-0.9269234588964705,0.9269234588964705,1,1,1,1,1,1,1,1,1,1,1,1,0.33031674208144796,0.7036199095022625,0.9524886877828054,1.0,0.0,0.9891135060857011,random drought day,0.9318181818181818,0.048068766498497784,3.995037809681752
2015-04-14,0.0,cape_town,"Cape Town, South Africa",Mediterranean winter-rainfall,23,1.6999999999999982,4,2015,20+,24.096833333333333,28.520224613284682,-0.7852965268338357,0.7852965268338357,0,0,0,0,0,0,0,0,0,0,0,0,0.11475409836065574,0.36065573770491804,0.6229508196721312,0.8688524590163934,22.0,0.7852965268338357,random drought day,0.5121951219512195,0.0,2.7932886088678783
2015-04-15,0.0,mumbai,"Mumbai, India",tropical monsoon,0,1.1000000000000285,4,2015,0–2,0.29383333333333367,0.8885350094362512,0.9072987086667339,0.0,0,0,0,0,0,0,0,0,0,0,0,0,0.0033333333333333335,0.006666666666666667,0.021666666666666667,0.06833333333333333,43.0,0.330694154099524,season-matched placebo,0.5454545454545454,0.21692685518915839,7.3385371037831675
2015-04-15,0.0,tokyo,"Tokyo, Japan",humid subtropical,0,116.10000000000005,4,2015,0–2,116.1426666666667,43.41530714367366,-0.0009827563012614782,0.0009827563012614782,0,1,1,1,0,1,1,1,0,1,1,1,0.33031674208144796,0.7036199095022625,0.9524886877828054,1.0,0.0,0.3395730132204053,season-matched placebo,0.8372093023255814,0.0,2.9999996523084596
2015-04-18,10.3,brasilia,"Brasília, Brazil",tropical savanna,0,238.8,4,2015,0–2,161.05316666666667,70.38656954224601,1.10456915060578,0.0,1,1,1,1,1,1,1,1,0,1,1,1,0.5721649484536082,0.7139175257731959,0.8195876288659794,0.865979381443299,0.0,0.0,season-matched placebo,0.7,0.08760569623147418,4.752113924629484
2015-04-19,0.0,london,"London, United Kingdom",temperate maritime,7,24.699999999999992,4,2015,6–9,46.335166666666666,27.704570357072942,-0.7809240998080753,0.7809240998080753,0,0,1,1,0,0,1,1,0,0,1,1,0.32,0.46,0.6,0.88,6.0,0.7809240998080753,dry-spell threshold,0.7446808510638298,0.0,2.795427553547361
2015-04-20,0.0,tucson,"Tucson, United States",hot semi-arid / monsoonal,30,0.20000000000000356,4,2015,20+,13.29966666666668,12.691907161700495,-1.0321275202986553,1.0321275202986553,0,0,1,1,0,0,1,1,0,0,1,1,0.05217391304347826,0.12608695652173912,0.2565217391304348,0.39565217391304347,29.0,0.7406031691621107,30-day deficit threshold,0.2727272727272727,0.0,2.6599648175001067
2015-04-22,0.0,mumbai,"Mumbai, India",tropical monsoon,7,1.1000000000000285,4,2015,6–9,0.29383333333333367,0.8885350094362512,0.9072987086667339,0.0,0,0,0,0,0,0,0,0,0,0,0,0,0.0033333333333333335,0.006666666666666667,0.021666666666666667,0.06833333333333333,6.0,0.0,dry-spell threshold,0.3333333333333333,0.004805643067946286,3.0961128613589257
2015-04-26,0.0,darwin,"Darwin, Australia",tropical savanna / monsoon,3,45.0,4,2015,3–5,181.1625,124.65235065823825,-1.0923380047065405,1.0923380047065405,0,0,0,0,0,0,0,0,0,0,0,0,0.15178571428571427,0.30357142857142855,0.5267857142857143,0.6428571428571429,2.0,0.780270083046139,30-day deficit threshold,0.7272727272727273,0.1977544924958563,7.973550286700363
2015-04-26,2.9,london,"London, United Kingdom",temperate maritime,0,20.899999999999995,4,2015,0–2,46.335166666666666,27.704570357072942,-0.918085584394313,0.918085584394313,1,1,1,1,0,1,1,1,0,0,1,1,0.4583333333333333,0.6861111111111111,0.8694444444444445,0.9583333333333334,13.0,0.892818995128427,high prospective hazard,0.7441860465116279,0.0,2.7244350131428146
2015-04-29,0.0,tokyo,"Tokyo, Japan",humid subtropical,7,114.10000000000005,4,2015,6–9,116.1426666666667,43.41530714367366,-0.047049457922913686,0.047049457922913686,0,0,1,1,0,0,0,1,0,0,0,1,0.4642857142857143,0.75,1.0,1.0,6.0,0.040139452679665594,dry-spell threshold,0.9148936170212766,0.0311442017015926,3.636571199955871
2015-04-30,0.0,darwin,"Darwin, Australia",tropical savanna / monsoon,7,29.900000000000002,4,2015,6–9,181.1625,124.65235065823825,-1.2134749100297297,1.2134749100297297,0,0,0,0,0,0,0,0,0,0,0,0,0.14606741573033707,0.3258426966292135,0.5280898876404494,0.6292134831460674,6.0,1.2134749100297297,dry-spell threshold,0.6111111111111112,0.08159287633424017,4.777729552698424
2015-05-01,0.0,cape_town,"Cape Town, South Africa",Mediterranean winter-rainfall,1,0.9999999999999982,5,2015,0–2,43.471774193548384,31.93177389758018,-1.330078758849252,1.330078758849252,1,1,1,1,0,0,1,1,0,0,0,0,0.2743682310469314,0.5234657039711191,0.776173285198556,0.9638989169675091,0.0,0.8098405130573503,30-day deficit threshold,0.75,0.13123964925378484,6.079704187329625
2015-05-01,0.0,london,"London, United Kingdom",temperate maritime,1,24.59999999999999,5,2015,0–2,48.14758064516129,20.32479749389796,-1.158564096504819,1.158564096504819,0,1,1,1,0,1,1,1,0,1,1,1,0.3729281767955801,0.6215469613259669,0.8756906077348067,0.9668508287292817,0.0,0.770095561551267,30-day deficit threshold,0.9545454545454546,0.16318083933080574,7.022964940146268
2015-05-01,0.0,london,"London, United Kingdom",temperate maritime,1,24.59999999999999,5,2015,0–2,48.14758064516129,20.32479749389796,-1.158564096504819,1.158564096504819,0,1,1,1,0,1,1,1,0,1,1,1,0.3729281767955801,0.6215469613259669,0.8756906077348067,0.9668508287292817,0.0,0.770095561551267,random drought day,0.7631578947368421,0.0,2.5838179966945716
2015-05-02,0.3,brasilia,"Brasília, Brazil",tropical savanna,0,211.3,5,2015,0–2,47.016935483870974,41.55680838789718,3.953216594082189,0.0,1,1,1,1,0,1,1,1,0,1,1,1,0.2482758620689655,0.33793103448275863,0.36551724137931035,0.5310344827586206,0.0,0.0,season-matched placebo,0.7142857142857143,0.10189141051718853,5.03782821034377
2015-05-02,0.0,tucson,"Tucson, United States",hot semi-arid / monsoonal,5,9.400000000000004,5,2015,3–5,3.128064516129042,4.821333126196855,1.3008716302535115,0.0,1,1,1,1,0,0,0,1,0,0,0,1,0.0,0.0,0.11538461538461539,0.34615384615384615,4.0,0.0,random drought day,0.4,0.0,3.0
2015-05-04,7.0,london,"London, United Kingdom",temperate maritime,0,22.299999999999994,5,2015,0–2,48.14758064516129,20.32479749389796,-1.2717263555969707,1.2717263555969707,1,1,1,1,1,1,1,1,0,0,0,1,0.3729281767955801,0.6215469613259669,0.8756906077348067,0.9668508287292817,3.0,1.3602881235821331,high prospective hazard,0.75,0.0,2.512405944782771
2015-05-04,0.0,tucson,"Tucson, United States",hot semi-arid / monsoonal,7,9.600000000000003,5,2015,6–9,3.128064516129042,4.821333126196855,1.3423539329206502,0.0,0,0,0,1,0,0,0,1,0,0,0,1,0.02857142857142857,0.08571428571428572,0.22857142857142856,0.3142857142857143,6.0,0.0,dry-spell threshold,0.43103448275862066,0.010102720063807857,3.202054401276157
2015-05-05,9.0,brasilia,"Brasília, Brazil",tropical savanna,0,185.3,5,2015,0–2,47.016935483870974,41.55680838789718,3.327567007200726,0.0,1,1,1,1,1,1,1,1,0,1,1,1,0.2482758620689655,0.33793103448275863,0.36551724137931035,0.5310344827586206,2.0,0.0,season-matched placebo,0.7272727272727273,0.11487842350420152,5.29756847008403
2015-05-06,4.7,brasilia,"Brasília, Brazil",tropical savanna,0,186.10000000000002,5,2015,0–2,47.016935483870974,41.55680838789718,3.3468177637201557,0.0,1,1,1,1,0,1,1,1,0,1,1,1,0.2482758620689655,0.33793103448275863,0.36551724137931035,0.5310344827586206,0.0,0.0,season-matched placebo,0.7391304347826086,0.12673613101408288,5.5347226202816575
2015-05-08,0.0,tokyo,"Tokyo, Japan",humid subtropical,16,83.70000000000005,5,2015,10–19,112.75661290322584,46.35753486316777,-0.626793745374757,0.626793745374757,1,1,1,1,0,0,1,1,0,0,1,1,0.38548387096774195,0.7274193548387097,0.9774193548387097,1.0,15.0,0.45637916178401566,high prospective hazard,0.8666666666666667,0.0,2.8649342561963023
2015-05-08,0.0,tucson,"Tucson, United States",hot semi-arid / monsoonal,11,9.600000000000003,5,2015,10–19,3.128064516129042,4.821333126196855,1.3423539329206502,0.0,0,0,1,1,0,0,0,1,0,0,0,1,0.03488372093023256,0.08139534883720931,0.13953488372093023,0.2441860465116279,10.0,0.0,random drought day,0.3870967741935484,0.0,3.0
2015-05-11,0.0,tokyo,"Tokyo, Japan",humid subtropical,19,65.20000000000006,5,2015,10–19,112.75661290322584,46.35753486316777,-1.025865871504973,1.025865871504973,1,1,1,1,1,1,1,1,1,1,1,1,0.38548387096774195,0.7274193548387097,0.9774193548387097,1.0,18.0,0.7195510503671853,30-day deficit threshold,0.9310344827586207,0.04728506743893668,3.933969239440078
2015-05-13,1.9,cape_town,"Cape Town, South Africa",Mediterranean winter-rainfall,7,2.4999999999999982,5,2015,6–9,43.471774193548384,31.93177389758018,-1.2831036047343822,1.2831036047343822,1,1,1,1,0,1,1,1,0,0,0,0,0.17307692307692307,0.40384615384615385,0.7403846153846154,0.9423076923076923,6.0,1.2831036047343822,dry-spell threshold,0.6615384615384615,0.04277811079224636,3.6778451155976466
2015-05-14,0.0,tokyo,"Tokyo, Japan",humid subtropical,1,57.90000000000006,5,2015,0–2,112.75661290322584,46.35753486316777,-1.183337575329329,1.183337575329329,1,1,1,1,1,1,1,1,1,1,1,1,0.34831460674157305,0.6921348314606741,0.9707865168539326,1.0,0.0,0.6375794785134111,30-day deficit threshold,0.9333333333333333,0.049583918013649364,3.9197672194215283
2015-05-17,0.0,tucson,"Tucson, United States",hot semi-arid / monsoonal,0,22.000000000000004,5,2015,0–2,3.128064516129042,4.821333126196855,3.9142566982832507,0.0,0,0,0,0,0,0,0,0,0,0,0,0,0.10526315789473684,0.23684210526315788,0.2631578947368421,0.42105263157894735,19.0,0.0,season-matched placebo,0.2692307692307692,0.0,3.0
2015-05-18,0.0,tucson,"Tucson, United States",hot semi-arid / monsoonal,1,22.000000000000004,5,2015,0–2,3.128064516129042,4.821333126196855,3.9142566982832507,0.0,0,0,0,0,0,0,0,0,0,0,0,0,0.10526315789473684,0.23684210526315788,0.2631578947368421,0.42105263157894735,0.0,0.0,season-matched placebo,0.2641509433962264,0.0,3.0
2015-05-22,0.0,brasilia,"Brasília, Brazil",tropical savanna,7,100.90000000000002,5,2015,6–9,47.016935483870974,41.55680838789718,1.296612194400899,0.0,0,0,1,1,0,0,0,0,0,0,0,0,0.06666666666666667,0.16666666666666666,0.32222222222222224,0.6,6.0,0.0,dry-spell threshold,0.4074074074074074,0.0,3.0
2015-05-24,0.0,brasilia,"Brasília, Brazil",tropical savanna,9,87.30000000000001,5,2015,6–9,47.016935483870974,41.55680838789718,0.9693493335705949,0.0,0,0,1,1,0,0,0,0,0,0,0,0,0.06666666666666667,0.16666666666666666,0.32222222222222224,0.6,8.0,0.0,random drought day,0.5652173913043478,0.0,3.0
2015-05-24,0.0,tucson,"Tucson, United States",hot semi-arid / monsoonal,7,22.000000000000004,5,2015,6–9,3.128064516129042,4.821333126196855,3.9142566982832507,0.0,0,0,0,1,0,0,0,0,0,0,0,0,0.02857142857142857,0.08571428571428572,0.22857142857142856,0.3142857142857143,6.0,0.0,dry-spell threshold,0.423728813559322,0.0027970508645092096,3.055941017290184
2015-05-27,0.0,cape_town,"Cape Town, South Africa",Mediterranean winter-rainfall,0,10.299999999999999,5,2015,0–2,43.471774193548384,31.93177389758018,-1.0388328033370604,1.0388328033370604,1,1,1,1,0,1,1,1,0,1,1,1,0.2743682310469314,0.5234657039711191,0.776173285198556,0.9638989169675091,6.0,1.0889396343929214,random drought day,0.5,0.0,2.6560405421099498
2015-05-28,0.0,tokyo,"Tokyo, Japan",humid subtropical,7,62.50000000000006,5,2015,6–9,112.75661290322584,46.35753486316777,-1.0841088304537077,1.0841088304537077,1,1,1,1,1,1,1,1,1,1,1,1,0.6060606060606061,0.8484848484848485,1.0,1.0,6.0,1.0862659770814382,dry-spell threshold,0.8958333333333334,0.012083918013649386,2.955808612183778
2015-05-29,9.7,tokyo,"Tokyo, Japan",humid subtropical,8,62.50000000000006,5,2015,6–9,112.75661290322584,46.35753486316777,-1.0841088304537077,1.0841088304537077,0,0,1,1,0,0,1,1,0,0,1,1,0.6060606060606061,0.8484848484848485,1.0,1.0,7.0,1.0841088304537077,random drought day,0.9333333333333333,0.049583918013649364,3.9693978326684793
2015-05-31,0.0,brasilia,"Brasília, Brazil",tropical savanna,16,38.80000000000001,5,2015,10–19,47.016935483870974,41.55680838789718,-0.1977277804198271,0.1977277804198271,0,0,0,0,0,0,0,0,0,0,0,0,0.06914893617021277,0.20212765957446807,0.4095744680851064,0.5531914893617021,15.0,0.09425496412789268,random drought day,0.5416666666666666,0.0,2.985991064609201
2015-06-01,1.1,cape_town,"Cape Town, South Africa",Mediterranean winter-rainfall,0,19.9,6,2015,0–2,74.97083333333333,32.39451662165692,-1.7000047871224129,1.7000047871224129,1,1,1,1,1,1,1,1,1,1,1,1,0.3342776203966006,0.5524079320113314,0.8753541076487252,0.9716713881019831,0.0,0.7945620019397382,30-day deficit threshold,0.7647058823529411,0.14594553160672596,6.236990996635947
2015-06-01,1.1,cape_town,"Cape Town, South Africa",Mediterranean winter-rainfall,0,19.9,6,2015,0–2,74.97083333333333,32.39451662165692,-1.7000047871224129,1.7000047871224129,1,1,1,1,1,1,1,1,1,1,1,1,0.3342776203966006,0.5524079320113314,0.8753541076487252,0.9716713881019831,0.0,0.7945620019397382,high prospective hazard,0.7692307692307693,0.1504704184845541,6.361301056255403
2015-06-01,0.0,darwin,"Darwin, Australia",tropical savanna / monsoon,1,5.1,6,2015,0–2,9.110999999999999,21.38688875653665,-0.18754481054539007,0.18754481054539007,0,0,0,1,0,0,0,0,0,0,0,0,0.045454545454545456,0.045454545454545456,0.045454545454545456,0.045454545454545456,0.0,0.6049907641283874,season-matched placebo,0.7,0.17048176522312897,6.701081307125752
2015-06-01,0.0,mumbai,"Mumbai, India",tropical monsoon,47,0.40000000000002844,6,2015,20+,177.036,162.86130462730597,-1.084579301413655,1.084579301413655,0,0,1,1,0,0,1,1,0,0,1,1,0.26666666666666666,0.5333333333333333,0.8666666666666667,1.0,46.0,0.303450690296636,30-day deficit threshold,0.8,0.471472309734613,15.372932937622663
2015-06-01,0.0,mumbai,"Mumbai, India",tropical monsoon,47,0.40000000000002844,6,2015,20+,177.036,162.86130462730597,-1.084579301413655,1.084579301413655,0,0,1,1,0,0,1,1,0,0,1,1,0.26666666666666666,0.5333333333333333,0.8666666666666667,1.0,46.0,0.303450690296636,high prospective hazard,0.8333333333333334,0.5048056430679464,16.27394189239553
2015-06-01,0.0,tokyo,"Tokyo, Japan",humid subtropical,2,72.20000000000006,6,2015,0–2,141.02533333333335,50.96106823528811,-1.3505473043768543,1.3505473043768543,1,1,1,1,1,1,1,1,0,1,1,1,0.4896694214876033,0.8078512396694215,0.9772727272727273,1.0,1.0,0.8748656075638102,30-day deficit threshold,0.9354838709677419,0.0517344556480579,3.8833992282835625
2015-06-06,0.0,london,"London, United Kingdom",temperate maritime,0,38.99999999999999,6,2015,0–2,54.81133333333334,25.599446432523536,-0.6176435640907216,0.6176435640907216,0,0,1,1,0,0,1,1,0,0,1,1,0.3937677053824363,0.6685552407932012,0.8583569405099151,0.9773371104815864,3.0,0.5317042057612796,high prospective hazard,0.7555555555555555,0.0,2.8686775948151952
2015-06-07,0.0,darwin,"Darwin, Australia",tropical savanna / monsoon,7,5.1,6,2015,6–9,9.110999999999999,21.38688875653665,-0.18754481054539007,0.18754481054539007,0,0,1,1,0,0,0,0,0,0,0,0,0.0,0.0,0.0,0.03125,6.0,0.18754481054539007,dry-spell threshold,0.5789473684210527,0.049429133644181666,4.064130700343387
2015-06-10,0.0,london,"London, United Kingdom",temperate maritime,4,35.699999999999996,6,2015,3–5,54.81133333333334,25.599446432523536,-0.7465526015848847,0.7465526015848847,0,1,1,1,0,1,1,1,0,1,1,1,0.23931623931623933,0.452991452991453,0.8290598290598291,0.9316239316239316,3.0,0.7465526015848847,random drought day,0.7692307692307693,0.0,2.8119352550569743
2015-06-11,0.0,cape_town,"Cape Town, South Africa",Mediterranean winter-rainfall,7,43.199999999999996,6,2015,6–9,74.97083333333333,32.39451662165692,-0.9807472574569417,0.9807472574569417,0,0,1,1,0,0,1,1,0,0,1,1,0.44594594594594594,0.6891891891891891,0.8378378378378378,0.9864864864864865,6.0,0.996181968393969,dry-spell threshold,0.6666666666666666,0.04790631592045147,3.9697611892153675
2015-06-13,0.0,cape_town,"Cape Town, South Africa",Mediterranean winter-rainfall,9,41.3,6,2015,6–9,74.97083333333333,32.39451662165692,-1.0393991590176452,1.0393991590176452,0,1,1,1,0,1,1,1,0,1,1,1,0.44594594594594594,0.6891891891891891,0.8378378378378378,0.9864864864864865,8.0,0.9807472574569417,30-day deficit threshold,0.7777777777777778,0.15901742703156263,6.934209095301626
2015-06-13,1.8,london,"London, United Kingdom",temperate maritime,0,41.99999999999999,6,2015,0–2,54.81133333333334,25.599446432523536,-0.5004535300051186,0.5004535300051186,0,0,1,1,0,0,1,1,0,0,0,1,0.3937677053824363,0.6685552407932012,0.8583569405099151,0.9773371104815864,6.0,0.7465526015848847,high prospective hazard,0.7608695652173914,0.0,2.912467399174565
2015-06-17,0.0,tucson,"Tucson, United States",hot semi-arid / monsoonal,7,5.300000000000003,6,2015,6–9,2.467166666666676,3.3015611179028084,0.8580284393259324,0.0,0,0,0,1,0,0,0,1,0,0,0,0,0.023809523809523808,0.11904761904761904,0.19047619047619047,0.2619047619047619,6.0,0.0,dry-spell threshold,0.4166666666666667,0.0,3.0
2015-06-18,0.0,darwin,"Darwin, Australia",tropical savanna / monsoon,18,5.5,6,2015,10–19,9.110999999999999,21.38688875653665,-0.16884176287195302,0.16884176287195302,0,0,0,1,0,0,0,0,0,0,0,0,0.0,0.0,0.036036036036036036,0.09009009009009009,17.0,0.16884176287195302,random drought day,0.23809523809523808,0.0,2.9897722733599528
2015-06-18,0.6,london,"London, United Kingdom",temperate maritime,4,27.199999999999992,6,2015,3–5,54.81133333333334,25.599446432523536,-1.0785910314940932,1.0785910314940932,0,1,1,1,0,1,1,1,0,0,1,1,0.23931623931623933,0.452991452991453,0.8290598290598291,0.9316239316239316,3.0,0.9028059803656888,30-day deficit threshold,0.9565217391304348,0.16515712391578596,7.094147844888542
2015-06-21,0.2,london,"London, United Kingdom",temperate maritime,0,28.699999999999992,6,2015,0–2,54.81133333333334,25.599446432523536,-1.0199960144512918,1.0199960144512918,1,1,1,1,1,1,1,1,1,1,1,1,0.3937677053824363,0.6685552407932012,0.8583569405099151,0.9773371104815864,6.0,1.1567177208844952,high prospective hazard,0.7659574468085106,0.0,2.6670293249531896
2015-06-22,0.0,nairobi,"Nairobi, Kenya",subtropical highland / bimodal rainfall,2,116.2,6,2015,0–2,54.527166666666666,41.728924227297085,1.4779396899235158,0.0,0,1,1,1,0,0,0,1,0,0,0,0,0.3273381294964029,0.5359712230215827,0.7086330935251799,0.8237410071942446,1.0,0.0,season-matched placebo,0.4791666666666667,0.0,3.0
2015-06-22,0.0,tucson,"Tucson, United States",hot semi-arid / monsoonal,12,5.300000000000003,6,2015,10–19,2.467166666666676,3.3015611179028084,0.8580284393259324,0.0,0,0,1,1,0,0,1,1,0,0,0,0,0.010526315789473684,0.031578947368421054,0.12631578947368421,0.3157894736842105,11.0,0.0,random drought day,0.375,0.0,3.0
2015-06-24,0.0,brasilia,"Brasília, Brazil",tropical savanna,40,0.8000000000000143,6,2015,20+,11.994000000000007,16.887734897946057,-0.6628479229243138,0.6628479229243138,1,1,1,1,0,0,0,0,0,0,0,0,0.008264462809917356,0.02203856749311295,0.04132231404958678,0.07988980716253444,39.0,0.6628479229243138,random drought day,0.52,0.0,2.849749563844586
2015-06-26,0.0,cape_town,"Cape Town, South Africa",Mediterranean winter-rainfall,1,83.3,6,2015,0–2,74.97083333333333,32.39451662165692,0.257116559692646,0.0,0,1,1,1,0,1,1,1,0,0,0,0,0.3342776203966006,0.5524079320113314,0.8753541076487252,0.9716713881019831,0.0,0.0,season-matched placebo,0.6029411764705882,0.0,3.0
2015-06-27,0.0,london,"London, United Kingdom",temperate maritime,0,32.89999999999999,6,2015,0–2,54.81133333333334,25.599446432523536,-0.8559299667314476,0.8559299667314476,1,1,1,1,1,1,1,1,0,0,1,1,0.3937677053824363,0.6685552407932012,0.8583569405099151,0.9773371104815864,3.0,0.8598363012009678,high prospective hazard,0.7708333333333334,0.0,2.757571080879992
2015-06-27,0.0,nairobi,"Nairobi, Kenya",subtropical highland / bimodal rainfall,7,113.69999999999999,6,2015,6–9,54.527166666666666,41.728924227297085,1.418029207055984,0.0,0,1,1,1,0,0,1,1,0,0,0,0,0.2,0.30526315789473685,0.5157894736842106,0.7263157894736842,6.0,0.0,dry-spell threshold,0.6530612244897959,0.024742276555744014,3.4948455311148803
2015-06-29,0.0,london,"London, United Kingdom",temperate maritime,0,28.699999999999992,6,2015,0–2,54.81133333333334,25.599446432523536,-1.0199960144512918,1.0199960144512918,0,1,1,1,0,0,1,1,0,0,1,1,0.3937677053824363,0.6685552407932012,0.8583569405099151,0.9773371104815864,1.0,0.8598363012009678,30-day deficit threshold,0.9583333333333334,0.16696871811868452,7.149815449159896
2015-06-30,0.0,darwin,"Darwin, Australia",tropical savanna / monsoon,30,1.3,6,2015,20+,9.110999999999999,21.38688875653665,-0.36522376344304214,0.36522376344304214,1,1,1,1,0,0,0,0,0,0,0,0,0.014527845036319613,0.04116222760290557,0.09443099273607748,0.14769975786924938,29.0,0.2109236201371864,random drought day,0.22727272727272727,0.0,2.952736702010801
2015-06-30,2.6,tucson,"Tucson, United States",hot semi-arid / monsoonal,1,7.700000000000004,6,2015,0–2,2.467166666666676,3.3015611179028084,1.5849572812564765,0.0,1,1,1,1,1,1,1,1,0,0,0,0,0.11904761904761904,0.23809523809523808,0.30952380952380953,0.5476190476190477,0.0,0.0,season-matched placebo,0.25925925925925924,0.0,3.0
2015-07-01,0.0,london,"London, United Kingdom",temperate maritime,2,26.999999999999993,7,2015,0–2,53.25306451612904,23.654472339833752,-1.1098562732223498,1.1098562732223498,1,1,1,1,0,1,1,1,0,1,1,1,0.380352644836272,0.6926952141057935,0.8589420654911839,0.9748110831234257,1.0,1.0199960144512918,random drought day,0.775,0.0,2.613664538316137
2015-07-04,0.0,cape_town,"Cape Town, South Africa",Mediterranean winter-rainfall,4,50.79999999999999,7,2015,3–5,86.68548387096774,47.99031891727379,-0.7477650634668114,0.7477650634668114,0,0,1,1,0,0,1,1,0,0,1,1,0.20270270270270271,0.5472972972972973,0.7905405405405406,0.9527027027027027,3.0,0.3997782116022167,high prospective hazard,0.7857142857142857,0.16695393496807054,7.110405686357674
2015-07-04,2.2,london,"London, United Kingdom",temperate maritime,0,30.599999999999994,7,2015,0–2,53.25306451612904,23.654472339833752,-0.9576651802112552,0.9576651802112552,1,1,1,1,1,1,1,1,0,0,0,0,0.380352644836272,0.6926952141057935,0.8589420654911839,0.9748110831234257,4.0,1.2282271233420898,high prospective hazard,0.7755102040816326,0.0,2.7025694935717284
2015-07-05,0.0,nairobi,"Nairobi, Kenya",subtropical highland / bimodal rainfall,1,72.0,7,2015,0–2,21.771290322580644,22.31910042743049,2.2504809206238243,0.0,1,1,1,1,1,1,1,1,0,0,0,0,0.19117647058823528,0.2647058823529412,0.4852941176470588,0.6838235294117647,0.0,0.0,season-matched placebo,0.46938775510204084,0.0,3.0
2015-07-06,0.4,tucson,"Tucson, United States",hot semi-arid / monsoonal,0,14.500000000000004,7,2015,0–2,14.544838709677434,14.835603895577684,-0.003022371720964859,0.003022371720964859,0,1,1,1,0,0,0,1,0,0,0,0,0.32677165354330706,0.5433070866141733,0.7677165354330708,0.9212598425196851,3.0,0.029984536713738463,season-matched placebo,0.2727272727272727,0.0,2.9999967115005095
2015-07-07,0.0,cape_town,"Cape Town, South Africa",Mediterranean winter-rainfall,7,50.8,7,2015,6–9,86.68548387096774,47.99031891727379,-0.7477650634668113,0.7477650634668113,1,1,1,1,0,0,1,1,0,0,1,1,0.37362637362637363,0.5494505494505495,0.7472527472527473,0.978021978021978,6.0,0.7477650634668113,dry-spell threshold,0.6716417910447762,0.05288144029856101,4.173052938461318
2015-07-08,0.0,nairobi,"Nairobi, Kenya",subtropical highland / bimodal rainfall,1,29.8,7,2015,0–2,21.771290322580644,22.31910042743049,0.3597237130378229,0.0,0,0,0,1,0,0,0,1,0,0,0,0,0.19117647058823528,0.2647058823529412,0.4852941176470588,0.6838235294117647,0.0,0.0,season-matched placebo,0.48,0.0,3.0
2015-07-10,0.0,cape_town,"Cape Town, South Africa",Mediterranean winter-rainfall,10,50.89999999999999,7,2015,10–19,86.68548387096774,47.99031891727379,-0.7456813098628318,0.7456813098628318,1,1,1,1,1,1,1,1,1,1,1,1,0.21739130434782608,0.5,0.8695652173913043,1.0,9.0,0.7456813098628315,high prospective hazard,0.8,0.18123964925378488,7.477338694109337
2015-07-13,1.2,london,"London, United Kingdom",temperate maritime,0,32.49999999999999,7,2015,0–2,53.25306451612904,23.654472339833752,-0.8773421033442887,0.8773421033442887,1,1,1,1,1,1,1,1,0,0,0,1,0.380352644836272,0.6926952141057935,0.8589420654911839,0.9748110831234257,4.0,0.6701931156347436,high prospective hazard,0.78,0.0,2.7463285021942223
2015-07-13,0.4,tucson,"Tucson, United States",hot semi-arid / monsoonal,7,11.100000000000005,7,2015,6–9,14.544838709677434,14.835603895577684,-0.2322007741595402,0.2322007741595402,1,1,1,1,0,1,1,1,0,0,0,0,0.23076923076923078,0.49230769230769234,0.6461538461538462,0.9076923076923077,6.0,0.2524223979041206,dry-spell threshold,0.4098360655737705,0.0,2.9807145860342104
2015-07-14,0.0,nairobi,"Nairobi, Kenya",subtropical highland / bimodal rainfall,7,22.5,7,2015,6–9,21.771290322580644,22.31910042743049,0.03264959892934403,0.0,0,0,1,1,0,0,1,1,0,0,0,1,0.06976744186046512,0.20930232558139536,0.37209302325581395,0.627906976744186,6.0,0.0,dry-spell threshold,0.66,0.03168105206594818,3.6336210413189636
2015-07-17,6.0,mumbai,"Mumbai, India",tropical monsoon,0,451.7,7,2015,0–2,554.1132258064516,175.14388136213014,-0.5847376740195708,0.5847376740195708,1,1,1,1,1,1,1,1,1,1,1,1,1.0,1.0,1.0,1.0,0.0,0.43343350173616535,high prospective hazard,0.8461538461538461,0.5176261558884592,15.733720897669844
2015-07-17,0.2,tucson,"Tucson, United States",hot semi-arid / monsoonal,0,13.000000000000005,7,2015,0–2,14.544838709677434,14.835603895577684,-0.10413049044386567,0.10413049044386567,1,1,1,1,0,1,1,1,0,0,0,0,0.32677165354330706,0.5433070866141733,0.7677165354330708,0.9212598425196851,10.0,0.178276444173993,season-matched placebo,0.26785714285714285,0.0,2.9961015353462415
2015-07-19,0.0,brasilia,"Brasília, Brazil",tropical savanna,65,1.2000000000000144,7,2015,20+,1.7846774193548427,6.066529967027798,-0.09637757046163276,0.09637757046163276,0,0,0,0,0,0,0,0,0,0,0,0,0.005357142857142857,0.0125,0.02142857142857143,0.033928571428571426,64.0,0.06340979463475642,random drought day,0.5,0.0,2.9966598141008425
2015-07-21,20.2,mumbai,"Mumbai, India",tropical monsoon,0,336.6,7,2015,0–2,554.1132258064516,175.14388136213014,-1.2419116449561716,1.2419116449561716,1,1,1,1,1,1,1,1,1,1,1,1,1.0,1.0,1.0,1.0,0.0,0.9889767456295735,30-day deficit threshold,0.8125,0.48397230973461297,15.771031044616173
2015-07-23,16.9,cape_town,"Cape Town, South Africa",Mediterranean winter-rainfall,0,90.0,7,2015,0–2,86.68548387096774,47.99031891727379,0.06906634929319502,0.0,1,1,1,1,1,1,1,1,1,1,1,1,0.32732732732732733,0.5495495495495496,0.8408408408408409,0.9669669669669669,0.0,0.0059487804500710315,season-matched placebo,0.6086956521739131,0.0,3.0
2015-07-27,5.6,nairobi,"Nairobi, Kenya",subtropical highland / bimodal rainfall,7,7.699999999999999,7,2015,6–9,21.771290322580644,22.31910042743049,-0.6304595639207228,0.6304595639207228,1,1,1,1,1,1,1,1,0,0,1,1,0.06976744186046512,0.20930232558139536,0.37209302325581395,0.627906976744186,6.0,0.6394204985538318,dry-spell threshold,0.6666666666666666,0.03834771873261478,3.826220059984217
2015-07-27,0.0,tucson,"Tucson, United States",hot semi-arid / monsoonal,7,18.400000000000006,7,2015,6–9,14.544838709677434,14.835603895577684,0.2598587369585777,0.0,0,1,1,1,0,0,1,1,0,0,0,0,0.23076923076923078,0.49230769230769234,0.6461538461538462,0.9076923076923077,6.0,0.0,dry-spell threshold,0.41935483870967744,0.0,3.0
2015-08-01,6.5,nairobi,"Nairobi, Kenya",subtropical highland / bimodal rainfall,1,14.7,8,2015,0–2,15.798225806451612,13.574939376533305,-0.08090097318225162,0.08090097318225162,1,1,1,1,0,0,1,1,0,0,0,0,0.19078947368421054,0.34868421052631576,0.4473684210526316,0.625,0.0,0.30338544981224386,season-matched placebo,0.47058823529411764,0.0,2.997645660802552
2015-08-01,0.0,tokyo,"Tokyo, Japan",humid subtropical,7,232.70000000000007,8,2015,6–9,104.671935483871,67.34377615546884,1.9011120525906562,0.0,0,0,1,1,0,0,0,1,0,0,0,1,0.37142857142857144,0.6428571428571429,0.7714285714285715,0.9428571428571428,6.0,0.0,dry-spell threshold,0.8979591836734694,0.014209768353785401,3.284195367075708
2015-08-01,0.3,tucson,"Tucson, United States",hot semi-arid / monsoonal,0,12.400000000000002,8,2015,0–2,33.28145161290324,19.113990033841972,-1.0924695249883418,1.0924695249883418,1,1,1,1,1,1,1,1,0,0,0,0,0.28823529411764703,0.5647058823529412,0.7941176470588235,0.9470588235294117,11.0,0.01650345421735172,30-day deficit threshold,0.3333333333333333,0.0,2.6241696743550094
2015-08-01,0.3,tucson,"Tucson, United States",hot semi-arid / monsoonal,0,12.400000000000002,8,2015,0–2,33.28145161290324,19.113990033841972,-1.0924695249883418,1.0924695249883418,1,1,1,1,1,1,1,1,0,0,0,0,0.28823529411764703,0.5647058823529412,0.7941176470588235,0.9470588235294117,11.0,0.01650345421735172,high prospective hazard,0.47368421052631576,0.05275244783150296,4.051152357439773
2015-08-03,0.1,london,"London, United Kingdom",temperate maritime,7,67.3,8,2015,6–9,55.292419354838714,24.80198980927015,0.4841377944874912,0.0,0,1,1,1,0,0,1,1,0,0,0,1,0.19696969696969696,0.45454545454545453,0.7121212121212122,0.8636363636363636,6.0,0.0,dry-spell threshold,0.75,0.0,3.0
2015-08-12,0.3,cape_town,"Cape Town, South Africa",Mediterranean winter-rainfall,7,98.39999999999999,8,2015,6–9,74.69370967741935,33.4152617533005,0.7094449984441352,0.0,1,1,1,1,1,1,1,1,0,0,0,0,0.1951219512195122,0.47560975609756095,0.8048780487804879,0.9878048780487805,6.0,0.0,dry-spell threshold,0.6764705882352942,0.057710237489079,4.15420474978158
2015-08-14,0.0,cape_town,"Cape Town, South Africa",Mediterranean winter-rainfall,0,103.49999999999999,8,2015,0–2,74.69370967741935,33.4152617533005,0.862069869009342,0.0,1,1,1,1,0,0,0,1,0,0,0,0,0.2782608695652174,0.5681159420289855,0.8173913043478261,0.9536231884057971,8.0,0.0,season-matched placebo,0.6142857142857143,0.0,3.0
2015-08-15,0.3,cape_town,"Cape Town, South Africa",Mediterranean winter-rainfall,1,103.49999999999999,8,2015,0–2,74.69370967741935,33.4152617533005,0.862069869009342,0.0,1,1,1,1,0,0,0,1,0,0,0,0,0.2782608695652174,0.5681159420289855,0.8173913043478261,0.9536231884057971,0.0,0.0,season-matched placebo,0.6056338028169014,0.0,3.0
2015-08-15,0.3,tokyo,"Tokyo, Japan",humid subtropical,0,65.20000000000006,8,2015,0–2,104.671935483871,67.34377615546884,-0.5861259605155881,0.5861259605155881,1,1,1,1,1,1,1,1,0,1,1,1,0.36220472440944884,0.6299212598425197,0.8976377952755905,0.973753280839895,0.0,0.27577805320860016,random drought day,0.9347826086956522,0.05103319337596823,4.1487494817742725
2015-08-16,0.1,cape_town,"Cape Town, South Africa",Mediterranean winter-rainfall,2,102.8,8,2015,0–2,74.69370967741935,33.4152617533005,0.8411213573631374,0.0,0,0,0,1,0,0,0,1,0,0,0,1,0.2782608695652174,0.5681159420289855,0.8173913043478261,0.9536231884057971,1.0,0.0,season-matched placebo,0.5972222222222222,0.0,3.0
2015-08-16,0.0,nairobi,"Nairobi, Kenya",subtropical highland / bimodal rainfall,7,21.799999999999997,8,2015,6–9,15.798225806451612,13.574939376533305,0.442121620367861,0.0,0,0,1,1,0,0,0,0,0,0,0,0,0.07692307692307693,0.19230769230769232,0.4230769230769231,0.7019230769230769,6.0,0.0,dry-spell threshold,0.6730769230769231,0.044757975142871276,3.8951595028574255
2015-08-16,0.0,tucson,"Tucson, United States",hot semi-arid / monsoonal,7,13.200000000000003,8,2015,6–9,33.28145161290324,19.113990033841972,-1.0506153648373961,1.0506153648373961,0,0,1,1,0,0,1,1,0,0,0,1,0.21686746987951808,0.46987951807228917,0.7831325301204819,0.9397590361445783,6.0,0.9930658946298458,30-day deficit threshold,0.38461538461538464,0.0,2.6491116106578816
2015-08-16,0.0,tucson,"Tucson, United States",hot semi-arid / monsoonal,7,13.200000000000003,8,2015,6–9,33.28145161290324,19.113990033841972,-1.0506153648373961,1.0506153648373961,0,0,1,1,0,0,1,1,0,0,0,1,0.21686746987951808,0.46987951807228917,0.7831325301204819,0.9397590361445783,6.0,0.9930658946298458,dry-spell threshold,0.42857142857142855,0.007639665876615742,2.854909454190518
2015-08-19,0.0,darwin,"Darwin, Australia",tropical savanna / monsoon,80,0.0,8,2015,20+,1.365483870967742,1.935645294395855,-0.7054411647222435,0.7054411647222435,1,1,1,1,0,0,0,1,0,0,0,0,0.02575107296137339,0.07510729613733906,0.18240343347639484,0.351931330472103,79.0,0.7054411647222435,random drought day,0.21739130434782608,0.0,2.8309427023666105
2015-08-21,0.0,cape_town,"Cape Town, South Africa",Mediterranean winter-rainfall,7,62.19999999999999,8,2015,6–9,74.69370967741935,33.4152617533005,-0.37389231811674584,0.37389231811674584,0,1,1,1,0,0,1,1,0,0,0,1,0.1951219512195122,0.47560975609756095,0.8048780487804879,0.9878048780487805,6.0,0.29608356057369933,dry-spell threshold,0.6811594202898551,0.06239906954363994,4.407351389749831
2015-08-22,0.0,tokyo,"Tokyo, Japan",humid subtropical,1,63.00000000000006,8,2015,0–2,104.671935483871,67.34377615546884,-0.6187941612847448,0.6187941612847448,1,1,1,1,0,1,1,1,0,1,1,1,0.36220472440944884,0.6299212598425197,0.8976377952755905,0.973753280839895,0.0,0.5163348043269352,random drought day,0.9361702127659575,0.05242079744627348,4.180695087462366
2015-08-23,0.0,cape_town,"Cape Town, South Africa",Mediterranean winter-rainfall,9,41.69999999999999,8,2015,6–9,74.69370967741935,33.4152617533005,-0.9873844448984602,0.9873844448984602,1,1,1,1,0,1,1,1,0,0,1,1,0.1951219512195122,0.47560975609756095,0.8048780487804879,0.9878048780487805,8.0,0.4816275208686567,high prospective hazard,0.8125,0.19373964925378484,7.867337582388387
2015-08-24,0.7,cape_town,"Cape Town, South Africa",Mediterranean winter-rainfall,10,36.19999999999999,8,2015,10–19,74.69370967741935,33.4152617533005,-1.1519798935472128,1.1519798935472128,1,1,1,1,1,1,1,1,0,0,1,1,0.3387096774193548,0.5967741935483871,0.9193548387096774,1.0,9.0,0.9873844448984602,30-day deficit threshold,0.7894736842105263,0.17071333346431117,7.229564119998555
2015-08-29,2.0,tokyo,"Tokyo, Japan",humid subtropical,0,88.80000000000005,8,2015,0–2,104.671935483871,67.34377615546884,-0.23568526135554424,0.23568526135554424,1,1,1,1,1,1,1,1,1,1,1,1,0.36220472440944884,0.6299212598425197,0.8976377952755905,0.973753280839895,0.0,0.44654364813828257,season-matched placebo,0.8409090909090909,0.0,2.980135296980752
2015-08-29,0.0,tucson,"Tucson, United States",hot semi-arid / monsoonal,3,15.900000000000004,8,2015,3–5,33.28145161290324,19.113990033841972,-0.9093575743279546,0.9093575743279546,1,1,1,1,0,0,1,1,0,0,0,0,0.24812030075187969,0.5037593984962406,0.7669172932330827,0.9473684210526315,2.0,0.8779669542147455,random drought day,0.3939393939393939,0.0,2.729178826061138
2015-08-31,3.8,cape_town,"Cape Town, South Africa",Mediterranean winter-rainfall,0,26.699999999999992,8,2015,0–2,74.69370967741935,33.4152617533005,-1.4362811230314219,1.4362811230314219,0,0,1,1,0,0,1,1,0,0,1,1,0.2782608695652174,0.5681159420289855,0.8173913043478261,0.9536231884057971,4.0,1.7116044189529716,random drought day,0.5116279069767442,0.0,2.404716291716964
2015-08-31,15.2,london,"London, United Kingdom",temperate maritime,1,91.8,8,2015,0–2,55.292419354838714,24.80198980927015,1.4719617629838706,0.0,1,1,1,1,1,1,1,1,0,0,0,1,0.3815789473684211,0.6447368421052632,0.8289473684210527,0.95,0.0,0.0,season-matched placebo,0.717391304347826,0.0,3.0
2015-09-02,0.7,tucson,"Tucson, United States",hot semi-arid / monsoonal,7,14.100000000000005,9,2015,6–9,30.822000000000013,23.461200506695302,-0.712751250526499,0.712751250526499,1,1,1,1,1,1,1,1,0,0,0,0,0.040983606557377046,0.16393442622950818,0.48360655737704916,0.7295081967213115,6.0,0.6743900422096799,dry-spell threshold,0.4375,0.016568237305187195,3.2512530801632753
2015-09-05,0.0,cape_town,"Cape Town, South Africa",Mediterranean winter-rainfall,4,23.299999999999994,9,2015,3–5,54.838166666666666,32.362710563712156,-0.9745217912009498,0.9745217912009498,0,1,1,1,0,1,1,1,0,1,1,1,0.23529411764705882,0.4411764705882353,0.7426470588235294,0.9558823529411765,3.0,0.9745217912009498,random drought day,0.5227272727272727,0.0,2.693087345899963
2015-09-05,0.0,tucson,"Tucson, United States",hot semi-arid / monsoonal,0,18.700000000000003,9,2015,0–2,30.822000000000013,23.461200506695302,-0.516682852462757,0.516682852462757,1,1,1,1,0,0,1,1,0,0,0,0,0.12962962962962962,0.2654320987654321,0.38271604938271603,0.6481481481481481,0.0,0.5891429126167487,random drought day,0.4117647058823529,0.0,2.9068771994058995
2015-09-06,0.1,nairobi,"Nairobi, Kenya",subtropical highland / bimodal rainfall,2,26.000000000000004,9,2015,0–2,16.460666666666665,12.814435967721733,0.7444208514024303,0.0,0,0,0,1,0,0,0,0,0,0,0,0,0.14516129032258066,0.3064516129032258,0.5241935483870968,0.6532258064516129,1.0,0.0,season-matched placebo,0.4807692307692308,0.0,3.0
2015-09-08,0.0,darwin,"Darwin, Australia",tropical savanna / monsoon,7,2.7,9,2015,6–9,7.027166666666667,8.393407778078227,-0.5155434813936115,0.5155434813936115,0,0,1,1,0,0,1,1,0,0,0,0,0.11267605633802817,0.29577464788732394,0.5492957746478874,0.7605633802816901,6.0,0.5393717053150511,dry-spell threshold,0.55,0.020481765223129056,3.406577609165776
2015-09-09,0.1,london,"London, United Kingdom",temperate maritime,6,110.7,9,2015,6–9,47.54533333333333,27.251647633126485,2.3174623243659327,0.0,0,1,1,1,0,1,1,1,0,0,1,1,0.18421052631578946,0.4342105263157895,0.6973684210526315,0.9342105263157895,5.0,0.0,random drought day,0.7804878048780488,0.0,3.0
2015-09-10,0.0,london,"London, United Kingdom",temperate maritime,7,108.8,9,2015,6–9,47.54533333333333,27.251647633126485,2.247741769279553,0.0,0,1,1,1,0,1,1,1,0,0,1,1,0.18421052631578946,0.4342105263157895,0.6973684210526315,0.9342105263157895,6.0,0.0,dry-spell threshold,0.7551020408163265,0.0,3.0
2015-09-11,0.0,nairobi,"Nairobi, Kenya",subtropical highland / bimodal rainfall,7,24.0,9,2015,6–9,16.460666666666665,12.814435967721733,0.5883468731924021,0.0,0,0,1,1,0,0,0,0,0,0,0,0,0.08536585365853659,0.15853658536585366,0.24390243902439024,0.5365853658536586,6.0,0.0,dry-spell threshold,0.660377358490566,0.03205841055651415,3.641168211130283
2015-09-14,0.0,brasilia,"Brasília, Brazil",tropical savanna,0,16.100000000000016,9,2015,0–2,19.803000000000004,23.575053826836342,-0.15707281210042154,0.15707281210042154,1,1,1,1,1,1,1,1,0,0,0,1,0.45320197044334976,0.6551724137931034,0.7980295566502463,0.9507389162561576,3.0,0.30977659918157724,season-matched placebo,0.75,0.13760569623147423,5.950637460063926
2015-09-23,0.0,brasilia,"Brasília, Brazil",tropical savanna,7,17.300000000000015,9,2015,6–9,19.803000000000004,23.575053826836342,-0.10617154974003637,0.10617154974003637,0,0,1,1,0,0,1,1,0,0,1,1,0.22413793103448276,0.39655172413793105,0.7758620689655172,0.8793103448275862,6.0,0.10617154974003637,dry-spell threshold,0.39285714285714285,0.0,2.9959474186065225
2015-09-23,0.0,cape_town,"Cape Town, South Africa",Mediterranean winter-rainfall,7,34.39999999999999,9,2015,6–9,54.838166666666666,32.362710563712156,-0.6315344515543669,0.6315344515543669,0,0,1,1,0,0,1,1,0,0,1,1,0.2727272727272727,0.5227272727272727,0.7613636363636364,0.9204545454545454,6.0,0.6315344515543669,dry-spell threshold,0.6857142857142857,0.06695393496807056,4.544418662905992
2015-09-23,0.0,darwin,"Darwin, Australia",tropical savanna / monsoon,7,3.7,9,2015,6–9,7.027166666666667,8.393407778078227,-0.396402361786414,0.396402361786414,1,1,1,1,1,1,1,1,0,0,0,1,0.11267605633802817,0.29577464788732394,0.5492957746478874,0.7605633802816901,6.0,0.396402361786414,dry-spell threshold,0.5714285714285714,0.04191033665170041,3.9302311517412547
2015-09-23,0.2,tucson,"Tucson, United States",hot semi-arid / monsoonal,0,44.2,9,2015,0–2,30.822000000000013,23.461200506695302,0.570218049847117,0.0,0,0,0,1,0,0,0,1,0,0,0,1,0.12962962962962962,0.2654320987654321,0.38271604938271603,0.6481481481481481,0.0,0.0,season-matched placebo,0.2807017543859649,0.0,3.0
2015-09-24,0.0,tucson,"Tucson, United States",hot semi-arid / monsoonal,1,43.2,9,2015,0–2,30.822000000000013,23.461200506695302,0.5275944850506514,0.0,0,0,0,1,0,0,0,1,0,0,0,1,0.12962962962962962,0.2654320987654321,0.38271604938271603,0.6481481481481481,0.0,0.0,season-matched placebo,0.27586206896551724,0.0,3.0
2015-09-25,0.5,mumbai,"Mumbai, India",tropical monsoon,2,185.50000000000003,9,2015,0–2,332.65,143.16896726821696,-1.0278065338302316,1.0278065338302316,0,0,1,1,0,0,1,1,0,0,0,1,0.7931034482758621,0.9074410163339383,0.9600725952813067,0.9909255898366606,1.0,0.975420879710444,30-day deficit threshold,0.8235294117647058,0.4950017214993188,15.963996817911417
2015-09-25,0.0,nairobi,"Nairobi, Kenya",subtropical highland / bimodal rainfall,21,23.900000000000002,9,2015,20+,16.460666666666665,12.814435967721733,0.5805431742819008,0.0,0,0,1,1,0,0,0,1,0,0,0,0,0.06711409395973154,0.16778523489932887,0.33557046979865773,0.42953020134228187,20.0,0.0,random drought day,0.6774193548387096,0.04910040690465778,3.9820081380931556
2015-09-26,0.0,cape_town,"Cape Town, South Africa",Mediterranean winter-rainfall,10,29.699999999999996,9,2015,10–19,54.838166666666666,32.362710563712156,-0.7767633250984155,0.7767633250984155,1,1,1,1,1,1,1,1,1,1,1,1,0.24528301886792453,0.5471698113207547,0.7924528301886793,0.9433962264150944,9.0,0.7767633250984155,high prospective hazard,0.8235294117647058,0.20476906101849068,8.099519807228095
2015-09-26,0.3,darwin,"Darwin, Australia",tropical savanna / monsoon,1,5.0,9,2015,0–2,7.027166666666667,8.393407778078227,-0.24151890629705727,0.24151890629705727,0,0,1,1,0,0,0,1,0,0,0,1,0.1910828025477707,0.35668789808917195,0.5923566878980892,0.8789808917197452,0.0,0.24151890629705727,season-matched placebo,0.6666666666666666,0.13714843188979564,6.031985544069355
2015-09-26,0.0,london,"London, United Kingdom",temperate maritime,1,78.19999999999999,9,2015,0–2,47.54533333333333,27.251647633126485,1.1248738820989135,0.0,0,0,0,1,0,0,0,1,0,0,0,1,0.40797546012269936,0.6993865030674846,0.8865030674846626,0.9570552147239264,0.0,0.0,season-matched placebo,0.723404255319149,0.0,3.0
2015-09-27,0.0,darwin,"Darwin, Australia",tropical savanna / monsoon,2,5.3,9,2015,0–2,7.027166666666667,8.393407778078227,-0.20577657041489802,0.20577657041489802,0,1,1,1,0,0,0,1,0,0,0,1,0.1910828025477707,0.35668789808917195,0.5923566878980892,0.8789808917197452,1.0,0.24151890629705727,season-matched placebo,0.6363636363636364,0.10684540158676537,5.329689193623165
2015-09-29,2.3,cape_town,"Cape Town, South Africa",Mediterranean winter-rainfall,1,35.99999999999999,9,2015,0–2,54.838166666666666,32.362710563712156,-0.5820948350287334,0.5820948350287334,1,1,1,1,1,1,1,1,1,1,1,1,0.23659305993690852,0.5205047318611987,0.7760252365930599,0.9305993690851735,0.0,0.5820948350287334,random drought day,0.5333333333333333,0.0,2.882785570746085
2015-09-30,0.0,brasilia,"Brasília, Brazil",tropical savanna,0,28.500000000000014,9,2015,0–2,19.803000000000004,23.575053826836342,0.3689068989568922,0.0,0,0,1,1,0,0,1,1,0,0,0,0,0.45320197044334976,0.6551724137931034,0.7980295566502463,0.9507389162561576,0.0,0.0,season-matched placebo,0.76,0.14760569623147424,5.952113924629485
2015-09-30,0.0,mumbai,"Mumbai, India",tropical monsoon,7,163.30000000000004,9,2015,6–9,332.65,143.16896726821696,-1.1828680700248027,1.1828680700248027,0,1,1,1,0,1,1,1,0,1,1,1,0.7616666666666667,0.8866666666666667,0.96,0.9916666666666667,6.0,1.139562595952445,dry-spell threshold,0.3125,0.0,2.568710381485409
2015-09-30,0.0,tucson,"Tucson, United States",hot semi-arid / monsoonal,7,36.5,9,2015,6–9,30.822000000000013,23.461200506695302,0.2420166009143314,0.0,0,0,1,1,0,0,1,1,0,0,1,1,0.040983606557377046,0.16393442622950818,0.48360655737704916,0.7295081967213115,6.0,0.0,dry-spell threshold,0.4461538461538462,0.025222083459033373,3.5044416691806672
2015-10-01,0.0,cape_town,"Cape Town, South Africa",Mediterranean winter-rainfall,0,31.39999999999999,10,2015,0–2,35.513225806451615,24.33572772403693,-0.16902004546956287,0.16902004546956287,0,0,0,1,0,0,0,1,0,0,0,0,0.15767634854771784,0.3651452282157676,0.6846473029045643,0.8713692946058091,0.0,0.7953031812955281,season-matched placebo,0.589041095890411,0.0,2.989750736561774
2015-10-02,0.0,darwin,"Darwin, Australia",tropical savanna / monsoon,7,4.300000000000001,10,2015,6–9,39.53387096774193,41.73645038000453,-0.8441990309895183,0.8441990309895183,0,1,1,1,0,0,1,1,0,0,1,1,0.24675324675324675,0.5194805194805194,0.7532467532467533,0.935064935064935,6.0,0.8441990309895183,dry-spell threshold,0.5909090909090909,0.06139085613221995,4.372167564838003
2015-10-02,0.0,london,"London, United Kingdom",temperate maritime,7,56.599999999999994,10,2015,6–9,55.27048387096774,29.11101390576616,0.04567055387819773,0.0,0,1,1,1,0,1,1,1,0,1,1,1,0.21568627450980393,0.39215686274509803,0.6666666666666666,0.9215686274509803,6.0,0.0,dry-spell threshold,0.76,0.0,3.0
2015-10-03,0.0,cape_town,"Cape Town, South Africa",Mediterranean winter-rainfall,2,31.39999999999999,10,2015,0–2,35.513225806451615,24.33572772403693,-0.16902004546956287,0.16902004546956287,0,0,1,1,0,0,1,1,0,0,0,0,0.15767634854771784,0.3651452282157676,0.6846473029045643,0.8713692946058091,1.0,0.16902004546956287,season-matched placebo,0.581081081081081,0.0,2.989750736561774
2015-10-03,11.2,mumbai,"Mumbai, India",tropical monsoon,0,160.10000000000002,10,2015,0–2,146.12016129032259,126.6642379396545,0.11036926394597445,0.0,1,1,1,1,1,1,1,1,1,1,1,1,0.48148148148148145,0.5962962962962963,0.6962962962962963,0.7666666666666667,9.0,0.0,season-matched placebo,0.5,0.17147230973461297,6.429446194692259
2015-10-04,2.1,nairobi,"Nairobi, Kenya",subtropical highland / bimodal rainfall,0,1.9,10,2015,0–2,16.683064516129033,14.609320070417443,-1.011892712656998,1.011892712656998,0,1,1,1,0,0,1,1,0,0,0,0,0.42066420664206644,0.6937269372693727,0.8523985239852399,0.9520295202952029,29.0,0.0,30-day deficit threshold,0.9230769230769231,0.2947579751428713,10.578055368634274
2015-10-04,2.1,nairobi,"Nairobi, Kenya",subtropical highland / bimodal rainfall,0,1.9,10,2015,0–2,16.683064516129033,14.609320070417443,-1.011892712656998,1.011892712656998,0,1,1,1,0,0,1,1,0,0,0,0,0.42066420664206644,0.6937269372693727,0.8523985239852399,0.9520295202952029,29.0,0.0,high prospective hazard,0.9,0.27168105206594817,9.959059930906976
2015-10-04,0.6,tokyo,"Tokyo, Japan",humid subtropical,2,286.20000000000005,10,2015,0–2,213.705,122.12749392753865,0.5936009793422369,0.0,0,0,1,1,0,0,1,1,0,0,0,1,0.3720430107526882,0.7118279569892473,0.9354838709677419,0.989247311827957,1.0,0.0,season-matched placebo,0.8444444444444444,0.0,3.0
2015-10-06,0.0,nairobi,"Nairobi, Kenya",subtropical highland / bimodal rainfall,1,3.6999999999999997,10,2015,0–2,16.683064516129033,14.609320070417443,-0.8886836932554151,0.8886836932554151,1,1,1,1,0,1,1,1,0,0,0,0,0.42066420664206644,0.6937269372693727,0.8523985239852399,0.9520295202952029,0.0,0.8886836932554151,random drought day,0.65625,0.027931052065948148,3.4772930508796596
2015-10-07,0.0,mumbai,"Mumbai, India",tropical monsoon,1,202.30000000000004,10,2015,0–2,146.12016129032259,126.6642379396545,0.4435335468282903,0.0,0,1,1,1,0,1,1,1,0,0,1,1,0.48148148148148145,0.5962962962962963,0.6962962962962963,0.7666666666666667,0.0,0.0,season-matched placebo,0.5384615384615384,0.2099338481961514,7.198676963923028
2015-10-08,0.0,cape_town,"Cape Town, South Africa",Mediterranean winter-rainfall,7,21.89999999999999,10,2015,6–9,35.513225806451615,24.33572772403693,-0.5593925918642467,0.5593925918642467,0,1,1,1,0,1,1,1,0,0,0,0,0.20202020202020202,0.3838383838383838,0.6262626262626263,0.8080808080808081,6.0,0.16902004546956287,dry-spell threshold,0.6901408450704225,0.07138049432420734,4.652214527282879
2015-10-09,0.0,london,"London, United Kingdom",temperate maritime,2,77.39999999999999,10,2015,0–2,55.27048387096774,29.11101390576616,0.7601767564904001,0.0,0,0,0,1,0,0,0,1,0,0,0,1,0.38213399503722084,0.6799007444168734,0.8660049627791563,0.9578163771712159,1.0,0.0,season-matched placebo,0.7083333333333334,0.0,3.0
2015-10-09,0.0,tokyo,"Tokyo, Japan",humid subtropical,7,154.80000000000004,10,2015,6–9,213.705,122.12749392753865,-0.4823238249279872,0.4823238249279872,1,1,1,1,1,1,1,1,0,0,1,1,0.375,0.6875,0.9375,1.0,6.0,0.0,dry-spell threshold,0.88,0.0,2.9185254152854605
2015-10-10,0.0,nairobi,"Nairobi, Kenya",subtropical highland / bimodal rainfall,0,5.8,10,2015,0–2,16.683064516129033,14.609320070417443,-0.7449398372869014,0.7449398372869014,0,1,1,1,0,1,1,1,0,0,0,0,0.42066420664206644,0.6937269372693727,0.8523985239852399,0.9520295202952029,4.0,0.8339241290769336,high prospective hazard,0.9047619047619048,0.2764429568278529,9.927123430199174
2015-10-10,0.0,tucson,"Tucson, United States",hot semi-arid / monsoonal,2,41.300000000000004,10,2015,0–2,15.33870967741937,15.940629497249008,1.6286239089278731,0.0,0,0,1,1,0,0,0,1,0,0,0,0,0.12149532710280374,0.24299065420560748,0.3925233644859813,0.5233644859813084,1.0,0.0,season-matched placebo,0.2711864406779661,0.0,3.0
2015-10-12,0.0,mumbai,"Mumbai, India",tropical monsoon,0,178.00000000000003,10,2015,0–2,146.12016129032259,126.6642379396545,0.2516877630832601,0.0,1,1,1,1,0,0,0,0,0,0,0,0,0.48148148148148145,0.5962962962962963,0.6962962962962963,0.7666666666666667,0.0,0.0,season-matched placebo,0.5714285714285714,0.24290088116318437,7.858017623263687
2015-10-14,0.0,london,"London, United Kingdom",temperate maritime,7,73.49999999999999,10,2015,6–9,55.27048387096774,29.11101390576616,0.626206843500612,0.0,0,0,1,1,0,0,1,1,0,0,1,1,0.21568627450980393,0.39215686274509803,0.6666666666666666,0.9215686274509803,6.0,0.0,dry-spell threshold,0.7647058823529411,0.0,3.0
2015-10-15,0.0,brasilia,"Brasília, Brazil",tropical savanna,7,18.600000000000016,10,2015,6–9,80.51935483870969,62.708403403517686,-0.9874171798039472,0.9874171798039472,0,0,1,1,0,0,1,1,0,0,0,1,0.3076923076923077,0.5769230769230769,0.75,0.9038461538461539,6.0,0.9874171798039472,dry-spell threshold,0.41379310344827586,0.0,2.685767553206092
2015-10-15,0.0,darwin,"Darwin, Australia",tropical savanna / monsoon,7,13.500000000000002,10,2015,6–9,39.53387096774193,41.73645038000453,-0.6237682105379636,0.6237682105379636,0,0,0,1,0,0,0,1,0,0,0,0,0.24675324675324675,0.5194805194805194,0.7532467532467533,0.935064935064935,6.0,0.6237682105379636,dry-spell threshold,0.6086956521739131,0.0791774173970421,4.850939534114073
2015-10-15,0.0,tucson,"Tucson, United States",hot semi-arid / monsoonal,7,37.400000000000006,10,2015,6–9,15.33870967741937,15.940629497249008,1.3839660677382857,0.0,0,1,1,1,0,1,1,1,0,0,0,0,0.05813953488372093,0.12790697674418605,0.29069767441860467,0.38372093023255816,6.0,0.0,dry-spell threshold,0.45454545454545453,0.033613691850641725,3.6722738370128347
2015-10-16,0.0,brasilia,"Brasília, Brazil",tropical savanna,8,17.400000000000013,10,2015,6–9,80.51935483870969,62.708403403517686,-1.0065533710457846,1.0065533710457846,0,0,1,1,0,0,1,1,0,0,1,1,0.3076923076923077,0.5769230769230769,0.75,0.9038461538461539,7.0,0.9874171798039472,30-day deficit threshold,0.47368421052631576,0.0,2.6748029115224377
2015-10-18,0.0,tokyo,"Tokyo, Japan",humid subtropical,0,90.20000000000006,10,2015,0–2,213.705,122.12749392753865,-1.0112792462054336,1.0112792462054336,0,0,0,1,0,0,0,1,0,0,0,1,0.3720430107526882,0.7118279569892473,0.9354838709677419,0.989247311827957,0.0,0.7279687574097734,30-day deficit threshold,0.9375,0.053750584680316016,4.113733431853048
2015-10-19,0.0,mumbai,"Mumbai, India",tropical monsoon,7,75.50000000000003,10,2015,6–9,146.12016129032259,126.6642379396545,-0.557538279462649,0.557538279462649,0,0,1,1,0,0,0,0,0,0,0,0,0.09574468085106383,0.22340425531914893,0.2765957446808511,0.3404255319148936,6.0,0.3854297162675191,dry-spell threshold,0.35294117647058826,0.02441348620520123,3.49404966191112
2015-10-21,8.7,london,"London, United Kingdom",temperate maritime,14,43.69999999999999,10,2015,10–19,55.27048387096774,29.11101390576616,-0.39746069678033186,0.39746069678033186,0,1,1,1,0,1,1,1,0,0,1,1,0.2,0.4909090909090909,0.8,0.9636363636363636,13.0,0.39746069678033186,random drought day,0.7857142857142857,0.0,2.9441870442639857
2015-10-22,0.0,cape_town,"Cape Town, South Africa",Mediterranean winter-rainfall,7,20.29999999999999,10,2015,6–9,35.513225806451615,24.33572772403693,-0.6251395470465093,0.6251395470465093,0,1,1,1,0,0,0,1,0,0,0,1,0.20202020202020202,0.3838383838383838,0.6262626262626263,0.8080808080808081,6.0,0.6087028082509436,dry-spell threshold,0.6944444444444444,0.07568409369822926,4.763427682412033
2015-10-23,0.0,london,"London, United Kingdom",temperate maritime,1,32.49999999999999,10,2015,0–2,55.27048387096774,29.11101390576616,-0.78219480587921,0.78219480587921,1,1,1,1,1,1,1,1,0,0,1,1,0.38213399503722084,0.6799007444168734,0.8660049627791563,0.9578163771712159,0.0,0.28066641366102935,high prospective hazard,0.7843137254901961,0.0,2.7948068315308214
2015-10-23,0.0,tucson,"Tucson, United States",hot semi-arid / monsoonal,1,17.000000000000004,10,2015,0–2,15.33870967741937,15.940629497249008,0.10421735997736693,0.0,0,0,1,1,0,0,1,1,0,0,0,0,0.12149532710280374,0.24299065420560748,0.3925233644859813,0.5233644859813084,0.0,0.0,season-matched placebo,0.26666666666666666,0.0,3.0
2015-10-25,0.3,cape_town,"Cape Town, South Africa",Mediterranean winter-rainfall,10,20.29999999999999,10,2015,10–19,35.513225806451615,24.33572772403693,-0.6251395470465093,0.6251395470465093,0,0,1,1,0,0,1,1,0,0,1,1,0.13043478260869565,0.29347826086956524,0.5,0.75,9.0,0.6251395470465093,random drought day,0.5434782608695652,0.0,2.865614338006946
2015-10-25,0.5,nairobi,"Nairobi, Kenya",subtropical highland / bimodal rainfall,7,13.3,10,2015,6–9,16.683064516129033,14.609320070417443,-0.23156892311363847,0.23156892311363847,0,1,1,1,0,1,1,1,0,1,1,1,0.171875,0.375,0.65625,0.9375,6.0,0.23156892311363847,dry-spell threshold,0.6481481481481481,0.019829200214096288,3.4204917475447254
2015-10-25,0.0,tokyo,"Tokyo, Japan",humid subtropical,7,74.10000000000007,10,2015,6–9,213.705,122.12749392753865,-1.1431086933039922,1.1431086933039922,0,1,1,1,0,1,1,1,0,1,1,1,0.375,0.6875,0.9375,1.0,6.0,1.0186485941798873,dry-spell threshold,0.8823529411764706,0.0,2.5933527051816716
2015-10-29,0.0,nairobi,"Nairobi, Kenya",subtropical highland / bimodal rainfall,1,21.200000000000003,10,2015,0–2,16.683064516129033,14.609320070417443,0.30918177314886525,0.0,0,1,1,1,0,1,1,1,0,0,1,1,0.42066420664206644,0.6937269372693727,0.8523985239852399,0.9520295202952029,0.0,0.0,season-matched placebo,0.4716981132075472,0.0,3.0
2015-10-29,1.9,tucson,"Tucson, United States",hot semi-arid / monsoonal,7,16.8,10,2015,6–9,15.33870967741937,15.940629497249008,0.09167080401892637,0.0,1,1,1,1,1,1,1,1,0,0,0,0,0.05813953488372093,0.12790697674418605,0.29069767441860467,0.38372093023255816,6.0,0.0,dry-spell threshold,0.4626865671641791,0.0417548044693663,3.835096089387326
2015-10-31,0.0,cape_town,"Cape Town, South Africa",Mediterranean winter-rainfall,16,5.799999999999993,10,2015,10–19,35.513225806451615,24.33572772403693,-1.2209713283857635,1.2209713283857635,1,1,1,1,1,1,1,1,1,1,1,1,0.13043478260869565,0.29347826086956524,0.5,0.75,15.0,0.9703110617533877,30-day deficit threshold,0.8,0.18123964925378488,7.4965927783297905
2015-10-31,0.0,london,"London, United Kingdom",temperate maritime,0,51.19999999999999,10,2015,0–2,55.27048387096774,29.11101390576616,-0.13982624872304733,0.13982624872304733,0,1,1,1,0,0,1,1,0,0,1,1,0.38213399503722084,0.6799007444168734,0.8660049627791563,0.9578163771712159,0.0,0.2703610357387381,season-matched placebo,0.6938775510204082,0.0,2.992977978086609
2015-10-31,0.2,tucson,"Tucson, United States",hot semi-arid / monsoonal,0,22.900000000000002,10,2015,0–2,15.33870967741937,15.940629497249008,0.474340760751358,0.0,0,0,1,1,0,0,1,1,0,0,0,0,0.12149532710280374,0.24299065420560748,0.3925233644859813,0.5233644859813084,0.0,0.0,season-matched placebo,0.2786885245901639,0.0,3.0
2015-11-01,16.6,brasilia,"Brasília, Brazil",tropical savanna,0,74.60000000000001,11,2015,0–2,181.40016666666668,77.34286898141298,-1.3808663691067997,1.3808663691067997,1,1,1,1,1,1,1,1,1,1,1,1,0.7877094972067039,0.9124767225325885,0.9851024208566108,1.0,0.0,0.25545786480366767,30-day deficit threshold,0.5,0.0,2.4413763854190704
2015-11-01,16.6,brasilia,"Brasília, Brazil",tropical savanna,0,74.60000000000001,11,2015,0–2,181.40016666666668,77.34286898141298,-1.3808663691067997,1.3808663691067997,1,1,1,1,1,1,1,1,1,1,1,1,0.7877094972067039,0.9124767225325885,0.9851024208566108,1.0,0.0,0.25545786480366767,high prospective hazard,0.8214285714285714,0.20903426766004563,8.192583095909503
2015-11-01,0.1,darwin,"Darwin, Australia",tropical savanna / monsoon,0,19.900000000000002,11,2015,0–2,124.88149999999999,77.89839455474686,-1.3476721901658597,1.3476721901658597,0,1,1,1,0,1,1,1,0,1,1,1,0.7279411764705882,0.9136029411764706,0.9944852941176471,1.0,0.0,0.5423046464580411,30-day deficit threshold,0.6666666666666666,0.13714843188979564,6.232852008263169
2015-11-01,0.1,darwin,"Darwin, Australia",tropical savanna / monsoon,0,19.900000000000002,11,2015,0–2,124.88149999999999,77.89839455474686,-1.3476721901658597,1.3476721901658597,0,1,1,1,0,1,1,1,0,1,1,1,0.7279411764705882,0.9136029411764706,0.9944852941176471,1.0,0.0,0.5423046464580411,high prospective hazard,0.9615384615384616,0.4320202267615906,14.33775773360882
2015-11-01,1.4,nairobi,"Nairobi, Kenya",subtropical highland / bimodal rainfall,4,21.900000000000002,11,2015,3–5,63.99816666666667,38.63788369894818,-1.0895567416341876,1.0895567416341876,1,1,1,1,0,1,1,1,0,1,1,1,0.36231884057971014,0.7971014492753623,0.9130434782608695,1.0,3.0,0.0,30-day deficit threshold,0.9285714285714286,0.30025248063737675,10.745683015771073
2015-11-01,1.4,nairobi,"Nairobi, Kenya",subtropical highland / bimodal rainfall,4,21.900000000000002,11,2015,3–5,63.99816666666667,38.63788369894818,-1.0895567416341876,1.0895567416341876,1,1,1,1,0,1,1,1,0,1,1,1,0.36231884057971014,0.7971014492753623,0.9130434782608695,1.0,3.0,0.0,high prospective hazard,0.9090909090909091,0.2807719611568572,10.218869145022676
2015-11-02,0.0,tucson,"Tucson, United States",hot semi-arid / monsoonal,2,23.1,11,2015,0–2,15.756500000000011,21.924639277056514,0.33494279687806516,0.0,0,1,1,1,0,1,1,1,0,0,0,1,0.15841584158415842,0.32673267326732675,0.504950495049505,0.7425742574257426,1.0,0.0,season-matched placebo,0.2903225806451613,0.0,3.0
2015-11-03,0.3,brasilia,"Brasília, Brazil",tropical savanna,0,98.00000000000001,11,2015,0–2,181.40016666666668,77.34286898141298,-1.0783174682427332,1.0783174682427332,0,1,1,1,0,1,1,1,0,0,0,1,0.7877094972067039,0.9124767225325885,0.9851024208566108,1.0,0.0,1.1662376616562227,random drought day,0.48148148148148145,0.0,2.6326591979231067
2015-11-06,6.0,london,"London, United Kingdom",temperate maritime,0,38.89999999999999,11,2015,0–2,59.218666666666664,29.995154615196395,-0.6773982974027632,0.6773982974027632,1,1,1,1,1,1,1,1,1,1,1,1,0.39690721649484534,0.7371134020618557,0.8969072164948454,0.961340206185567,0.0,0.40735468189506674,high prospective hazard,0.7884615384615384,0.0,2.84342882552337
2015-11-07,0.0,tucson,"Tucson, United States",hot semi-arid / monsoonal,2,16.0,11,2015,0–2,15.756500000000011,21.924639277056514,0.011106226055668977,0.0,0,0,0,1,0,0,0,1,0,0,0,1,0.15841584158415842,0.32673267326732675,0.504950495049505,0.7425742574257426,1.0,0.0,season-matched placebo,0.30158730158730157,0.0,3.0
2015-11-09,0.2,cape_town,"Cape Town, South Africa",Mediterranean winter-rainfall,7,11.699999999999992,11,2015,6–9,30.023833333333332,22.611931534444818,-0.810361260178972,0.810361260178972,0,0,0,1,0,0,0,1,0,0,0,1,0.20161290322580644,0.43548387096774194,0.6290322580645161,0.7258064516129032,6.0,0.810361260178972,dry-spell threshold,0.684931506849315,0.06617115610309987,4.5046703978228875
2015-11-12,0.0,tucson,"Tucson, United States",hot semi-arid / monsoonal,7,15.800000000000004,11,2015,6–9,15.756500000000011,21.924639277056514,0.0019840691310946323,0.0,0,1,1,1,0,1,1,1,0,0,1,1,0.02666666666666667,0.09333333333333334,0.3466666666666667,0.6,6.0,0.0,dry-spell threshold,0.47058823529411764,0.049656472599304835,3.9931294519860967
2015-11-13,0.4,london,"London, United Kingdom",temperate maritime,5,51.79999999999999,11,2015,3–5,59.218666666666664,29.995154615196395,-0.24732883566828381,0.24732883566828381,1,1,1,1,1,1,1,1,0,0,1,1,0.34545454545454546,0.5636363636363636,0.8090909090909091,0.9636363636363636,4.0,0.24732883566828381,random drought day,0.7906976744186046,0.0,2.97813871558299
2015-11-14,7.1,brasilia,"Brasília, Brazil",tropical savanna,7,94.10000000000001,11,2015,6–9,181.40016666666668,77.34286898141298,-1.128742285053411,1.128742285053411,1,1,1,1,1,1,1,1,1,1,1,1,0.7666666666666667,0.9066666666666666,0.985,1.0,6.0,1.128742285053411,dry-spell threshold,0.43333333333333335,0.0,2.602162871309998
2015-11-14,0.0,cape_town,"Cape Town, South Africa",Mediterranean winter-rainfall,12,6.599999999999993,11,2015,10–19,30.023833333333332,22.611931534444818,-1.035905902052275,1.035905902052275,0,1,1,1,0,0,1,1,0,0,1,1,0.10476190476190476,0.22857142857142856,0.44761904761904764,0.7142857142857143,11.0,0.9518794668445738,30-day deficit threshold,0.8095238095238095,0.19076345877759437,7.788462270453509
2015-11-18,0.0,cape_town,"Cape Town, South Africa",Mediterranean winter-rainfall,16,6.599999999999993,11,2015,10–19,30.023833333333332,22.611931534444818,-1.035905902052275,1.035905902052275,1,1,1,1,1,1,1,1,0,1,1,1,0.10476190476190476,0.22857142857142856,0.44761904761904764,0.7142857142857143,15.0,1.0447507899688748,random drought day,0.5531914893617021,0.0,2.6577552144983705
2015-11-24,0.0,cape_town,"Cape Town, South Africa",Mediterranean winter-rainfall,2,17.299999999999994,11,2015,0–2,30.023833333333332,22.611931534444818,-0.5627043985141689,0.5627043985141689,0,0,1,1,0,0,0,0,0,0,0,0,0.1683673469387755,0.34183673469387754,0.5408163265306123,0.8214285714285714,1.0,0.5627043985141689,random drought day,0.5625,0.0,2.8901835766869928
2015-11-24,0.0,tucson,"Tucson, United States",hot semi-arid / monsoonal,7,17.100000000000005,11,2015,6–9,15.756500000000011,21.924639277056514,0.06127808914082917,0.0,1,1,1,1,0,0,0,0,0,0,0,0,0.02666666666666667,0.09333333333333334,0.3466666666666667,0.6,6.0,0.0,dry-spell threshold,0.4782608695652174,0.0573291068704046,4.1465821374080924
2015-11-26,0.0,mumbai,"Mumbai, India",tropical monsoon,0,14.000000000000027,11,2015,0–2,20.42516666666667,27.409647899395537,-0.23441259407087592,0.23441259407087592,0,0,0,0,0,0,0,0,0,0,0,0,0.23333333333333334,0.31666666666666665,0.4166666666666667,0.5166666666666667,1.0,0.27089609811552484,season-matched placebo,0.5333333333333333,0.2048056430679463,7.52657352079493
2015-11-29,13.1,brasilia,"Brasília, Brazil",tropical savanna,0,216.10000000000002,11,2015,0–2,181.40016666666668,77.34286898141298,0.44864942030625216,0.0,1,1,1,1,1,1,1,1,1,1,1,1,0.7877094972067039,0.9124767225325885,0.9851024208566108,1.0,0.0,0.0,season-matched placebo,0.7692307692307693,0.1568364654622435,6.1367293092448705
2015-11-29,0.0,cape_town,"Cape Town, South Africa",Mediterranean winter-rainfall,7,16.999999999999993,11,2015,6–9,30.023833333333332,22.611931534444818,-0.5759717303890691,0.5759717303890691,0,1,1,1,0,0,0,1,0,0,0,1,0.20161290322580644,0.43548387096774194,0.6290322580645161,0.7258064516129032,6.0,0.5759717303890691,dry-spell threshold,0.6756756756756757,0.0569153249294605,4.295136673583815
2015-12-01,3.8,darwin,"Darwin, Australia",tropical savanna / monsoon,0,177.5,12,2015,0–2,235.83209677419353,95.03366235738179,-0.6138045754232954,0.6138045754232954,1,1,1,1,1,1,1,1,0,1,1,1,0.8347826086956521,0.9652173913043478,0.9982608695652174,1.0,0.0,0.04340911028177193,high prospective hazard,0.9629629629629629,0.4334447281860919,13.709578144967034
2015-12-02,0.2,brasilia,"Brasília, Brazil",tropical savanna,0,204.0,12,2015,0–2,239.62129032258068,67.26353902146869,-0.5295779978393842,0.5295779978393842,1,1,1,1,0,1,1,1,0,1,1,1,0.8259325044404974,0.9325044404973357,0.9911190053285968,1.0,0.0,0.3779356645874209,high prospective hazard,0.8275862068965517,0.21519190312802594,8.168540183984854
2015-12-02,0.0,london,"London, United Kingdom",temperate maritime,0,57.199999999999996,12,2015,0–2,58.340161290322584,25.556611744344465,-0.044613163189556986,0.044613163189556986,1,1,1,1,1,1,1,1,0,0,0,1,0.42592592592592593,0.6904761904761905,0.8571428571428571,0.9682539682539683,0.0,0.13069656195961696,season-matched placebo,0.7,0.0,2.999283650734224
2015-12-03,0.0,mumbai,"Mumbai, India",tropical monsoon,7,14.000000000000027,12,2015,6–9,8.210322580645165,22.833093699906243,0.25356517585607047,0.0,0,0,0,0,0,0,0,0,0,0,0,0,0.00825082508250825,0.019801980198019802,0.036303630363036306,0.066006600660066,6.0,0.0,dry-spell threshold,0.3333333333333333,0.004805643067946286,3.0961128613589257
2015-12-03,7.8,nairobi,"Nairobi, Kenya",subtropical highland / bimodal rainfall,0,98.5,12,2015,0–2,57.59387096774193,34.13512578169223,1.1983588194128567,0.0,1,1,1,1,1,1,1,1,0,1,1,1,0.38292011019283745,0.6060606060606061,0.8126721763085399,0.9090909090909091,0.0,0.0,season-matched placebo,0.48148148148148145,0.0,3.0
2015-12-08,22.7,darwin,"Darwin, Australia",tropical savanna / monsoon,1,187.6,12,2015,0–2,235.83209677419353,95.03366235738179,-0.5075264446066787,0.5075264446066787,1,1,1,1,0,1,1,1,0,0,1,1,0.8347826086956521,0.9652173913043478,0.9982608695652174,1.0,0.0,0.4138754184415412,high prospective hazard,0.9642857142857143,0.4347674795088433,13.485085906434662
2015-12-09,0.0,london,"London, United Kingdom",temperate maritime,0,41.599999999999994,12,2015,0–2,58.340161290322584,25.556611744344465,-0.6550227181045271,0.6550227181045271,1,1,1,1,1,1,1,1,1,1,1,1,0.42592592592592593,0.6904761904761905,0.8571428571428571,0.9682539682539683,4.0,0.7841478162596167,high prospective hazard,0.7924528301886793,0.0010882149740304436,2.8805811099417094
2015-12-11,0.0,mumbai,"Mumbai, India",tropical monsoon,15,14.000000000000027,12,2015,10–19,8.210322580645165,22.833093699906243,0.25356517585607047,0.0,0,0,0,0,0,0,0,0,0,0,0,0,0.0,0.030303030303030304,0.06060606060606061,0.07575757575757576,14.0,0.0,random drought day,0.4375,0.10897230973461297,5.179446194692259
2015-12-12,0.0,mumbai,"Mumbai, India",tropical monsoon,16,14.000000000000027,12,2015,10–19,8.210322580645165,22.833093699906243,0.25356517585607047,0.0,0,0,0,0,0,0,0,0,0,0,0,0,0.0,0.030303030303030304,0.06060606060606061,0.07575757575757576,15.0,0.0,random drought day,0.4117647058823529,0.08323701561696589,4.664740312339318
2015-12-14,0.0,cape_town,"Cape Town, South Africa",Mediterranean winter-rainfall,1,18.39999999999999,12,2015,0–2,15.709032258064516,12.469926953350525,0.21579659223364123,0.0,0,1,1,1,0,0,0,1,0,0,0,0,0.0851063829787234,0.23404255319148937,0.44680851063829785,0.6666666666666666,0.0,0.0,season-matched placebo,0.5866666666666667,0.0,3.0
2015-12-16,0.0,brasilia,"Brasília, Brazil",tropical savanna,1,241.0,12,2015,0–2,239.62129032258068,67.26353902146869,0.020497132584404703,0.0,0,1,1,1,0,1,1,1,0,0,1,1,0.8259325044404974,0.9325044404973357,0.9911190053285968,1.0,0.0,0.0,season-matched placebo,0.7777777777777778,0.16538347400925202,6.307669480185041
2015-12-16,10.3,tokyo,"Tokyo, Japan",humid subtropical,2,131.60000000000005,12,2015,0–2,77.44306451612907,50.27902436482055,1.0771278116081295,0.0,1,1,1,1,1,1,1,1,0,0,1,1,0.24161073825503357,0.4966442953020134,0.7315436241610739,0.9261744966442953,1.0,0.0,season-matched placebo,0.8478260869565217,0.0,3.0
2015-12-16,0.0,tucson,"Tucson, United States",hot semi-arid / monsoonal,1,19.600000000000005,12,2015,0–2,25.111129032258077,25.327839224007104,-0.21759175678256534,0.21759175678256534,0,0,1,1,0,0,0,0,0,0,0,0,0.16666666666666666,0.3563218390804598,0.6379310344827587,0.7873563218390804,0.0,0.17021306058243416,season-matched placebo,0.296875,0.0,2.983051670481102
2015-12-18,18.9,darwin,"Darwin, Australia",tropical savanna / monsoon,0,247.6,12,2015,0–2,235.83209677419353,95.03366235738179,0.12382878796728164,0.0,1,1,1,1,1,1,1,1,1,1,1,1,0.8347826086956521,0.9652173913043478,0.9982608695652174,1.0,0.0,0.0,season-matched placebo,0.6086956521739131,0.0791774173970421,4.583548347940842
2015-12-20,3.0,brasilia,"Brasília, Brazil",tropical savanna,0,188.4,12,2015,0–2,239.62129032258068,67.26353902146869,-0.761501566342387,0.761501566342387,1,1,1,1,1,1,1,1,1,1,1,1,0.8259325044404974,0.9325044404973357,0.9911190053285968,1.0,4.0,0.6113459226321095,high prospective hazard,0.8333333333333334,0.2209390295648076,8.509117950698931
2015-12-20,0.0,cape_town,"Cape Town, South Africa",Mediterranean winter-rainfall,7,17.599999999999994,12,2015,6–9,15.709032258064516,12.469926953350525,0.1516422469040524,0.0,1,1,1,1,0,0,1,1,0,0,0,0,0.1326530612244898,0.23469387755102042,0.40816326530612246,0.6224489795918368,6.0,0.0,dry-spell threshold,0.6666666666666666,0.04790631592045147,3.9581263184090294
2015-12-20,0.1,london,"London, United Kingdom",temperate maritime,2,43.69999999999999,12,2015,0–2,58.340161290322584,25.556611744344465,-0.5728522010967428,0.5728522010967428,1,1,1,1,0,1,1,1,0,1,1,1,0.42592592592592593,0.6904761904761905,0.8571428571428571,0.9682539682539683,1.0,0.41633693060572463,high prospective hazard,0.7962962962962963,0.004931681081647432,3.0084159791450187
2015-12-22,0.0,tucson,"Tucson, United States",hot semi-arid / monsoonal,7,13.700000000000003,12,2015,6–9,25.111129032258077,25.327839224007104,-0.4505370130998773,0.4505370130998773,1,1,1,1,0,0,0,1,0,0,0,1,0.189873417721519,0.3291139240506329,0.45569620253164556,0.569620253164557,6.0,0.4505370130998773,dry-spell threshold,0.4714285714285714,0.050496808733758614,4.136681566400945
2015-12-24,0.0,brasilia,"Brasília, Brazil",tropical savanna,1,168.10000000000002,12,2015,0–2,239.62129032258068,67.26353902146869,-1.0632995433046275,1.0632995433046275,0,1,1,1,0,1,1,1,0,1,1,1,0.8259325044404974,0.9325044404973357,0.9911190053285968,1.0,0.0,0.7674483245091307,30-day deficit threshold,0.5238095238095238,0.0,2.6416061360903345
2015-12-25,0.3,london,"London, United Kingdom",temperate maritime,0,44.79999999999999,12,2015,0–2,58.340161290322584,25.556611744344465,-0.5298105017117128,0.5298105017117128,0,1,1,1,0,1,1,1,0,0,1,1,0.42592592592592593,0.6904761904761905,0.8571428571428571,0.9682539682539683,1.0,0.3185148865488387,high prospective hazard,0.8,0.008635384785351197,3.1135813093035236
2015-12-26,1.4,nairobi,"Nairobi, Kenya",subtropical highland / bimodal rainfall,7,77.5,12,2015,6–9,57.59387096774193,34.13512578169223,0.5831567506024651,0.0,1,1,1,1,0,0,0,1,0,0,0,0,0.234375,0.421875,0.546875,0.75,6.0,0.0,dry-spell threshold,0.6545454545454545,0.02622650661140269,3.524530132228054
2015-12-27,8.1,brasilia,"Brasília, Brazil",tropical savanna,0,153.40000000000003,12,2015,0–2,239.62129032258068,67.26353902146869,-1.281842905932457,1.281842905932457,1,1,1,1,1,1,1,1,1,1,1,1,0.8259325044404974,0.9325044404973357,0.9911190053285968,1.0,3.0,1.2104818079315334,high prospective hazard,0.8387096774193549,0.2263153736508291,8.709937118493434
2015-12-31,0.0,tokyo,"Tokyo, Japan",humid subtropical,7,95.30000000000005,12,2015,6–9,77.44306451612907,50.27902436482055,0.35515676187951656,0.0,0,0,0,1,0,0,0,1,0,0,0,0,0.17708333333333334,0.3854166666666667,0.7083333333333334,0.9375,6.0,0.0,dry-spell threshold,0.8846153846153846,0.0008659692957005971,3.017319385914012
2016-01-01,0.0,cape_town,"Cape Town, South Africa",Mediterranean winter-rainfall,7,10.699999999999994,1,2016,6–9,13.84655462184874,12.698939511184065,-0.24778089690698574,0.24778089690698574,0,0,0,0,0,0,0,0,0,0,0,0,0.1271186440677966,0.2796610169491525,0.3389830508474576,0.5677966101694916,6.0,0.38565039523125605,dry-spell threshold,0.6710526315789473,0.052292280832732185,4.144878734068608
2016-01-03,0.0,nairobi,"Nairobi, Kenya",subtropical highland / bimodal rainfall,7,51.4,1,2016,6–9,38.80621848739496,39.3988033067764,0.31964883335527533,0.0,1,1,1,1,1,1,1,1,0,0,0,1,0.14130434782608695,0.2608695652173913,0.40217391304347827,0.5543478260869565,6.0,0.0,dry-spell threshold,0.6428571428571429,0.014538194923091052,3.290763898461821
2016-01-05,0.4,nairobi,"Nairobi, Kenya",subtropical highland / bimodal rainfall,0,44.699999999999996,1,2016,0–2,38.80621848739496,39.3988033067764,0.14959290683814594,0.0,0,0,1,1,0,0,1,1,0,0,0,1,0.3453815261044177,0.5220883534136547,0.678714859437751,0.8112449799196787,8.0,0.0,season-matched placebo,0.4909090909090909,0.0,3.0
2016-01-10,0.0,tucson,"Tucson, United States",hot semi-arid / monsoonal,1,57.2,1,2016,0–2,30.94554621848741,34.211305053009895,0.7674204109089587,0.0,0,0,0,0,0,0,0,0,0,0,0,0,0.18848167539267016,0.36649214659685864,0.6649214659685864,0.8272251308900523,0.0,0.0,season-matched placebo,0.2923076923076923,0.0,3.0
2016-01-12,0.3,nairobi,"Nairobi, Kenya",subtropical highland / bimodal rainfall,1,32.9,1,2016,0–2,38.80621848739496,39.3988033067764,-0.1499085756845594,0.1499085756845594,0,1,1,1,0,1,1,1,0,0,1,1,0.3453815261044177,0.5220883534136547,0.678714859437751,0.8112449799196787,0.0,0.15752302015547573,season-matched placebo,0.5,0.0,2.991931628871949
2016-01-16,0.0,tokyo,"Tokyo, Japan",humid subtropical,4,13.900000000000057,1,2016,3–5,56.298487394958,37.50707562065987,-1.1304130405625055,1.1304130405625055,1,1,1,1,1,1,1,1,1,1,1,1,0.22758620689655173,0.4482758620689655,0.7103448275862069,0.9586206896551724,3.0,0.8557981891096107,30-day deficit threshold,0.9090909090909091,0.025341493771225077,3.288963621964471
2016-01-16,0.0,tucson,"Tucson, United States",hot semi-arid / monsoonal,7,43.7,1,2016,6–9,30.94554621848741,34.211305053009895,0.3728140087538245,0.0,0,0,0,0,0,0,0,0,0,0,0,0,0.225,0.3625,0.55,0.8,6.0,0.0,dry-spell threshold,0.4647887323943662,0.04385696969955338,3.877139393991068
2016-01-18,31.6,tokyo,"Tokyo, Japan",humid subtropical,0,54.900000000000055,1,2016,0–2,56.298487394958,37.50707562065987,-0.037285961963604106,0.037285961963604106,0,0,1,1,0,0,0,1,0,0,0,1,0.23102310231023102,0.504950495049505,0.7491749174917491,0.9372937293729373,5.0,1.1784039854766035,season-matched placebo,0.851063829787234,0.0,2.999499596016535
2016-01-19,0.0,tucson,"Tucson, United States",hot semi-arid / monsoonal,10,43.7,1,2016,10–19,30.94554621848741,34.211305053009895,0.3728140087538245,0.0,0,0,0,1,0,0,0,1,0,0,0,1,0.09345794392523364,0.205607476635514,0.40186915887850466,0.5981308411214953,9.0,0.0,random drought day,0.42857142857142855,0.007639665876615742,3.152793317532315
2016-01-20,0.0,tokyo,"Tokyo, Japan",humid subtropical,1,86.50000000000006,1,2016,0–2,56.298487394958,37.50707562065987,0.8052217376394517,0.0,0,1,1,1,0,0,0,1,0,0,0,1,0.23102310231023102,0.504950495049505,0.7491749174917491,0.9372937293729373,0.0,0.0,season-matched placebo,0.8333333333333334,0.0,3.0
2016-01-20,0.0,tucson,"Tucson, United States",hot semi-arid / monsoonal,11,43.7,1,2016,10–19,30.94554621848741,34.211305053009895,0.3728140087538245,0.0,0,0,0,1,0,0,0,1,0,0,0,1,0.09345794392523364,0.205607476635514,0.40186915887850466,0.5981308411214953,10.0,0.0,random drought day,0.4166666666666667,0.0,3.0
2016-01-21,0.3,nairobi,"Nairobi, Kenya",subtropical highland / bimodal rainfall,0,35.9,1,2016,0–2,38.80621848739496,39.3988033067764,-0.07376413097539701,0.07376413097539701,0,0,1,1,0,0,1,1,0,0,0,0,0.3453815261044177,0.5220883534136547,0.678714859437751,0.8112449799196787,0.0,0.15752302015547573,season-matched placebo,0.5087719298245614,0.0,2.998042465221463
2016-01-24,1.5,cape_town,"Cape Town, South Africa",Mediterranean winter-rainfall,30,0.6999999999999929,1,2016,20+,13.84655462184874,12.698939511184065,-1.0352482276390453,1.0352482276390453,1,1,1,1,1,1,1,1,1,1,1,1,0.09574468085106383,0.2553191489361702,0.4574468085106383,0.6702127659574468,29.0,0.9171281280292363,30-day deficit threshold,0.8181818181818182,0.19942146743560307,8.021324680072963
2016-01-24,30.7,darwin,"Darwin, Australia",tropical savanna / monsoon,0,195.1,1,2016,0–2,372.3450420168067,155.95621003757034,-1.1365051893355693,1.1365051893355693,1,1,1,1,1,1,1,1,1,1,1,1,0.9016393442622951,0.9852459016393442,1.0,1.0,0.0,0.01567774708181001,30-day deficit threshold,0.6923076923076923,0.1627894575308213,7.018111544749248
2016-01-24,30.7,darwin,"Darwin, Australia",tropical savanna / monsoon,0,195.1,1,2016,0–2,372.3450420168067,155.95621003757034,-1.1365051893355693,1.1365051893355693,1,1,1,1,1,1,1,1,1,1,1,1,0.9016393442622951,0.9852459016393442,1.0,1.0,0.0,0.01567774708181001,high prospective hazard,0.9655172413793104,0.4359990066024394,14.437377193568189
2016-01-26,0.0,tokyo,"Tokyo, Japan",humid subtropical,7,77.90000000000006,1,2016,6–9,56.298487394958,37.50707562065987,0.5759316674943163,0.0,0,1,1,1,0,1,1,1,0,1,1,1,0.21568627450980393,0.46078431372549017,0.7941176470588235,0.9803921568627451,6.0,0.0,dry-spell threshold,0.8679245283018868,0.0,3.0
2016-01-28,0.0,cape_town,"Cape Town, South Africa",Mediterranean winter-rainfall,2,10.899999999999993,1,2016,0–2,13.84655462184874,12.698939511184065,-0.23203155029234462,0.23203155029234462,0,0,0,0,0,0,0,0,0,0,0,0,0.1,0.23846153846153847,0.4461538461538462,0.5846153846153846,1.0,0.2950289367509093,season-matched placebo,0.5789473684210527,0.0,2.9807425051614103
2016-01-28,2.2,nairobi,"Nairobi, Kenya",subtropical highland / bimodal rainfall,7,34.199999999999996,1,2016,6–9,38.80621848739496,39.3988033067764,-0.11691264964392244,0.11691264964392244,1,1,1,1,1,1,1,1,0,0,0,1,0.14130434782608695,0.2608695652173913,0.40217391304347827,0.5543478260869565,6.0,0.11691264964392244,dry-spell threshold,0.6491228070175439,0.020803859083492027,3.434765725232604
2016-01-30,0.4,tokyo,"Tokyo, Japan",humid subtropical,0,109.70000000000005,1,2016,0–2,56.298487394958,37.50707562065987,1.4237716943100494,0.0,0,1,1,1,0,1,1,1,0,0,0,1,0.23102310231023102,0.504950495049505,0.7491749174917491,0.9372937293729373,10.0,0.0,season-matched placebo,0.8163265306122449,0.0,3.0
2016-02-01,15.3,darwin,"Darwin, Australia",tropical savanna / monsoon,0,247.3,2,2016,0–2,399.70690265486724,117.59011199112142,-1.296086040519926,1.296086040519926,1,1,1,1,1,1,1,1,1,1,1,1,0.9537366548042705,0.994661921708185,1.0,1.0,0.0,0.8691224413837285,30-day deficit threshold,0.7142857142857143,0.1847674795088433,7.565114210502325
2016-02-01,0.0,nairobi,"Nairobi, Kenya",subtropical highland / bimodal rainfall,2,38.0,2,2016,0–2,32.5141592920354,40.980944947675,0.13386320678961872,0.0,0,0,1,1,0,0,1,1,0,0,1,1,0.2847682119205298,0.3973509933774834,0.6158940397350994,0.7814569536423841,1.0,0.020463019678983296,season-matched placebo,0.5172413793103449,0.0,3.0
2016-02-02,0.0,cape_town,"Cape Town, South Africa",Mediterranean winter-rainfall,7,10.899999999999993,2,2016,6–9,11.802123893805309,12.848555776895664,-0.07021208527012189,0.07021208527012189,0,0,0,1,0,0,0,1,0,0,0,0,0.06329113924050633,0.17721518987341772,0.35443037974683544,0.5063291139240507,6.0,0.07021208527012189,dry-spell threshold,0.6623376623376623,0.043577311591447176,3.8998357512886956
2016-02-02,0.2,tucson,"Tucson, United States",hot semi-arid / monsoonal,0,48.2,2,2016,0–2,30.121769911504437,27.801130207843915,0.6502696096648224,0.0,0,0,0,0,0,0,0,0,0,0,0,0,0.22099447513812154,0.43646408839779005,0.6077348066298343,0.856353591160221,23.0,0.0,season-matched placebo,0.2878787878787879,0.0,3.0
2016-02-04,0.0,cape_town,"Cape Town, South Africa",Mediterranean winter-rainfall,9,10.899999999999993,2,2016,6–9,11.802123893805309,12.848555776895664,-0.07021208527012189,0.07021208527012189,0,0,0,1,0,0,0,1,0,0,0,0,0.06329113924050633,0.17721518987341772,0.35443037974683544,0.5063291139240507,8.0,0.07021208527012189,random drought day,0.5510204081632653,0.0,2.998226343948454
2016-02-05,0.0,nairobi,"Nairobi, Kenya",subtropical highland / bimodal rainfall,6,35.3,2,2016,6–9,32.5141592920354,40.980944947675,0.06797892804867221,0.0,0,1,1,1,0,1,1,1,0,1,1,1,0.11827956989247312,0.27956989247311825,0.5268817204301075,0.7849462365591398,5.0,0.0,random drought day,0.6666666666666666,0.03834771873261478,3.7669543746522955
2016-02-06,0.0,nairobi,"Nairobi, Kenya",subtropical highland / bimodal rainfall,7,35.3,2,2016,6–9,32.5141592920354,40.980944947675,0.06797892804867221,0.0,0,1,1,1,0,1,1,1,0,1,1,1,0.11827956989247312,0.27956989247311825,0.5268817204301075,0.7849462365591398,6.0,0.0,dry-spell threshold,0.6551724137931034,0.026853465859051573,3.5370693171810315
2016-02-08,0.0,tucson,"Tucson, United States",hot semi-arid / monsoonal,6,6.300000000000003,2,2016,6–9,30.121769911504437,27.801130207843915,-0.8568633625111856,0.8568633625111856,0,0,0,0,0,0,0,0,0,0,0,0,0.17582417582417584,0.3626373626373626,0.6153846153846154,0.8351648351648352,5.0,0.3676746173657511,high prospective hazard,0.5,0.0790682373051872,4.8330517181152555
2016-02-09,11.0,nairobi,"Nairobi, Kenya",subtropical highland / bimodal rainfall,0,41.099999999999994,2,2016,0–2,32.5141592920354,40.980944947675,0.20950811941811262,0.0,1,1,1,1,1,1,1,1,1,1,1,1,0.2847682119205298,0.3973509933774834,0.6158940397350994,0.7814569536423841,9.0,0.0,season-matched placebo,0.5254237288135594,0.0,3.0
2016-02-09,0.0,tucson,"Tucson, United States",hot semi-arid / monsoonal,7,5.5000000000000036,2,2016,6–9,30.121769911504437,27.801130207843915,-0.8856391710491524,0.8856391710491524,0,0,0,0,0,0,0,0,0,0,0,0,0.17582417582417584,0.3626373626373626,0.6153846153846154,0.8351648351648352,6.0,0.8568633625111856,dry-spell threshold,0.4583333333333333,0.03740157063852051,3.728351460679878
2016-02-17,0.0,cape_town,"Cape Town, South Africa",Mediterranean winter-rainfall,2,13.099999999999994,2,2016,0–2,11.802123893805309,12.848555776895664,0.10101338459599737,0.0,0,1,1,1,0,1,1,1,0,1,1,1,0.06140350877192982,0.15789473684210525,0.42105263157894735,0.6578947368421053,1.0,0.0,season-matched placebo,0.5714285714285714,0.0,3.0
2016-02-17,1.5,darwin,"Darwin, Australia",tropical savanna / monsoon,3,340.0,2,2016,3–5,399.70690265486724,117.59011199112142,-0.5077544501307676,0.5077544501307676,1,1,1,1,1,1,1,1,0,0,0,1,0.9539823008849557,0.9946902654867257,1.0,1.0,2.0,0.4983999220894726,high prospective hazard,0.9666666666666667,0.4371484318897957,13.54360072387051
2016-02-19,0.0,brasilia,"Brasília, Brazil",tropical savanna,3,181.70000000000002,2,2016,3–5,233.41380530973456,101.62431886591932,-0.5088723436165362,0.5088723436165362,1,1,1,1,0,1,1,1,0,1,1,1,0.5208333333333334,0.8541666666666666,1.0,1.0,2.0,0.3307653688098396,high prospective hazard,0.84375,0.23135569623147423,8.539074780096337
2016-02-19,0.5,nairobi,"Nairobi, Kenya",subtropical highland / bimodal rainfall,7,42.0,2,2016,6–9,32.5141592920354,40.980944947675,0.2314695456650949,0.0,0,0,1,1,0,0,0,1,0,0,0,0,0.11827956989247312,0.27956989247311825,0.5268817204301075,0.7849462365591398,6.0,0.0,dry-spell threshold,0.6610169491525424,0.032698001218490536,3.6539600243698107
2016-02-21,1.8,darwin,"Darwin, Australia",tropical savanna / monsoon,0,315.0,2,2016,0–2,399.70690265486724,117.59011199112142,-0.7203573601602062,0.7203573601602062,1,1,1,1,0,1,1,1,0,0,1,1,0.9537366548042705,0.994661921708185,1.0,1.0,0.0,0.48989580568829505,high prospective hazard,0.967741935483871,0.438223700707,14.046573815270513
2016-02-22,0.0,nairobi,"Nairobi, Kenya",subtropical highland / bimodal rainfall,10,38.9,2,2016,10–19,32.5141592920354,40.980944947675,0.15582463303660082,0.0,0,0,1,1,0,0,0,1,0,0,0,0,0.08620689655172414,0.1724137931034483,0.3275862068965517,0.6551724137931034,9.0,0.0,random drought day,0.6764705882352942,0.048151640301242304,3.963032806024846
2016-02-24,1.9,darwin,"Darwin, Australia",tropical savanna / monsoon,2,254.89999999999998,2,2016,0–2,399.70690265486724,117.59011199112142,-1.231454755870977,1.231454755870977,1,1,1,1,1,1,1,1,1,1,1,1,0.9537366548042705,0.994661921708185,1.0,1.0,1.0,0.9703783823548259,30-day deficit threshold,0.7333333333333333,0.2038150985564623,8.110299130509482
2016-02-25,0.0,brasilia,"Brasília, Brazil",tropical savanna,3,130.70000000000002,2,2016,3–5,233.41380530973456,101.62431886591932,-1.0107207256685544,1.0107207256685544,1,1,1,1,0,1,1,1,0,0,1,1,0.5208333333333334,0.8541666666666666,1.0,1.0,2.0,0.9664399860757292,30-day deficit threshold,0.5454545454545454,0.0,2.6723992213628205
2016-02-25,0.0,nairobi,"Nairobi, Kenya",subtropical highland / bimodal rainfall,13,38.9,2,2016,10–19,32.5141592920354,40.980944947675,0.15582463303660082,0.0,1,1,1,1,0,0,1,1,0,0,0,1,0.08620689655172414,0.1724137931034483,0.3275862068965517,0.6551724137931034,12.0,0.0,random drought day,0.6571428571428571,0.028823909208805287,3.5764781841761057
2016-02-26,0.8,nairobi,"Nairobi, Kenya",subtropical highland / bimodal rainfall,14,38.9,2,2016,10–19,32.5141592920354,40.980944947675,0.15582463303660082,0.0,1,1,1,1,0,0,1,1,0,0,0,1,0.08620689655172414,0.1724137931034483,0.3275862068965517,0.6551724137931034,13.0,0.0,random drought day,0.6666666666666666,0.03834771873261478,3.7669543746522955
2016-02-29,1.5,darwin,"Darwin, Australia",tropical savanna / monsoon,0,274.59999999999997,2,2016,0–2,399.70690265486724,117.59011199112142,-1.0639236627677793,1.0639236627677793,0,1,1,1,0,0,1,1,0,0,1,1,0.9537366548042705,0.994661921708185,1.0,1.0,0.0,0.9074479209861123,30-day deficit threshold,0.75,0.220481765223129,8.588763781036212
2016-03-01,3.3,london,"London, United Kingdom",temperate maritime,7,35.9,3,2016,6–9,43.66516129032258,22.75797034071517,-0.3412062312266183,0.3412062312266183,1,1,1,1,1,1,1,1,0,0,0,1,0.1643835616438356,0.4246575342465753,0.7123287671232876,0.8767123287671232,6.0,0.17260178185601735,dry-spell threshold,0.7692307692307693,0.0,2.9586656565039977
2016-03-01,0.0,tokyo,"Tokyo, Japan",humid subtropical,0,65.10000000000005,3,2016,0–2,86.56790322580649,40.11320514013068,-0.5351829441404866,0.5351829441404866,0,0,1,1,0,0,1,1,0,0,1,1,0.3674832962138085,0.7060133630289532,0.9732739420935412,1.0,6.0,0.12357922051573988,high prospective hazard,0.875,0.0,2.900314749187708
2016-03-01,0.0,tucson,"Tucson, United States",hot semi-arid / monsoonal,28,5.5000000000000036,3,2016,20+,26.86919354838711,20.47341795216967,-1.0437531045529458,1.0437531045529458,0,0,1,1,0,0,1,1,0,0,0,0,0.11627906976744186,0.29069767441860467,0.5930232558139535,0.7093023255813954,27.0,0.8856391710491524,30-day deficit threshold,0.42857142857142855,0.007639665876615742,2.858800277172172
2016-03-02,0.3,darwin,"Darwin, Australia",tropical savanna / monsoon,1,243.5,3,2016,0–2,394.08193548387095,143.27892247180256,-1.0509706025567414,1.0509706025567414,1,1,1,1,0,1,1,1,0,0,1,1,0.7495652173913043,0.8921739130434783,0.9617391304347827,0.9982608695652174,0.0,0.9776869693547509,30-day deficit threshold,0.7647058823529411,0.23518764757607014,8.984639585909719
2016-03-05,0.0,cape_town,"Cape Town, South Africa",Mediterranean winter-rainfall,7,9.899999999999993,3,2016,6–9,11.060483870967742,9.490236616741582,-0.12228186902321875,0.12228186902321875,1,1,1,1,0,0,0,0,0,0,0,0,0.06382978723404255,0.14893617021276595,0.3404255319148936,0.6595744680851063,6.0,0.12228186902321875,dry-spell threshold,0.6538461538461539,0.035085803099938695,3.737912541861647
2016-03-05,2.7,darwin,"Darwin, Australia",tropical savanna / monsoon,0,196.20000000000002,3,2016,0–2,394.08193548387095,143.27892247180256,-1.3810959216476122,1.3810959216476122,1,1,1,1,1,1,1,1,1,1,1,1,0.7495652173913043,0.8921739130434783,0.9617391304347827,0.9982608695652174,3.0,1.2959473192605377,high prospective hazard,0.96875,0.439231765223129,14.525979646410535
2016-03-05,2.1,london,"London, United Kingdom",temperate maritime,0,47.49999999999999,3,2016,0–2,43.66516129032258,22.75797034071517,0.1685053039557175,0.0,1,1,1,1,0,0,1,1,0,0,1,1,0.4197860962566845,0.6764705882352942,0.8181818181818182,0.9278074866310161,0.0,0.002863229424550904,season-matched placebo,0.7058823529411765,0.0,3.0
2016-03-07,2.7,nairobi,"Nairobi, Kenya",subtropical highland / bimodal rainfall,2,41.3,3,2016,0–2,34.05548387096774,29.879996154646307,0.242453716912736,0.0,1,1,1,1,0,1,1,1,0,1,1,1,0.42948717948717946,0.6538461538461539,0.8653846153846154,0.9711538461538461,1.0,0.0,season-matched placebo,0.5333333333333333,0.0,3.0
2016-03-14,2.7,brasilia,"Brasília, Brazil",tropical savanna,0,225.00000000000003,3,2016,0–2,215.29435483870967,72.0131469131794,0.1347760176762126,0.0,0,1,1,1,0,0,0,1,0,0,0,1,0.7554744525547445,0.8886861313868614,0.968978102189781,0.9927007299270073,0.0,0.04991248116185063,season-matched placebo,0.7857142857142857,0.17331998194575993,6.466399638915199
2016-03-15,0.0,cape_town,"Cape Town, South Africa",Mediterranean winter-rainfall,17,9.699999999999992,3,2016,10–19,11.060483870967742,9.490236616741582,-0.14335615916759556,0.14335615916759556,0,1,1,1,0,0,0,1,0,0,0,1,0.0893854748603352,0.19553072625698323,0.4022346368715084,0.7262569832402235,16.0,0.069596143662277,random drought day,0.54,0.0,2.9926198445250582
2016-03-16,0.0,tucson,"Tucson, United States",hot semi-arid / monsoonal,7,1.1000000000000036,3,2016,6–9,26.86919354838711,20.47341795216967,-1.258665925181106,1.258665925181106,0,0,0,1,0,0,0,0,0,0,0,0,0.12149532710280374,0.2336448598130841,0.411214953271028,0.5514018691588785,6.0,1.258665925181106,dry-spell threshold,0.4520547945205479,0.031123031825735115,3.3729652859687778
2016-03-17,0.0,london,"London, United Kingdom",temperate maritime,7,42.99999999999999,3,2016,6–9,43.66516129032258,22.75797034071517,-0.02922761917536114,0.02922761917536114,0,0,1,1,0,0,1,1,0,0,1,1,0.1643835616438356,0.4246575342465753,0.7123287671232876,0.8767123287671232,6.0,0.02922761917536114,dry-spell threshold,0.7735849056603774,0.0,2.9996925001817862
2016-03-18,0.4,nairobi,"Nairobi, Kenya",subtropical highland / bimodal rainfall,7,33.7,3,2016,6–9,34.05548387096774,29.879996154646307,-0.011897052098932784,0.011897052098932784,1,1,1,1,0,0,0,1,0,0,0,0,0.296875,0.546875,0.765625,0.9375,6.0,0.015243772743823214,dry-spell threshold,0.65,0.02168105206594817,3.4361420852551654
2016-03-19,0.7,cape_town,"Cape Town, South Africa",Mediterranean winter-rainfall,21,8.299999999999994,3,2016,20+,11.060483870967742,9.490236616741582,-0.2908761901782323,0.2908761901782323,1,1,1,1,0,0,1,1,0,0,1,1,0.11510791366906475,0.2805755395683453,0.5467625899280576,0.6834532374100719,20.0,0.3751733507557392,random drought day,0.5294117647058824,0.0,2.9698469215809715
2016-03-21,0.0,london,"London, United Kingdom",temperate maritime,11,34.39999999999999,3,2016,10–19,43.66516129032258,22.75797034071517,-0.40711720560364484,0.40711720560364484,0,1,1,1,0,1,1,1,0,1,1,1,0.25806451612903225,0.5,0.7903225806451613,0.9838709677419355,10.0,0.35438842610202403,random drought day,0.7954545454545454,0.0040899302398965665,3.038025129270813
2016-03-22,0.0,brasilia,"Brasília, Brazil",tropical savanna,7,181.9,3,2016,6–9,215.29435483870967,72.0131469131794,-0.46372580938548086,0.46372580938548086,0,1,1,1,0,1,1,1,0,0,1,1,0.7241935483870968,0.8725806451612903,0.9596774193548387,0.9935483870967742,6.0,0.4595599033966522,dry-spell threshold,0.45161290322580644,0.0,2.9245324541895075
2016-03-23,0.0,brasilia,"Brasília, Brazil",tropical savanna,8,176.6,3,2016,6–9,215.29435483870967,72.0131469131794,-0.5373234818547844,0.5373234818547844,1,1,1,1,0,1,1,1,0,1,1,1,0.7241935483870968,0.8725806451612903,0.9596774193548387,0.9935483870967742,7.0,0.46372580938548086,high prospective hazard,0.8484848484848485,0.23609054471632274,8.689330435848008
2016-03-26,0.0,nairobi,"Nairobi, Kenya",subtropical highland / bimodal rainfall,15,35.300000000000004,3,2016,10–19,34.05548387096774,29.879996154646307,0.041650478219313364,0.0,1,1,1,1,0,0,1,1,0,0,1,1,0.19101123595505617,0.42696629213483145,0.7752808988764045,0.9213483146067416,14.0,0.0,random drought day,0.6756756756756757,0.047356727741623805,3.947134554832476
2016-03-29,3.4,london,"London, United Kingdom",temperate maritime,0,59.49999999999999,3,2016,0–2,43.66516129032258,22.75797034071517,0.6957930989719272,0.0,1,1,1,1,0,0,1,1,0,0,0,0,0.4197860962566845,0.6764705882352942,0.8181818181818182,0.9278074866310161,0.0,0.0,season-matched placebo,0.7115384615384616,0.0,3.0
2016-03-31,0.9,cape_town,"Cape Town, South Africa",Mediterranean winter-rainfall,0,21.599999999999994,3,2016,0–2,11.060483870967742,9.490236616741582,1.1105641044228183,0.0,1,1,1,1,1,1,1,1,0,0,0,0,0.06722689075630252,0.11764705882352941,0.29411764705882354,0.5630252100840336,3.0,0.0,season-matched placebo,0.5769230769230769,0.0,3.0
2016-04-01,2.6,nairobi,"Nairobi, Kenya",subtropical highland / bimodal rainfall,21,33.4,4,2016,20+,73.29916666666666,43.25617656077162,-0.9223923573229221,0.9223923573229221,1,1,1,1,1,1,1,1,1,1,1,1,0.6166666666666667,0.8683333333333333,0.9716666666666667,0.9883333333333333,20.0,0.0018568901642617357,high prospective hazard,0.9130434782608695,0.28472453032681766,10.272025731518394
2016-04-02,0.0,brasilia,"Brasília, Brazil",tropical savanna,5,167.50000000000003,4,2016,3–5,161.05316666666667,70.38656954224601,0.09159181041582046,0.0,0,0,0,0,0,0,0,0,0,0,0,0,0.18823529411764706,0.36470588235294116,0.6,0.6588235294117647,4.0,0.0,random drought day,0.5,0.0,3.0
2016-04-03,0.0,brasilia,"Brasília, Brazil",tropical savanna,6,155.50000000000003,4,2016,6–9,161.05316666666667,70.38656954224601,-0.07889525946187265,0.07889525946187265,0,0,0,0,0,0,0,0,0,0,0,0,0.2054794520547945,0.3835616438356164,0.4383561643835616,0.684931506849315,5.0,0.0,random drought day,0.4827586206896552,0.0,2.997760866180795
2016-04-03,0.0,cape_town,"Cape Town, South Africa",Mediterranean winter-rainfall,1,24.399999999999995,4,2016,0–2,24.096833333333333,28.520224613284682,0.010629883557279129,0.0,0,0,0,0,0,0,0,0,0,0,0,0,0.20192307692307693,0.35096153846153844,0.5432692307692307,0.8798076923076923,0.0,0.0,season-matched placebo,0.5822784810126582,0.0,3.0
2016-04-04,0.0,brasilia,"Brasília, Brazil",tropical savanna,7,152.90000000000003,4,2016,6–9,161.05316666666667,70.38656954224601,-0.1158341246020394,0.1158341246020394,0,0,0,0,0,0,0,0,0,0,0,0,0.2054794520547945,0.3835616438356164,0.4383561643835616,0.684931506849315,6.0,0.07889525946187265,dry-spell threshold,0.46875,0.0,2.9951774488233216
2016-04-06,1.1,darwin,"Darwin, Australia",tropical savanna / monsoon,0,197.2,4,2016,0–2,181.1625,124.65235065823825,0.12865782245832105,0.0,1,1,1,1,0,0,0,1,0,0,0,0,0.4807692307692308,0.6121794871794872,0.7275641025641025,0.8012820512820513,0.0,0.0,season-matched placebo,0.625,0.09548176522312901,4.90963530446258
2016-04-07,0.5,darwin,"Darwin, Australia",tropical savanna / monsoon,0,196.4,4,2016,0–2,181.1625,124.65235065823825,0.12223997316967539,0.0,0,1,1,1,0,0,1,1,0,0,0,0,0.4807692307692308,0.6121794871794872,0.7275641025641025,0.8012820512820513,0.0,0.0,season-matched placebo,0.6,0.07048176522312899,4.409635304462579
2016-04-08,0.0,brasilia,"Brasília, Brazil",tropical savanna,11,78.00000000000001,4,2016,10–19,161.05316666666667,70.38656954224601,-1.1799575857553075,1.1799575857553075,0,0,0,0,0,0,0,0,0,0,0,0,0.12,0.22,0.52,0.7,10.0,0.912861176280255,30-day deficit threshold,0.5652173913043478,0.0,2.570526709105905
2016-04-08,0.0,cape_town,"Cape Town, South Africa",Mediterranean winter-rainfall,6,24.299999999999994,4,2016,6–9,24.096833333333333,28.520224613284682,0.007123599811062715,0.0,0,0,0,1,0,0,0,1,0,0,0,1,0.08928571428571429,0.3125,0.7857142857142857,0.9464285714285714,5.0,0.0,random drought day,0.5384615384615384,0.0,3.0
2016-04-08,2.7,tucson,"Tucson, United States",hot semi-arid / monsoonal,30,0.5000000000000036,4,2016,20+,13.29966666666668,12.691907161700495,-1.0084904107470436,1.0084904107470436,1,1,1,1,0,1,1,1,0,0,0,0,0.05217391304347826,0.12608695652173912,0.2565217391304348,0.39565217391304347,29.0,0.9218210090578006,30-day deficit threshold,0.4666666666666667,0.04573490397185387,3.8999549387129844
2016-04-09,0.0,cape_town,"Cape Town, South Africa",Mediterranean winter-rainfall,7,24.299999999999994,4,2016,6–9,24.096833333333333,28.520224613284682,0.007123599811062715,0.0,0,0,0,1,0,0,0,1,0,0,0,1,0.08928571428571429,0.3125,0.7857142857142857,0.9464285714285714,6.0,0.0,dry-spell threshold,0.6455696202531646,0.026809269506949396,3.536185390138988
2016-04-09,2.0,nairobi,"Nairobi, Kenya",subtropical highland / bimodal rainfall,2,48.099999999999994,4,2016,0–2,73.29916666666666,43.25617656077162,-0.5825564964407746,0.5825564964407746,1,1,1,1,1,1,1,1,0,1,1,1,0.650390625,0.88671875,0.9765625,0.9921875,1.0,0.2565914870232044,high prospective hazard,0.9166666666666666,0.2883477187326148,10.03795072660879
2016-04-14,1.3,darwin,"Darwin, Australia",tropical savanna / monsoon,7,131.0,4,2016,6–9,181.1625,124.65235065823825,-0.40241920617711807,0.40241920617711807,0,1,1,1,0,1,1,1,0,0,0,0,0.14606741573033707,0.3258426966292135,0.5280898876404494,0.6292134831460674,6.0,0.34305410025714467,dry-spell threshold,0.5833333333333334,0.05381509855646238,4.211031515085429
2016-04-15,0.0,brasilia,"Brasília, Brazil",tropical savanna,18,17.200000000000017,4,2016,10–19,161.05316666666667,70.38656954224601,-2.0437587398022856,2.0437587398022856,0,0,0,1,0,0,0,1,0,0,0,1,0.12,0.22,0.52,0.7,17.0,2.0437587398022856,random drought day,0.4666666666666667,0.0,1.9983560532158953
2016-04-17,0.0,mumbai,"Mumbai, India",tropical monsoon,143,0.40000000000002756,4,2016,20+,0.29383333333333367,0.8885350094362512,0.11948506872458908,0.0,0,0,0,0,0,0,0,0,0,0,0,0,0.0034542314335060447,0.0069084628670120895,0.02072538860103627,0.05699481865284974,142.0,0.0,random drought day,0.3888888888888889,0.060361198623501866,4.207223972470038
2016-04-17,4.4,tokyo,"Tokyo, Japan",humid subtropical,3,80.40000000000006,4,2016,3–5,116.1426666666667,43.41530714367366,-0.8232733802477531,0.8232733802477531,1,1,1,1,1,1,1,1,0,0,1,1,0.4566929133858268,0.7480314960629921,0.9763779527559056,1.0,2.0,0.8232733802477531,high prospective hazard,0.8823529411764706,0.0,2.7743522566993652
2016-04-19,0.3,tokyo,"Tokyo, Japan",humid subtropical,0,69.30000000000005,4,2016,0–2,116.1426666666667,43.41530714367366,-1.078943574247923,1.078943574247923,0,1,1,1,0,1,1,1,0,1,1,1,0.33031674208144796,0.7036199095022625,0.9524886877828054,1.0,0.0,0.8762500871126534,30-day deficit threshold,0.9117647058823529,0.028015290562668937,3.3891324719457603
2016-04-19,0.0,tucson,"Tucson, United States",hot semi-arid / monsoonal,7,5.600000000000003,4,2016,6–9,13.29966666666668,12.691907161700495,-0.6066595483696443,0.6066595483696443,0,0,0,1,0,0,0,0,0,0,0,0,0.025974025974025976,0.06493506493506493,0.12987012987012986,0.22077922077922077,6.0,0.6066595483696443,dry-spell threshold,0.44594594594594594,0.025014183251133137,3.497567008325272
2016-04-22,0.0,darwin,"Darwin, Australia",tropical savanna / monsoon,4,55.1,4,2016,3–5,181.1625,124.65235065823825,-1.0113126574373874,1.0113126574373874,0,0,1,1,0,0,1,1,0,0,0,1,0.15178571428571427,0.30357142857142855,0.5267857142857143,0.6428571428571429,3.0,0.9728055617055127,30-day deficit threshold,0.7777777777777778,0.2482595430009068,9.33070939290351
2016-04-22,4.3,london,"London, United Kingdom",temperate maritime,4,76.1,4,2016,3–5,46.335166666666666,27.704570357072942,1.074365454858404,0.0,1,1,1,1,0,1,1,1,0,0,0,0,0.35714285714285715,0.6122448979591837,0.8367346938775511,0.8775510204081632,3.0,0.0,random drought day,0.8,0.008635384785351197,3.172707695707024
2016-04-25,0.0,darwin,"Darwin, Australia",tropical savanna / monsoon,7,48.4,4,2016,6–9,181.1625,124.65235065823825,-1.065062145229796,1.065062145229796,1,1,1,1,0,1,1,1,0,0,1,1,0.14606741573033707,0.3258426966292135,0.5280898876404494,0.6292134831460674,6.0,1.0594465271022309,dry-spell threshold,0.6,0.07048176522312899,4.542034998374433
2016-04-27,7.9,tokyo,"Tokyo, Japan",humid subtropical,3,81.30000000000007,4,2016,3–5,116.1426666666667,43.41530714367366,-0.8025433645180094,0.8025433645180094,1,1,1,1,1,1,1,1,0,0,1,1,0.4566929133858268,0.7480314960629921,0.9763779527559056,1.0,2.0,0.7587799979774401,high prospective hazard,0.8888888888888888,0.005139473569204855,2.9184700457578097
2016-04-27,0.0,tucson,"Tucson, United States",hot semi-arid / monsoonal,15,5.600000000000003,4,2016,10–19,13.29966666666668,12.691907161700495,-0.6066595483696443,0.6066595483696443,0,1,1,1,0,0,0,0,0,0,0,0,0.032679738562091505,0.06535947712418301,0.10457516339869281,0.2222222222222222,14.0,0.6066595483696443,random drought day,0.40540540540540543,0.0,2.873111069649185
2016-05-01,0.0,cape_town,"Cape Town, South Africa",Mediterranean winter-rainfall,1,50.19999999999999,5,2016,0–2,43.471774193548384,31.93177389758018,0.2107062961184714,0.0,0,0,0,1,0,0,0,0,0,0,0,0,0.2743682310469314,0.5234657039711191,0.776173285198556,0.9638989169675091,0.0,0.0,season-matched placebo,0.575,0.0,3.0
2016-05-01,0.0,mumbai,"Mumbai, India",tropical monsoon,157,0.20000000000002754,5,2016,20+,6.18725806451613,19.071494149045467,-0.3139375456230715,0.3139375456230715,0,0,0,0,0,0,0,0,0,0,0,0,0.039473684210526314,0.1074561403508772,0.23903508771929824,0.48026315789473684,156.0,0.10560454268745197,random drought day,0.3684210526315789,0.0398933623661919,3.8772519526907745
2016-05-02,1.4,nairobi,"Nairobi, Kenya",subtropical highland / bimodal rainfall,0,164.79999999999998,5,2016,0–2,106.88693548387096,59.75590066479438,0.9691605995698584,0.0,0,1,1,1,0,1,1,1,0,0,0,1,0.5518672199170125,0.7863070539419087,0.9315352697095436,0.970954356846473,0.0,0.0,season-matched placebo,0.5409836065573771,0.0,3.0
2016-05-02,0.0,tokyo,"Tokyo, Japan",humid subtropical,3,88.20000000000006,5,2016,3–5,112.75661290322584,46.35753486316777,-0.5297221471268662,0.5297221471268662,1,1,1,1,1,1,1,1,1,1,1,1,0.4507042253521127,0.8098591549295775,0.9929577464788732,1.0,2.0,0.4952078010831718,high prospective hazard,0.8947368421052632,0.01098742678557918,3.1711696317535165
2016-05-05,0.1,darwin,"Darwin, Australia",tropical savanna / monsoon,0,39.0,5,2016,0–2,39.95,59.091811180795744,-0.016076677648166983,0.016076677648166983,0,1,1,1,0,1,1,1,0,1,1,1,0.12941176470588237,0.25882352941176473,0.4470588235294118,0.5411764705882353,0.0,0.0922293612447472,season-matched placebo,0.6153846153846154,0.08586638060774443,4.7309853411642
2016-05-07,0.0,cape_town,"Cape Town, South Africa",Mediterranean winter-rainfall,7,48.29999999999999,5,2016,6–9,43.471774193548384,31.93177389758018,0.15120443423963656,0.0,0,1,1,1,0,0,0,1,0,0,0,0,0.17307692307692307,0.40384615384615385,0.7403846153846154,0.9423076923076923,6.0,0.0,dry-spell threshold,0.6375,0.018739649253784796,3.374792985075696
2016-05-07,4.5,darwin,"Darwin, Australia",tropical savanna / monsoon,2,36.199999999999996,5,2016,0–2,39.95,59.091811180795744,-0.06346056966381697,0.06346056966381697,1,1,1,1,1,1,1,1,1,1,1,1,0.12941176470588237,0.25882352941176473,0.4470588235294118,0.5411764705882353,1.0,0.04484546922909734,season-matched placebo,0.6296296296296297,0.10011139485275866,5.063312215337916
2016-05-08,0.0,brasilia,"Brasília, Brazil",tropical savanna,7,30.700000000000017,5,2016,6–9,47.016935483870974,41.55680838789718,-0.3926416901790521,0.3926416901790521,0,0,1,1,0,0,0,1,0,0,0,0,0.06666666666666667,0.16666666666666666,0.32222222222222224,0.6,6.0,0.3926416901790521,dry-spell threshold,0.45454545454545453,0.0,2.9455078120341005
2016-05-08,0.0,tokyo,"Tokyo, Japan",humid subtropical,4,56.60000000000005,5,2016,3–5,112.75661290322584,46.35753486316777,-1.2113804814898308,1.2113804814898308,1,1,1,1,1,1,1,1,1,1,1,1,0.4507042253521127,0.8098591549295775,0.9929577464788732,1.0,3.0,0.7022938773453381,30-day deficit threshold,0.9142857142857143,0.030536298966030273,3.3846271824386323
2016-05-09,15.9,darwin,"Darwin, Australia",tropical savanna / monsoon,0,47.199999999999996,5,2016,0–2,39.95,59.091811180795744,0.12269043468337913,0.0,1,1,1,1,1,1,1,1,1,1,1,1,0.12941176470588237,0.25882352941176473,0.4470588235294118,0.5411764705882353,0.0,0.0,season-matched placebo,0.6428571428571429,0.11333890808027192,5.266778161605439
2016-05-10,6.8,london,"London, United Kingdom",temperate maritime,0,37.89999999999999,5,2016,0–2,48.14758064516129,20.32479749389796,-0.5041910330588973,0.5041910330588973,1,1,1,1,1,1,1,1,1,1,1,1,0.3729281767955801,0.6215469613259669,0.8756906077348067,0.9668508287292817,6.0,0.4451498544021226,high prospective hazard,0.8035714285714286,0.012206813356779755,3.2078270592501457
2016-05-11,0.0,tucson,"Tucson, United States",hot semi-arid / monsoonal,29,1.7000000000000035,5,2016,20+,3.128064516129042,4.821333126196855,-0.2961970224313288,0.2961970224313288,0,0,0,1,0,0,0,0,0,0,0,0,0.020689655172413793,0.052873563218390804,0.10804597701149425,0.2045977011494253,28.0,0.1717501144299127,random drought day,0.39473684210526316,0.0,2.968745283792241
2016-05-13,0.0,tokyo,"Tokyo, Japan",humid subtropical,1,80.10000000000007,5,2016,0–2,112.75661290322584,46.35753486316777,-0.7044510239730689,0.7044510239730689,0,1,1,1,0,1,1,1,0,1,1,1,0.34831460674157305,0.6921348314606741,0.9707865168539326,1.0,0.0,0.7044510239730689,random drought day,0.9375,0.053750584680316016,4.203348223027665
2016-05-18,6.4,nairobi,"Nairobi, Kenya",subtropical highland / bimodal rainfall,6,135.0,5,2016,6–9,106.88693548387096,59.75590066479438,0.4704650788184347,0.0,1,1,1,1,1,1,1,1,0,0,0,0,0.2571428571428571,0.45714285714285713,0.5428571428571428,0.9142857142857143,5.0,0.0,random drought day,0.6842105263157895,0.05589157838173764,4.117831567634752
2016-05-19,0.2,cape_town,"Cape Town, South Africa",Mediterranean winter-rainfall,0,53.79999999999999,5,2016,0–2,43.471774193548384,31.93177389758018,0.3234466659941585,0.0,0,0,1,1,0,0,1,1,0,0,1,1,0.2743682310469314,0.5234657039711191,0.776173285198556,0.9638989169675091,18.0,0.0,season-matched placebo,0.5679012345679012,0.0,3.0
2016-05-20,0.0,cape_town,"Cape Town, South Africa",Mediterranean winter-rainfall,1,53.8,5,2016,0–2,43.471774193548384,31.93177389758018,0.3234466659941587,0.0,0,1,1,1,0,1,1,1,0,1,1,1,0.2743682310469314,0.5234657039711191,0.776173285198556,0.9638989169675091,0.0,0.0,season-matched placebo,0.573170731707317,0.0,3.0
2016-05-20,0.0,tokyo,"Tokyo, Japan",humid subtropical,2,101.90000000000006,5,2016,0–2,112.75661290322584,46.35753486316777,-0.23419305912773272,0.23419305912773272,0,0,1,1,0,0,1,1,0,0,1,1,0.34831460674157305,0.6921348314606741,0.9707865168539326,1.0,1.0,0.22772161924454037,season-matched placebo,0.82,0.0,2.9803844013506477
2016-05-22,1.6,london,"London, United Kingdom",temperate maritime,2,43.99999999999999,5,2016,0–2,48.14758064516129,20.32479749389796,-0.20406504155362487,0.20406504155362487,1,1,1,1,0,0,0,1,0,0,0,1,0.3729281767955801,0.6215469613259669,0.8756906077348067,0.9668508287292817,1.0,0.24342582732480836,season-matched placebo,0.7169811320754716,0.0,2.985083225859436
2016-05-22,0.0,tokyo,"Tokyo, Japan",humid subtropical,4,89.30000000000007,5,2016,3–5,112.75661290322584,46.35753486316777,-0.505993534221826,0.505993534221826,0,0,1,1,0,0,1,1,0,0,1,1,0.4507042253521127,0.8098591549295775,0.9929577464788732,1.0,3.0,0.23419305912773272,high prospective hazard,0.9,0.016250584680316038,3.3056765333490437
2016-05-22,0.0,tokyo,"Tokyo, Japan",humid subtropical,4,89.30000000000007,5,2016,3–5,112.75661290322584,46.35753486316777,-0.505993534221826,0.505993534221826,0,0,1,1,0,0,1,1,0,0,1,1,0.4507042253521127,0.8098591549295775,0.9929577464788732,1.0,3.0,0.23419305912773272,random drought day,0.9387755102040817,0.05502609488439769,4.248423783962175
2016-05-25,0.0,darwin,"Darwin, Australia",tropical savanna / monsoon,7,75.5,5,2016,6–9,39.95,59.091811180795744,0.6016062004129837,0.0,0,1,1,1,0,1,1,1,0,0,0,0,0.038461538461538464,0.07692307692307693,0.20512820512820512,0.38461538461538464,6.0,0.0,dry-spell threshold,0.6153846153846154,0.08586638060774443,4.717327612154889
2016-05-25,0.0,tokyo,"Tokyo, Japan",humid subtropical,7,84.10000000000005,5,2016,6–9,112.75661290322584,46.35753486316777,-0.6181651588638332,0.6181651588638332,1,1,1,1,1,1,1,1,1,1,1,1,0.6060606060606061,0.8484848484848485,1.0,1.0,6.0,0.6160080122361025,dry-spell threshold,0.8703703703703703,0.0,2.86846542879015
2016-05-28,0.0,brasilia,"Brasília, Brazil",tropical savanna,7,34.20000000000002,5,2016,6–9,47.016935483870974,41.55680838789718,-0.3084196304065474,0.3084196304065474,0,0,0,1,0,0,0,0,0,0,0,0,0.06666666666666667,0.16666666666666666,0.32222222222222224,0.6,6.0,0.26269908367290207,dry-spell threshold,0.4411764705882353,0.0,2.9661423153658313
2016-05-28,0.0,cape_town,"Cape Town, South Africa",Mediterranean winter-rainfall,4,21.39999999999999,5,2016,3–5,43.471774193548384,31.93177389758018,-0.6912166628870253,0.6912166628870253,0,0,1,1,0,0,1,1,0,0,0,1,0.22131147540983606,0.45901639344262296,0.7049180327868853,0.9508196721311475,3.0,0.6912166628870253,random drought day,0.5283018867924528,0.0,2.8373257392505997
2016-05-28,0.0,nairobi,"Nairobi, Kenya",subtropical highland / bimodal rainfall,7,75.0,5,2016,6–9,106.88693548387096,59.75590066479438,-0.533619862291815,0.533619862291815,1,1,1,1,0,0,0,0,0,0,0,0,0.2571428571428571,0.45714285714285713,0.5428571428571428,0.9142857142857143,6.0,0.3796601713215767,dry-spell threshold,0.639344262295082,0.011025314361030158,3.17098687316908
2016-05-30,0.0,london,"London, United Kingdom",temperate maritime,7,36.79999999999999,5,2016,6–9,48.14758064516129,20.32479749389796,-0.5583121134942743,0.5583121134942743,1,1,1,1,1,1,1,1,1,1,1,1,0.2857142857142857,0.6071428571428571,0.7619047619047619,0.9285714285714286,6.0,0.5386317206086828,dry-spell threshold,0.7777777777777778,0.0,2.8918296935227454
2016-05-31,0.0,brasilia,"Brasília, Brazil",tropical savanna,10,5.400000000000015,5,2016,10–19,47.016935483870974,41.55680838789718,-1.0014468651060147,1.0014468651060147,0,0,0,1,0,0,0,0,0,0,0,0,0.06914893617021277,0.20212765957446807,0.4095744680851064,0.5531914893617021,9.0,0.9557263183723692,30-day deficit threshold,0.5416666666666666,0.0,2.677740614512683
2016-05-31,0.0,cape_town,"Cape Town, South Africa",Mediterranean winter-rainfall,7,16.199999999999992,5,2016,6–9,43.471774193548384,31.93177389758018,-0.8540638638185734,0.8540638638185734,1,1,1,1,1,1,1,1,0,0,0,1,0.17307692307692307,0.40384615384615385,0.7403846153846154,0.9423076923076923,6.0,0.8540638638185734,dry-spell threshold,0.6296296296296297,0.01086927888341449,3.0437901359845965
2016-05-31,0.0,nairobi,"Nairobi, Kenya",subtropical highland / bimodal rainfall,10,44.1,5,2016,10–19,106.88693548387096,59.75590066479438,-1.0507236069635937,1.0507236069635937,0,0,1,1,0,0,0,0,0,0,0,0,0.125,0.25,0.75,1.0,9.0,0.8783556920730008,30-day deficit threshold,0.9333333333333333,0.3050143853992815,10.865639706127196
2016-06-01,3.6,cape_town,"Cape Town, South Africa",Mediterranean winter-rainfall,8,16.199999999999992,6,2016,6–9,74.97083333333333,32.39451662165692,-1.8142216480564148,1.8142216480564148,0,0,0,1,0,0,0,1,0,0,0,1,0.44594594594594594,0.6891891891891891,0.8378378378378378,0.9864864864864865,7.0,0.8540638638185734,30-day deficit threshold,0.8260869565217391,0.20732660577552398,7.819459731695727
2016-06-01,3.6,cape_town,"Cape Town, South Africa",Mediterranean winter-rainfall,8,16.199999999999992,6,2016,6–9,74.97083333333333,32.39451662165692,-1.8142216480564148,1.8142216480564148,0,0,0,1,0,0,0,1,0,0,0,1,0.44594594594594594,0.6891891891891891,0.8378378378378378,0.9864864864864865,7.0,0.8540638638185734,high prospective hazard,0.8333333333333334,0.2145729825871182,8.017595365323919
2016-06-01,0.7,mumbai,"Mumbai, India",tropical monsoon,0,13.200000000000028,6,2016,0–2,177.036,162.86130462730597,-1.0059848186462985,1.0059848186462985,1,1,1,1,0,0,0,1,0,0,0,1,0.9471624266144814,0.9823874755381604,1.0,1.0,0.0,0.0,30-day deficit threshold,0.8333333333333334,0.5048056430679464,16.206279769748775
2016-06-01,0.7,mumbai,"Mumbai, India",tropical monsoon,0,13.200000000000028,6,2016,0–2,177.036,162.86130462730597,-1.0059848186462985,1.0059848186462985,1,1,1,1,0,0,0,1,0,0,0,1,0.9471624266144814,0.9823874755381604,1.0,1.0,0.0,0.0,high prospective hazard,0.8571428571428571,0.5286151668774701,16.844486230468693
2016-06-01,0.0,tokyo,"Tokyo, Japan",humid subtropical,1,100.10000000000005,6,2016,0–2,141.02533333333335,50.96106823528811,-0.8030705546512554,0.8030705546512554,0,0,1,1,0,0,1,1,0,0,0,1,0.4896694214876033,0.8078512396694215,0.9772727272727273,1.0,0.0,0.27302169842688917,high prospective hazard,0.9047619047619048,0.021012489442220783,3.331191719037108
2016-06-05,1.4,darwin,"Darwin, Australia",tropical savanna / monsoon,7,47.7,6,2016,6–9,9.110999999999999,21.38688875653665,1.804329766675657,0.0,0,1,1,1,0,0,0,0,0,0,0,0,0.0,0.0,0.0,0.03125,6.0,0.0,dry-spell threshold,0.6296296296296297,0.10011139485275866,5.002227897055173
2016-06-06,0.0,darwin,"Darwin, Australia",tropical savanna / monsoon,0,49.1,6,2016,0–2,9.110999999999999,21.38688875653665,1.8697904335326867,0.0,1,1,1,1,0,0,0,0,0,0,0,0,0.045454545454545456,0.045454545454545456,0.045454545454545456,0.045454545454545456,7.0,0.0,season-matched placebo,0.6551724137931034,0.12565417901623244,5.513083580324649
2016-06-07,0.7,nairobi,"Nairobi, Kenya",subtropical highland / bimodal rainfall,17,28.3,6,2016,10–19,54.527166666666666,41.728924227297085,-0.62851288769889,0.62851288769889,0,0,0,1,0,0,0,1,0,0,0,1,0.0989010989010989,0.27472527472527475,0.4945054945054945,0.5824175824175825,16.0,0.5518274696284499,random drought day,0.6923076923076923,0.06398874437364044,4.470056455760137
2016-06-07,1.3,tokyo,"Tokyo, Japan",humid subtropical,7,91.60000000000005,6,2016,6–9,141.02533333333335,50.96106823528811,-0.9698645465031405,0.9698645465031405,1,1,1,1,1,1,1,1,0,0,1,1,0.5,0.9090909090909091,1.0,1.0,6.0,0.9698645465031405,dry-spell threshold,0.8727272727272727,0.0,2.6957169861803885
2016-06-08,0.5,darwin,"Darwin, Australia",tropical savanna / monsoon,2,38.1,6,2016,0–2,9.110999999999999,21.38688875653665,1.3554566225131675,0.0,1,1,1,1,0,0,0,0,0,0,0,0,0.045454545454545456,0.045454545454545456,0.045454545454545456,0.045454545454545456,1.0,0.0,season-matched placebo,0.6333333333333333,0.10381509855646232,5.076301971129246
2016-06-08,0.2,mumbai,"Mumbai, India",tropical monsoon,7,14.300000000000027,6,2016,6–9,177.036,162.86130462730597,-0.9992306052834787,0.9992306052834787,1,1,1,1,1,1,1,1,0,1,1,1,0.8533333333333334,0.9283333333333333,0.9866666666666667,1.0,6.0,0.9992306052834787,dry-spell threshold,0.3157894736842105,0.0,2.679012948313425
2016-06-09,5.9,cape_town,"Cape Town, South Africa",Mediterranean winter-rainfall,7,19.099999999999994,6,2016,6–9,74.97083333333333,32.39451662165692,-1.7247003246216566,1.7247003246216566,1,1,1,1,1,1,1,1,1,1,1,1,0.44594594594594594,0.6891891891891891,0.8378378378378378,0.9864864864864865,6.0,1.7030917293098184,dry-spell threshold,0.6341463414634146,0.015385990717199483,2.6331696506111597
2016-06-09,1.2,tokyo,"Tokyo, Japan",humid subtropical,0,85.90000000000005,6,2016,0–2,141.02533333333335,50.96106823528811,-1.0817146351567575,1.0817146351567575,1,1,1,1,0,1,1,1,0,1,1,1,0.4896694214876033,0.8078512396694215,0.9772727272727273,1.0,0.0,0.9443548771610875,30-day deficit threshold,0.9166666666666666,0.032917251346982646,3.5201427068562383
2016-06-13,0.0,darwin,"Darwin, Australia",tropical savanna / monsoon,7,8.9,6,2016,6–9,9.110999999999999,21.38688875653665,-0.00986585764773798,0.00986585764773798,0,0,1,1,0,0,0,0,0,0,0,0,0.0,0.0,0.0,0.03125,6.0,0.00986585764773798,dry-spell threshold,0.6071428571428571,0.0776246223659861,4.560097519130393
2016-06-13,0.0,tucson,"Tucson, United States",hot semi-arid / monsoonal,2,1.8000000000000036,6,2016,0–2,2.467166666666676,3.3015611179028084,-0.20207612182277715,0.20207612182277715,0,0,0,1,0,0,0,1,0,0,0,0,0.11904761904761904,0.23809523809523808,0.30952380952380953,0.5476190476190477,1.0,0.20207612182277715,season-matched placebo,0.2835820895522388,0.0,2.9853711705232193
2016-06-16,0.2,nairobi,"Nairobi, Kenya",subtropical highland / bimodal rainfall,26,14.5,6,2016,20+,54.527166666666666,41.728924227297085,-0.9592187531276637,0.9592187531276637,1,1,1,1,1,1,1,1,0,0,1,1,0.235,0.42,0.6083333333333333,0.7533333333333333,25.0,0.9592187531276637,random drought day,0.675,0.04668105206594819,3.945737397522137
2016-06-17,0.0,cape_town,"Cape Town, South Africa",Mediterranean winter-rainfall,1,89.0,6,2016,0–2,74.97083333333333,32.39451662165692,0.4330722643747571,0.0,0,1,1,1,0,1,1,1,0,1,1,1,0.3342776203966006,0.5524079320113314,0.8753541076487252,0.9716713881019831,0.0,0.0,season-matched placebo,0.5783132530120482,0.0,3.0
2016-06-17,0.0,tokyo,"Tokyo, Japan",humid subtropical,0,107.60000000000004,6,2016,0–2,141.02533333333335,50.96106823528811,-0.6558993853701808,0.6558993853701808,0,1,1,1,0,1,1,1,0,1,1,1,0.4896694214876033,0.8078512396694215,0.9772727272727273,1.0,1.0,0.2241972888123605,high prospective hazard,0.9090909090909091,0.025341493771225077,3.492733999260524
2016-06-18,3.4,mumbai,"Mumbai, India",tropical monsoon,0,57.300000000000026,6,2016,0–2,177.036,162.86130462730597,-0.7352022647368905,0.7352022647368905,1,1,1,1,1,1,1,1,1,1,1,1,0.9471624266144814,0.9823874755381604,1.0,1.0,0.0,0.768359312154369,random drought day,0.35,0.02147230973461295,3.368801587919025
2016-06-18,3.7,nairobi,"Nairobi, Kenya",subtropical highland / bimodal rainfall,0,10.7,6,2016,0–2,54.527166666666666,41.728924227297085,-1.0502826870863116,1.0502826870863116,1,1,1,1,1,1,1,1,0,1,1,1,0.3273381294964029,0.5359712230215827,0.7086330935251799,0.8237410071942446,27.0,0.9640115917570661,30-day deficit threshold,0.875,0.24668105206594815,9.294186384398003
2016-06-18,0.0,tucson,"Tucson, United States",hot semi-arid / monsoonal,7,1.8000000000000036,6,2016,6–9,2.467166666666676,3.3015611179028084,-0.20207612182277715,0.20207612182277715,0,0,1,1,0,0,1,1,0,0,0,1,0.023809523809523808,0.11904761904761904,0.19047619047619047,0.2619047619047619,6.0,0.20207612182277715,dry-spell threshold,0.44,0.019068237305187197,3.403220736712669
2016-06-25,0.0,tokyo,"Tokyo, Japan",humid subtropical,0,155.70000000000005,6,2016,0–2,141.02533333333335,50.96106823528811,0.28795838028578036,0.0,0,1,1,1,0,1,1,1,0,1,1,1,0.4896694214876033,0.8078512396694215,0.9772727272727273,1.0,0.0,0.0,season-matched placebo,0.8235294117647058,0.0,3.0
2016-06-27,0.0,nairobi,"Nairobi, Kenya",subtropical highland / bimodal rainfall,3,33.6,6,2016,3–5,54.527166666666666,41.728924227297085,-0.5015026640197233,0.5015026640197233,0,0,0,0,0,0,0,0,0,0,0,0,0.176,0.392,0.576,0.776,2.0,0.5062955026491259,random drought day,0.6829268292682927,0.05460788133424088,4.238108974290394
2016-06-29,0.0,darwin,"Darwin, Australia",tropical savanna / monsoon,23,2.9,6,2016,20+,9.110999999999999,21.38688875653665,-0.2904115727492939,0.2904115727492939,0,0,0,1,0,0,0,1,0,0,0,0,0.014527845036319613,0.04116222760290557,0.09443099273607748,0.14769975786924938,22.0,0.2623570012391383,random drought day,0.20833333333333334,0.0,2.9699422075010604
2016-06-30,33.8,mumbai,"Mumbai, India",tropical monsoon,0,476.70000000000005,6,2016,0–2,177.036,162.86130462730597,1.8399950846872757,0.0,1,1,1,1,1,1,1,1,1,1,1,1,0.9471624266144814,0.9823874755381604,1.0,1.0,0.0,0.0,season-matched placebo,0.5,0.17147230973461297,6.429446194692259
2016-07-01,0.0,nairobi,"Nairobi, Kenya",subtropical highland / bimodal rainfall,7,33.4,7,2016,6–9,21.771290322580644,22.31910042743049,0.521020536433785,0.0,0,0,0,0,0,0,0,0,0,0,0,0,0.06976744186046512,0.20930232558139536,0.37209302325581395,0.627906976744186,6.0,0.5062955026491259,dry-spell threshold,0.6290322580645161,0.000713310130464273,3.0142662026092855
2016-07-01,9.0,tucson,"Tucson, United States",hot semi-arid / monsoonal,0,25.900000000000002,7,2016,0–2,14.544838709677434,14.835603895577684,0.7653993305730821,0.0,1,1,1,1,0,0,0,0,0,0,0,0,0.32677165354330706,0.5433070866141733,0.7677165354330708,0.9212598425196851,4.0,0.0,season-matched placebo,0.27941176470588236,0.0,3.0
2016-07-02,0.0,cape_town,"Cape Town, South Africa",Mediterranean winter-rainfall,0,113.3,7,2016,0–2,86.68548387096774,47.99031891727379,0.5545809390204436,0.0,0,1,1,1,0,1,1,1,0,1,1,1,0.32732732732732733,0.5495495495495496,0.8408408408408409,0.9669669669669669,0.0,0.0,season-matched placebo,0.5833333333333334,0.0,3.0
2016-07-02,1.5,london,"London, United Kingdom",temperate maritime,1,112.79999999999998,7,2016,0–2,53.25306451612904,23.654472339833752,2.5173647768754015,0.0,0,1,1,1,0,0,0,1,0,0,0,1,0.380352644836272,0.6926952141057935,0.8589420654911839,0.9748110831234257,0.0,0.0,season-matched placebo,0.7037037037037037,0.0,3.0
2016-07-02,0.0,tokyo,"Tokyo, Japan",humid subtropical,2,157.30000000000004,7,2016,0–2,175.2385483870968,78.86270240028857,-0.22746555521322248,0.22746555521322248,0,0,1,1,0,0,1,1,0,0,1,1,0.42452830188679247,0.6839622641509434,0.8891509433962265,0.9905660377358491,1.0,0.22746555521322248,season-matched placebo,0.8269230769230769,0.0,2.9814883281827
2016-07-07,0.0,tokyo,"Tokyo, Japan",humid subtropical,7,157.30000000000004,7,2016,6–9,175.2385483870968,78.86270240028857,-0.22746555521322248,0.22746555521322248,1,1,1,1,1,1,1,1,1,1,1,1,0.31343283582089554,0.6119402985074627,0.9402985074626866,1.0,6.0,0.22746555521322248,dry-spell threshold,0.875,0.0,2.9814883281827
2016-07-07,0.9,tucson,"Tucson, United States",hot semi-arid / monsoonal,5,35.7,7,2016,3–5,14.544838709677434,14.835603895577684,1.4259723728960347,0.0,0,0,0,1,0,0,0,1,0,0,0,0,0.1951219512195122,0.45121951219512196,0.7195121951219512,0.8292682926829268,4.0,0.0,random drought day,0.38461538461538464,0.0,3.0
2016-07-09,0.0,tucson,"Tucson, United States",hot semi-arid / monsoonal,7,36.6,7,2016,6–9,14.544838709677434,14.835603895577684,1.4866372441297753,0.0,0,0,0,1,0,0,0,1,0,0,0,0,0.23076923076923078,0.49230769230769234,0.6461538461538462,0.9076923076923077,6.0,0.0,dry-spell threshold,0.4473684210526316,0.026436658357818776,3.5287331671563757
2016-07-10,0.2,london,"London, United Kingdom",temperate maritime,7,95.69999999999999,7,2016,6–9,53.25306451612904,23.654472339833752,1.7944570850727029,0.0,1,1,1,1,1,1,1,1,0,1,1,1,0.14285714285714285,0.4603174603174603,0.9047619047619048,1.0,6.0,0.0,dry-spell threshold,0.7818181818181819,0.0,3.0
2016-07-11,0.0,cape_town,"Cape Town, South Africa",Mediterranean winter-rainfall,5,102.3,7,2016,3–5,86.68548387096774,47.99031891727379,0.3253680425826867,0.0,0,0,1,1,0,0,1,1,0,0,1,1,0.20270270270270271,0.5472972972972973,0.7905405405405406,0.9527027027027027,4.0,0.0,random drought day,0.5370370370370371,0.0,3.0
2016-07-12,4.0,darwin,"Darwin, Australia",tropical savanna / monsoon,36,0.1,7,2016,20+,1.6995161290322582,4.838728697046019,-0.33056536730582603,0.33056536730582603,1,1,1,1,0,0,0,0,0,0,0,0,0.007220216606498195,0.021660649819494584,0.048736462093862815,0.11371841155234658,35.0,0.33056536730582603,random drought day,0.2,0.0,2.9611707149070474
2016-07-13,0.0,cape_town,"Cape Town, South Africa",Mediterranean winter-rainfall,7,102.3,7,2016,6–9,86.68548387096774,47.99031891727379,0.3253680425826867,0.0,0,1,1,1,0,1,1,1,0,1,1,1,0.37362637362637363,0.5494505494505495,0.7472527472527473,0.978021978021978,6.0,0.0,dry-spell threshold,0.6385542168674698,0.019793866121254666,3.3958773224250933
2016-07-13,0.1,darwin,"Darwin, Australia",tropical savanna / monsoon,0,4.1,7,2016,0–2,1.6995161290322582,4.838728697046019,0.49609804997606205,0.0,0,0,0,0,0,0,0,0,0,0,0,0,0.008064516129032258,0.025806451612903226,0.05967741935483871,0.13064516129032258,36.0,0.33056536730582603,season-matched placebo,0.6129032258064516,0.08338499102958064,4.667699820591613
2016-07-13,2.2,london,"London, United Kingdom",temperate maritime,0,98.8,7,2016,0–2,53.25306451612904,23.654472339833752,1.9255105262767012,0.0,0,0,1,1,0,0,1,1,0,0,0,0,0.380352644836272,0.6926952141057935,0.8589420654911839,0.9748110831234257,0.0,0.0,season-matched placebo,0.6909090909090909,0.0,3.0
2016-07-16,0.0,cape_town,"Cape Town, South Africa",Mediterranean winter-rainfall,0,58.3,7,2016,0–2,86.68548387096774,47.99031891727379,-0.5914835431683406,0.5914835431683406,0,1,1,1,0,0,1,1,0,0,1,1,0.32732732732732733,0.5495495495495496,0.8408408408408409,0.9669669669669669,9.0,0.41228073322609454,high prospective hazard,0.7894736842105263,0.17071333346431117,7.124888495469802
2016-07-18,0.4,nairobi,"Nairobi, Kenya",subtropical highland / bimodal rainfall,24,29.7,7,2016,20+,21.771290322580644,22.31910042743049,0.35524324572126836,0.0,0,0,1,1,0,0,0,0,0,0,0,0,0.0736196319018405,0.1656441717791411,0.3067484662576687,0.49693251533742333,23.0,0.0,random drought day,0.6666666666666666,0.03834771873261478,3.7669543746522955
2016-07-20,23.8,cape_town,"Cape Town, South Africa",Mediterranean winter-rainfall,4,36.99999999999999,7,2016,3–5,86.68548387096774,47.99031891727379,-1.0353230608159971,1.0353230608159971,1,1,1,1,1,1,1,1,0,0,1,1,0.20270270270270271,0.5472972972972973,0.7905405405405406,0.9527027027027027,3.0,0.5956510503763,30-day deficit threshold,0.7916666666666666,0.17290631592045147,7.308227939371675
2016-07-20,0.0,darwin,"Darwin, Australia",tropical savanna / monsoon,7,4.1000000000000005,7,2016,6–9,1.6995161290322582,4.838728697046019,0.4960980499760622,0.0,0,0,0,0,0,0,0,0,0,0,0,0,0.008064516129032258,0.025806451612903226,0.05967741935483871,0.13064516129032258,6.0,0.0,dry-spell threshold,0.5862068965517241,0.0566886617748531,4.1337732354970615
2016-07-21,0.4,tucson,"Tucson, United States",hot semi-arid / monsoonal,0,37.7,7,2016,0–2,14.544838709677434,14.835603895577684,1.5607831978599027,0.0,0,0,1,1,0,0,0,1,0,0,0,1,0.32677165354330706,0.5433070866141733,0.7677165354330708,0.9212598425196851,18.0,0.0,season-matched placebo,0.2753623188405797,0.0,3.0
2016-07-24,0.4,london,"London, United Kingdom",temperate maritime,6,32.599999999999994,7,2016,6–9,53.25306451612904,23.654472339833752,-0.8731145729828694,0.8731145729828694,0,1,1,1,0,1,1,1,0,0,0,1,0.14285714285714285,0.4603174603174603,0.9047619047619048,1.0,5.0,0.0,high prospective hazard,0.8070175438596491,0.01565292864500023,3.160596800380628
2016-07-24,0.0,nairobi,"Nairobi, Kenya",subtropical highland / bimodal rainfall,30,0.7000000000000001,7,2016,20+,21.771290322580644,22.31910042743049,-0.944092276079538,0.944092276079538,1,1,1,1,0,0,0,0,0,0,0,0,0.0736196319018405,0.1656441717791411,0.3067484662576687,0.49693251533742333,29.0,0.8231196585325665,random drought day,0.6511627906976745,0.022843842763622613,3.317692608608593
2016-07-25,0.0,london,"London, United Kingdom",temperate maritime,7,31.599999999999994,7,2016,6–9,53.25306451612904,23.654472339833752,-0.9153898765970623,0.9153898765970623,0,1,1,1,0,1,1,1,0,0,1,1,0.14285714285714285,0.4603174603174603,0.9047619047619048,1.0,6.0,0.8731145729828694,dry-spell threshold,0.7857142857142857,0.0,2.7259032455228227
2016-07-26,0.0,london,"London, United Kingdom",temperate maritime,8,26.499999999999993,7,2016,6–9,53.25306451612904,23.654472339833752,-1.1309939250294463,1.1309939250294463,1,1,1,1,1,1,1,1,0,0,1,1,0.14285714285714285,0.4603174603174603,0.9047619047619048,1.0,7.0,0.9153898765970623,30-day deficit threshold,0.96,0.16863538478535112,7.178136429003552
2016-07-28,0.8,tucson,"Tucson, United States",hot semi-arid / monsoonal,7,36.1,7,2016,6–9,14.544838709677434,14.835603895577684,1.4529345378888083,0.0,1,1,1,1,0,1,1,1,0,1,1,1,0.23076923076923078,0.49230769230769234,0.6461538461538462,0.9076923076923077,6.0,0.0,dry-spell threshold,0.44155844155844154,0.020626678863628733,3.4125335772725744
2016-08-01,0.0,nairobi,"Nairobi, Kenya",subtropical highland / bimodal rainfall,38,0.6000000000000001,8,2016,20+,15.798225806451612,13.574939376533305,-1.119579644880363,1.119579644880363,0,0,1,1,0,0,0,1,0,0,0,0,0.08264462809917356,0.2231404958677686,0.4049586776859504,0.628099173553719,37.0,0.9485727433960925,30-day deficit threshold,0.8823529411764706,0.2540339932424187,9.496392572916612
2016-08-01,40.4,tucson,"Tucson, United States",hot semi-arid / monsoonal,0,13.100000000000003,8,2016,0–2,33.28145161290324,19.113990033841972,-1.0558471348562644,1.0558471348562644,1,1,1,1,1,1,1,1,1,1,1,1,0.28823529411764703,0.5647058823529412,0.7941176470588235,0.9470588235294117,0.0,0.0,30-day deficit threshold,0.5,0.0790682373051872,4.777131385071988
2016-08-01,40.4,tucson,"Tucson, United States",hot semi-arid / monsoonal,0,13.100000000000003,8,2016,0–2,33.28145161290324,19.113990033841972,-1.0558471348562644,1.0558471348562644,1,1,1,1,1,1,1,1,1,1,1,1,0.28823529411764703,0.5647058823529412,0.7941176470588235,0.9470588235294117,0.0,0.0,high prospective hazard,0.47619047619047616,0.05525871349566336,4.135398241317848
2016-08-04,0.4,london,"London, United Kingdom",temperate maritime,1,41.29999999999999,8,2016,0–2,55.292419354838714,24.80198980927015,-0.5641651924882587,0.5641651924882587,1,1,1,1,0,0,0,1,0,0,0,0,0.3815789473684211,0.6447368421052632,0.8289473684210527,0.95,0.0,0.5601332579229672,random drought day,0.8043478260869565,0.012983210872307693,3.2102972539976613
2016-08-06,0.0,cape_town,"Cape Town, South Africa",Mediterranean winter-rainfall,2,67.1,8,2016,0–2,74.69370967741935,33.4152617533005,-0.22725273659331152,0.22725273659331152,0,0,1,1,0,0,1,1,0,0,1,1,0.2782608695652174,0.5681159420289855,0.8173913043478261,0.9536231884057971,1.0,0.22426009207242528,season-matched placebo,0.5882352941176471,0.0,2.9815227380721963
2016-08-07,0.0,brasilia,"Brasília, Brazil",tropical savanna,78,0.0,8,2016,20+,2.3637096774193593,6.427210615565409,-0.36776602149849125,0.36776602149849125,0,0,0,1,0,0,0,1,0,0,0,0,0.023622047244094488,0.05905511811023622,0.13582677165354332,0.2874015748031496,77.0,0.36776602149849125,random drought day,0.45161290322580644,0.0,2.952086974259947
2016-08-08,0.4,tucson,"Tucson, United States",hot semi-arid / monsoonal,2,62.00000000000001,8,2016,0–2,33.28145161290324,19.113990033841972,1.5024884043702857,0.0,1,1,1,1,0,1,1,1,0,1,1,1,0.28823529411764703,0.5647058823529412,0.7941176470588235,0.9470588235294117,1.0,0.0,season-matched placebo,0.2714285714285714,0.0,3.0
2016-08-10,0.1,london,"London, United Kingdom",temperate maritime,7,40.99999999999999,8,2016,6–9,55.292419354838714,24.80198980927015,-0.5762609961841325,0.5762609961841325,1,1,1,1,0,0,0,1,0,0,0,0,0.19696969696969696,0.45454545454545453,0.7121212121212122,0.8636363636363636,6.0,0.5681971270535497,dry-spell threshold,0.7894736842105263,0.0,2.885033691512552
2016-08-10,0.5,tokyo,"Tokyo, Japan",humid subtropical,7,94.60000000000007,8,2016,6–9,104.671935483871,67.34377615546884,-0.1495600047823129,0.1495600047823129,0,0,1,1,0,0,1,1,0,0,1,1,0.37142857142857144,0.6428571428571429,0.7714285714285715,0.9428571428571428,6.0,0.1495600047823129,dry-spell threshold,0.8771929824561403,0.0,2.991969006448631
2016-08-11,0.0,cape_town,"Cape Town, South Africa",Mediterranean winter-rainfall,7,66.89999999999999,8,2016,6–9,74.69370967741935,33.4152617533005,-0.23323802563508442,0.23323802563508442,1,1,1,1,1,1,1,1,0,1,1,1,0.1951219512195122,0.47560975609756095,0.8048780487804879,0.9878048780487805,6.0,0.23323802563508442,dry-spell threshold,0.6428571428571429,0.024096792110927745,3.5151915637212516
2016-08-13,0.1,london,"London, United Kingdom",temperate maritime,10,29.499999999999993,8,2016,10–19,55.292419354838714,24.80198980927015,-1.0399334711926371,1.0399334711926371,0,0,1,1,0,0,1,1,0,0,0,1,0.3076923076923077,0.5384615384615384,0.6923076923076923,0.7435897435897436,9.0,0.9512309107562277,30-day deficit threshold,0.9615384615384616,0.17017384632381272,7.234333257931936
2016-08-17,0.0,nairobi,"Nairobi, Kenya",subtropical highland / bimodal rainfall,7,4.4,8,2016,6–9,15.798225806451612,13.574939376533305,-0.8396520596000208,0.8396520596000208,0,0,1,1,0,0,1,1,0,0,1,1,0.07692307692307693,0.19230769230769232,0.4230769230769231,0.7019230769230769,6.0,0.8617516058063637,dry-spell threshold,0.6190476190476191,0.0,2.7659919125081616
2016-08-19,0.3,tucson,"Tucson, United States",hot semi-arid / monsoonal,7,68.5,8,2016,6–9,33.28145161290324,19.113990033841972,1.8425534555967182,0.0,1,1,1,1,0,0,0,1,0,0,0,0,0.21686746987951808,0.46987951807228917,0.7831325301204819,0.9397590361445783,6.0,0.0,dry-spell threshold,0.44871794871794873,0.027786186023135928,3.5557237204627183
2016-08-20,0.0,cape_town,"Cape Town, South Africa",Mediterranean winter-rainfall,5,49.99999999999999,8,2016,3–5,74.69370967741935,33.4152617533005,-0.7389949496648879,0.7389949496648879,1,1,1,1,1,1,1,1,1,1,1,1,0.3053435114503817,0.5190839694656488,0.8091603053435115,0.9770992366412213,4.0,0.026745553693921863,high prospective hazard,0.8,0.18123964925378488,7.4743252192212495
2016-08-22,0.6,london,"London, United Kingdom",temperate maritime,0,36.699999999999996,8,2016,0–2,55.292419354838714,24.80198980927015,-0.7496341824916603,0.7496341824916603,0,1,1,1,0,1,1,1,0,0,1,1,0.3815789473684211,0.6447368421052632,0.8289473684210527,0.95,0.0,0.9028476959727315,random drought day,0.7872340425531915,0.0,2.810477767515453
2016-08-24,0.0,nairobi,"Nairobi, Kenya",subtropical highland / bimodal rainfall,0,13.3,8,2016,0–2,15.798225806451612,13.574939376533305,-0.1840321888118512,0.1840321888118512,0,1,1,1,0,0,0,0,0,0,0,0,0.19078947368421054,0.34868421052631576,0.4473684210526316,0.625,0.0,0.41976068167950775,season-matched placebo,0.5483870967741935,0.0,2.987856926423462
2016-08-25,0.0,tokyo,"Tokyo, Japan",humid subtropical,0,223.70000000000005,8,2016,0–2,104.671935483871,67.34377615546884,1.7674694130804698,0.0,1,1,1,1,0,1,1,1,0,1,1,1,0.36220472440944884,0.6299212598425197,0.8976377952755905,0.973753280839895,0.0,0.0,season-matched placebo,0.8301886792452831,0.0,3.0
2016-08-26,0.0,cape_town,"Cape Town, South Africa",Mediterranean winter-rainfall,3,47.199999999999996,8,2016,3–5,74.69370967741935,33.4152617533005,-0.8227889962497074,0.8227889962497074,0,0,1,1,0,0,1,1,0,0,0,1,0.3053435114503817,0.5190839694656488,0.8091603053435115,0.9770992366412213,2.0,0.3768849626376321,high prospective hazard,0.8095238095238095,0.19076345877759437,7.754861938896171
2016-08-26,0.0,nairobi,"Nairobi, Kenya",subtropical highland / bimodal rainfall,2,13.200000000000001,8,2016,0–2,15.798225806451612,13.574939376533305,-0.19139870421396546,0.19139870421396546,1,1,1,1,0,0,0,0,0,0,0,0,0.19078947368421054,0.34868421052631576,0.4473684210526316,0.625,1.0,0.19139870421396546,season-matched placebo,0.5396825396825397,0.0,2.986869674087632
2016-08-28,18.1,tokyo,"Tokyo, Japan",humid subtropical,0,231.50000000000006,8,2016,0–2,104.671935483871,67.34377615546884,1.883293033989298,0.0,1,1,1,1,1,1,1,1,1,1,1,1,0.36220472440944884,0.6299212598425197,0.8976377952755905,0.973753280839895,2.0,0.0,season-matched placebo,0.8333333333333334,0.0,3.0
2016-08-30,0.0,cape_town,"Cape Town, South Africa",Mediterranean winter-rainfall,7,41.49999999999999,8,2016,6–9,74.69370967741935,33.4152617533005,-0.9933697339402329,0.9933697339402329,1,1,1,1,1,1,1,1,0,0,1,1,0.1951219512195122,0.47560975609756095,0.8048780487804879,0.9878048780487805,6.0,0.9933697339402329,dry-spell threshold,0.6470588235294118,0.028298472783196638,3.4397619130809267
2016-08-31,0.0,nairobi,"Nairobi, Kenya",subtropical highland / bimodal rainfall,7,13.500000000000002,8,2016,6–9,15.798225806451612,13.574939376533305,-0.1692991580076226,0.1692991580076226,0,1,1,1,0,0,0,0,0,0,0,0,0.07692307692307693,0.19230769230769232,0.4230769230769231,0.7019230769230769,6.0,0.1840321888118512,dry-spell threshold,0.625,0.0,2.9897169743378726
2016-09-01,0.0,brasilia,"Brasília, Brazil",tropical savanna,7,10.900000000000015,9,2016,6–9,19.803000000000004,23.575053826836342,-0.37764494899542417,0.37764494899542417,0,0,0,0,0,0,0,0,0,0,0,0,0.22413793103448276,0.39655172413793105,0.7758620689655172,0.8793103448275862,6.0,0.0,dry-spell threshold,0.42857142857142855,0.0,2.94952221627997
2016-09-02,0.1,cape_town,"Cape Town, South Africa",Mediterranean winter-rainfall,1,35.39999999999999,9,2016,0–2,54.838166666666666,32.362710563712156,-0.600634691225846,0.600634691225846,0,1,1,1,0,1,1,1,0,1,1,1,0.23659305993690852,0.5205047318611987,0.7760252365930599,0.9305993690851735,0.0,0.3070869681048966,random drought day,0.5454545454545454,0.0,2.8755148119044627
2016-09-03,2.8,london,"London, United Kingdom",temperate maritime,0,24.899999999999995,9,2016,0–2,47.54533333333333,27.251647633126485,-0.8309711632189968,0.8309711632189968,1,1,1,1,0,1,1,1,0,0,1,1,0.40797546012269936,0.6993865030674846,0.8865030674846626,0.9570552147239264,4.0,0.8786747009096776,high prospective hazard,0.8103448275862069,0.018980212371558003,3.266645008535462
2016-09-04,0.2,darwin,"Darwin, Australia",tropical savanna / monsoon,0,5.5,9,2016,0–2,7.027166666666667,8.393407778078227,-0.1819483464934585,0.1819483464934585,0,0,1,1,0,0,0,1,0,0,0,1,0.1910828025477707,0.35668789808917195,0.5923566878980892,0.8789808917197452,1.0,0.4798011455114523,season-matched placebo,0.59375,0.06423176522312901,4.384087607146862
2016-09-07,0.0,brasilia,"Brasília, Brazil",tropical savanna,13,10.900000000000015,9,2016,10–19,19.803000000000004,23.575053826836342,-0.37764494899542417,0.37764494899542417,0,0,0,1,0,0,0,1,0,0,0,0,0.2786885245901639,0.5081967213114754,0.7213114754098361,0.9672131147540983,12.0,0.37764494899542417,random drought day,0.4375,0.0,2.94952221627997
2016-09-07,3.4,mumbai,"Mumbai, India",tropical monsoon,0,251.80000000000004,9,2016,0–2,332.65,143.16896726821696,-0.5647173514113094,0.5647173514113094,1,1,1,1,1,1,1,1,0,0,1,1,0.7931034482758621,0.9074410163339383,0.9600725952813067,0.9909255898366606,1.0,0.4976637141379818,high prospective hazard,0.8,0.471472309734613,14.535671151538935
2016-09-10,0.0,tucson,"Tucson, United States",hot semi-arid / monsoonal,1,57.80000000000001,9,2016,0–2,30.822000000000013,23.461200506695302,1.1498985310790502,0.0,0,1,1,1,0,1,1,1,0,0,0,0,0.12962962962962962,0.2654320987654321,0.38271604938271603,0.6481481481481481,0.0,0.0,season-matched placebo,0.28169014084507044,0.0,3.0
2016-09-11,0.9,darwin,"Darwin, Australia",tropical savanna / monsoon,7,7.0,9,2016,6–9,7.027166666666667,8.393407778078227,-0.0032366670826622394,0.0032366670826622394,1,1,1,1,0,0,1,1,0,0,1,1,0.11267605633802817,0.29577464788732394,0.5492957746478874,0.7605633802816901,6.0,0.09854956276842022,dry-spell threshold,0.5666666666666667,0.03714843188979566,3.7441663019900715
2016-09-12,1.3,mumbai,"Mumbai, India",tropical monsoon,0,189.10000000000002,9,2016,0–2,332.65,143.16896726821696,-1.0026614198527335,1.0026614198527335,1,1,1,1,0,1,1,1,0,1,1,1,0.7931034482758621,0.9074410163339383,0.9600725952813067,0.9909255898366606,1.0,0.9628483227216951,30-day deficit threshold,0.7894736842105263,0.4609459939451393,15.027710662423443
2016-09-16,10.3,cape_town,"Cape Town, South Africa",Mediterranean winter-rainfall,7,30.599999999999994,9,2016,6–9,54.838166666666666,32.362710563712156,-0.7489535408027467,0.7489535408027467,0,0,1,1,0,0,0,1,0,0,0,0,0.2727272727272727,0.5227272727272727,0.7613636363636364,0.9204545454545454,6.0,0.758223468901303,dry-spell threshold,0.6511627906976745,0.032402439951459305,3.6453528708816427
2016-09-16,1.5,nairobi,"Nairobi, Kenya",subtropical highland / bimodal rainfall,23,10.4,9,2016,20+,16.460666666666665,12.814435967721733,-0.4729561786357878,0.4729561786357878,1,1,1,1,0,0,0,1,0,0,0,0,0.06711409395973154,0.16778523489932887,0.33557046979865773,0.42953020134228187,22.0,0.44954508190428355,random drought day,0.6363636363636364,0.008044688429584501,3.1153186608800705
2016-09-20,0.0,london,"London, United Kingdom",temperate maritime,0,53.39999999999999,9,2016,0–2,47.54533333333333,27.251647633126485,0.2148371630766963,0.0,0,1,1,1,0,0,0,1,0,0,0,0,0.40797546012269936,0.6993865030674846,0.8865030674846626,0.9570552147239264,2.0,0.0,season-matched placebo,0.6964285714285714,0.0,3.0
2016-09-22,0.0,tucson,"Tucson, United States",hot semi-arid / monsoonal,7,56.40000000000001,9,2016,6–9,30.822000000000013,23.461200506695302,1.0902255403639984,0.0,1,1,1,1,1,1,1,1,0,0,0,0,0.040983606557377046,0.16393442622950818,0.48360655737704916,0.7295081967213115,6.0,0.0,dry-spell threshold,0.4430379746835443,0.022106211988731472,3.4421242397746292
2016-09-23,0.0,nairobi,"Nairobi, Kenya",subtropical highland / bimodal rainfall,6,3.1,9,2016,6–9,16.460666666666665,12.814435967721733,-1.0426261991023897,1.0426261991023897,1,1,1,1,0,1,1,1,0,0,0,0,0.08536585365853659,0.15853658536585366,0.24390243902439024,0.5365853658536586,5.0,0.792907833966345,30-day deficit threshold,0.8333333333333334,0.20501438539928152,8.171821021844366
2016-09-24,0.1,cape_town,"Cape Town, South Africa",Mediterranean winter-rainfall,7,24.09999999999999,9,2016,6–9,54.838166666666666,32.362710563712156,-0.9498019829381332,0.9498019829381332,0,1,1,1,0,1,1,1,0,0,0,0,0.2727272727272727,0.5227272727272727,0.7613636363636364,0.9204545454545454,6.0,0.9498019829381332,dry-spell threshold,0.6436781609195402,0.02491781017332506,3.3701869526030537
2016-09-24,0.5,nairobi,"Nairobi, Kenya",subtropical highland / bimodal rainfall,7,3.1,9,2016,6–9,16.460666666666665,12.814435967721733,-1.0426261991023897,1.0426261991023897,1,1,1,1,1,1,1,1,0,0,0,0,0.08536585365853659,0.15853658536585366,0.24390243902439024,0.5365853658536586,6.0,1.0426261991023897,dry-spell threshold,0.6153846153846154,0.0,2.653814357137694
2016-09-24,0.0,tucson,"Tucson, United States",hot semi-arid / monsoonal,0,60.30000000000001,9,2016,0–2,30.822000000000013,23.461200506695302,1.2564574430702145,0.0,0,1,1,1,0,0,1,1,0,0,0,0,0.12962962962962962,0.2654320987654321,0.38271604938271603,0.6481481481481481,8.0,0.0,season-matched placebo,0.2916666666666667,0.0,3.0
2016-09-25,14.1,brasilia,"Brasília, Brazil",tropical savanna,0,29.700000000000014,9,2016,0–2,19.803000000000004,23.575053826836342,0.4198081613172774,0.0,1,1,1,1,1,1,1,1,0,0,1,1,0.45320197044334976,0.6551724137931034,0.7980295566502463,0.9507389162561576,0.0,0.0,season-matched placebo,0.7586206896551724,0.1462263858866466,5.924527717732932
2016-09-26,4.0,darwin,"Darwin, Australia",tropical savanna / monsoon,1,74.1,9,2016,0–2,7.027166666666667,8.393407778078227,7.99113245856029,0.0,1,1,1,1,1,1,1,1,0,1,1,1,0.1910828025477707,0.35668789808917195,0.5923566878980892,0.8789808917197452,0.0,0.0,season-matched placebo,0.5757575757575758,0.04623934098070481,3.9247868196140963
2016-09-27,0.0,london,"London, United Kingdom",temperate maritime,7,39.4,9,2016,6–9,47.54533333333333,27.251647633126485,-0.2988932428229422,0.2988932428229422,0,1,1,1,0,0,1,1,0,0,0,0,0.18421052631578946,0.4342105263157895,0.6973684210526315,0.9342105263157895,6.0,0.020011022477424232,dry-spell threshold,0.7758620689655172,0.0,2.9681797463535684
2016-09-29,3.9,brasilia,"Brasília, Brazil",tropical savanna,2,45.90000000000001,9,2016,0–2,19.803000000000004,23.575053826836342,1.1069752031824778,0.0,1,1,1,1,1,1,1,1,0,1,1,1,0.45320197044334976,0.6551724137931034,0.7980295566502463,0.9507389162561576,1.0,0.0,season-matched placebo,0.7666666666666667,0.15427236289814095,6.085447257962819
2016-10-03,0.0,london,"London, United Kingdom",temperate maritime,1,39.8,10,2016,0–2,55.27048387096774,29.11101390576616,-0.5314306097701196,0.5314306097701196,0,0,1,1,0,0,0,1,0,0,0,1,0.38213399503722084,0.6799007444168734,0.8660049627791563,0.9578163771712159,0.0,0.486773972106857,high prospective hazard,0.8135593220338984,0.02219470681924951,3.4450887881160415
2016-10-04,17.9,mumbai,"Mumbai, India",tropical monsoon,0,910.5,10,2016,0–2,146.12016129032259,126.6642379396545,6.034693384204025,0.0,1,1,1,1,1,1,1,1,0,0,0,0,0.48148148148148145,0.5962962962962963,0.6962962962962963,0.7666666666666667,0.0,0.0,season-matched placebo,0.5294117647058824,0.20088407444049533,7.017681488809907
2016-10-04,0.0,tucson,"Tucson, United States",hot semi-arid / monsoonal,0,58.80000000000001,10,2016,0–2,15.33870967741937,15.940629497249008,2.7264475552914065,0.0,0,0,1,1,0,0,0,0,0,0,0,0,0.12149532710280374,0.24299065420560748,0.3925233644859813,0.5233644859813084,4.0,0.0,season-matched placebo,0.3013698630136986,0.0,3.0
2016-10-05,0.0,cape_town,"Cape Town, South Africa",Mediterranean winter-rainfall,7,26.79999999999999,10,2016,6–9,35.513225806451615,24.33572772403693,-0.35804254161856774,0.35804254161856774,1,1,1,1,1,1,1,1,0,0,0,0,0.20202020202020202,0.3838383838383838,0.6262626262626263,0.8080808080808081,6.0,0.35804254161856774,dry-spell threshold,0.6477272727272727,0.028966921981057547,3.627253092434429
2016-10-07,0.0,nairobi,"Nairobi, Kenya",subtropical highland / bimodal rainfall,7,12.499999999999998,10,2016,6–9,16.683064516129033,14.609320070417443,-0.28632848729212,0.28632848729212,0,1,1,1,0,0,0,0,0,0,0,0,0.171875,0.375,0.65625,0.9375,6.0,0.29317343281443015,dry-spell threshold,0.6212121212121212,0.0,2.9707732937350153
2016-10-08,5.4,tokyo,"Tokyo, Japan",humid subtropical,4,188.00000000000006,10,2016,3–5,213.705,122.12749392753865,-0.21047676631481022,0.21047676631481022,1,1,1,1,1,1,1,1,1,1,1,1,0.44144144144144143,0.7207207207207207,0.8738738738738738,1.0,3.0,0.1752676593257543,random drought day,0.94,0.05625058468031596,4.2209672059714425
2016-10-08,0.5,tucson,"Tucson, United States",hot semi-arid / monsoonal,4,25.200000000000006,10,2016,3–5,15.33870967741937,15.940629497249008,0.6186261542734226,0.0,1,1,1,1,0,0,0,0,0,0,0,0,0.05714285714285714,0.14285714285714285,0.24285714285714285,0.4,3.0,0.0,random drought day,0.375,0.0,3.0
2016-10-09,0.5,brasilia,"Brasília, Brazil",tropical savanna,2,91.7,10,2016,0–2,80.51935483870969,62.708403403517686,0.17829580334464593,0.0,0,1,1,1,0,0,0,1,0,0,0,1,0.6385542168674698,0.7590361445783133,0.9060240963855422,0.9783132530120482,1.0,0.0,season-matched placebo,0.7741935483870968,0.16179924461857098,6.23598489237142
2016-10-09,0.4,london,"London, United Kingdom",temperate maritime,7,34.599999999999994,10,2016,6–9,55.27048387096774,29.11101390576616,-0.7100571604231702,0.7100571604231702,0,1,1,1,0,0,1,1,0,0,1,1,0.21568627450980393,0.39215686274509803,0.6666666666666666,0.9215686274509803,6.0,0.7306679162677531,dry-spell threshold,0.7796610169491526,0.0,2.8288496711998246
2016-10-11,0.0,tucson,"Tucson, United States",hot semi-arid / monsoonal,7,13.900000000000007,10,2016,6–9,15.33870967741937,15.940629497249008,-0.0902542573784587,0.0902542573784587,0,0,0,0,0,0,0,0,0,0,0,0,0.05813953488372093,0.12790697674418605,0.29069767441860467,0.38372093023255816,6.0,0.0902542573784587,dry-spell threshold,0.45,0.029068237305187206,3.604077083487421
2016-10-12,1.0,darwin,"Darwin, Australia",tropical savanna / monsoon,0,118.2,10,2016,0–2,39.53387096774193,41.73645038000453,1.884830365687882,0.0,1,1,1,1,0,0,0,1,0,0,0,1,0.48863636363636365,0.7215909090909091,0.8892045454545454,0.9715909090909091,6.0,0.0,season-matched placebo,0.5882352941176471,0.05871705934077609,4.174341186815521
2016-10-12,0.0,mumbai,"Mumbai, India",tropical monsoon,2,923.6999999999999,10,2016,0–2,146.12016129032259,126.6642379396545,6.138905908707497,0.0,0,0,0,0,0,0,0,0,0,0,0,0,0.48148148148148145,0.5962962962962963,0.6962962962962963,0.7666666666666667,1.0,0.0,season-matched placebo,0.5555555555555556,0.22702786529016855,7.540557305803371
2016-10-12,0.1,tokyo,"Tokyo, Japan",humid subtropical,2,193.00000000000006,10,2016,0–2,213.705,122.12749392753865,-0.1695359442345125,0.1695359442345125,1,1,1,1,0,0,1,1,0,0,1,1,0.3720430107526882,0.7118279569892473,0.9354838709677419,0.989247311827957,1.0,0.11713169197173136,season-matched placebo,0.8363636363636363,0.0,2.989688288944392
2016-10-14,0.0,brasilia,"Brasília, Brazil",tropical savanna,7,92.4,10,2016,6–9,80.51935483870969,62.708403403517686,0.1894585815690511,0.0,0,0,1,1,0,0,1,1,0,0,1,1,0.3076923076923077,0.5769230769230769,0.75,0.9038461538461539,6.0,0.0,dry-spell threshold,0.4166666666666667,0.0,3.0
2016-10-14,0.0,tucson,"Tucson, United States",hot semi-arid / monsoonal,10,11.100000000000009,10,2016,10–19,15.33870967741937,15.940629497249008,-0.26590604079662394,0.26590604079662394,0,0,0,0,0,0,0,0,0,0,0,0,0.03592814371257485,0.10179640718562874,0.15568862275449102,0.38323353293413176,9.0,0.11534736929533948,random drought day,0.36585365853658536,0.0,2.9747599864048277
2016-10-16,7.5,london,"London, United Kingdom",temperate maritime,0,26.599999999999994,10,2016,0–2,55.27048387096774,29.11101390576616,-0.9848672383509405,0.9848672383509405,1,1,1,1,0,0,0,1,0,0,0,0,0.38213399503722084,0.6799007444168734,0.8660049627791563,0.9578163771712159,13.0,0.9333403487394836,high prospective hazard,0.8,0.008635384785351197,2.9181006455000817
2016-10-17,0.7,london,"London, United Kingdom",temperate maritime,0,17.499999999999993,10,2016,0–2,55.27048387096774,29.11101390576616,-1.2974637019937791,1.2974637019937791,1,1,1,1,0,0,1,1,0,0,0,0,0.38213399503722084,0.6799007444168734,0.8660049627791563,0.9578163771712159,0.0,0.9848672383509405,30-day deficit threshold,0.9629629629629629,0.17159834774831406,7.203265541820054
2016-10-17,0.0,mumbai,"Mumbai, India",tropical monsoon,7,727.3,10,2016,6–9,146.12016129032259,126.6642379396545,4.588349862307336,0.0,0,0,0,0,0,0,0,0,0,0,0,0,0.09574468085106383,0.22340425531914893,0.2765957446808511,0.3404255319148936,6.0,0.0,dry-spell threshold,0.35,0.02147230973461295,3.429446194692259
2016-10-20,0.5,darwin,"Darwin, Australia",tropical savanna / monsoon,7,67.3,10,2016,6–9,39.53387096774193,41.73645038000453,0.6652728916678672,0.0,1,1,1,1,1,1,1,1,1,1,1,1,0.24675324675324675,0.5194805194805194,0.7532467532467533,0.935064935064935,6.0,0.0,dry-spell threshold,0.5806451612903226,0.05112692651345163,4.022538530269033
2016-10-23,0.6,tokyo,"Tokyo, Japan",humid subtropical,5,87.30000000000005,10,2016,3–5,213.705,122.12749392753865,-1.0350249230120063,1.0350249230120063,0,1,1,1,0,1,1,1,0,0,1,1,0.44144144144144143,0.7207207207207207,0.8738738738738738,1.0,4.0,0.7762789274645246,30-day deficit threshold,0.918918918918919,0.035169503599234986,3.60408639322521
2016-10-24,0.0,brasilia,"Brasília, Brazil",tropical savanna,0,94.60000000000001,10,2016,0–2,80.51935483870969,62.708403403517686,0.224541598845753,0.0,0,1,1,1,0,0,1,1,0,0,1,1,0.6385542168674698,0.7590361445783133,0.9060240963855422,0.9783132530120482,0.0,0.0,season-matched placebo,0.75,0.13760569623147423,5.752113924629485
2016-10-24,2.7,london,"London, United Kingdom",temperate maritime,7,16.799999999999994,10,2016,6–9,55.27048387096774,29.11101390576616,-1.3215095838124589,1.3215095838124589,1,1,1,1,0,0,0,1,0,0,0,1,0.21568627450980393,0.39215686274509803,0.6666666666666666,0.9215686274509803,6.0,1.3215095838124589,dry-spell threshold,0.7833333333333333,0.0,2.480227400608086
2016-10-25,0.1,london,"London, United Kingdom",temperate maritime,0,19.499999999999993,10,2016,0–2,55.27048387096774,29.11101390576616,-1.2287611825118365,1.2287611825118365,1,1,1,1,0,0,0,1,0,0,0,1,0.38213399503722084,0.6799007444168734,0.8660049627791563,0.9578163771712159,7.0,1.3215095838124589,high prospective hazard,0.7868852459016393,0.0,2.5398277044348188
2016-10-25,0.1,london,"London, United Kingdom",temperate maritime,0,19.499999999999993,10,2016,0–2,55.27048387096774,29.11101390576616,-1.2287611825118365,1.2287611825118365,1,1,1,1,0,0,0,1,0,0,0,1,0.38213399503722084,0.6799007444168734,0.8660049627791563,0.9578163771712159,7.0,1.3215095838124589,random drought day,0.7916666666666666,0.00030205145201778194,2.548084277958258
2016-10-25,3.4,tokyo,"Tokyo, Japan",humid subtropical,7,73.40000000000005,10,2016,6–9,213.705,122.12749392753865,-1.148840408395234,1.148840408395234,1,1,1,1,1,1,1,1,0,1,1,1,0.375,0.6875,0.9375,1.0,6.0,1.1218194658222376,dry-spell threshold,0.8793103448275862,0.0,2.5898234642905034
2016-10-26,0.1,nairobi,"Nairobi, Kenya",subtropical highland / bimodal rainfall,1,8.0,10,2016,0–2,16.683064516129033,14.609320070417443,-0.5943510357960776,0.5943510357960776,1,1,1,1,0,1,1,1,0,0,0,1,0.42066420664206644,0.6937269372693727,0.8523985239852399,0.9520295202952029,0.0,0.30001837833674017,high prospective hazard,0.92,0.2916810520659482,10.137498017973526
2016-10-29,0.2,nairobi,"Nairobi, Kenya",subtropical highland / bimodal rainfall,0,8.8,10,2016,0–2,16.683064516129033,14.609320070417443,-0.5395914716175962,0.5395914716175962,0,1,1,1,0,0,1,1,0,0,1,1,0.42066420664206644,0.6937269372693727,0.8523985239852399,0.9520295202952029,3.0,0.649110599974559,high prospective hazard,0.9230769230769231,0.2947579751428713,10.131657654517658
2016-10-30,0.0,cape_town,"Cape Town, South Africa",Mediterranean winter-rainfall,7,11.799999999999992,10,2016,6–9,35.513225806451615,24.33572772403693,-0.9744202464522791,0.9744202464522791,0,0,1,1,0,0,1,1,0,0,0,0,0.20202020202020202,0.3838383838383838,0.6262626262626263,0.8080808080808081,6.0,0.9744202464522791,dry-spell threshold,0.651685393258427,0.032925042512211844,3.5723031335585147
2016-11-01,1.7,brasilia,"Brasília, Brazil",tropical savanna,0,93.70000000000002,11,2016,0–2,181.40016666666668,77.34286898141298,-1.1339140611365575,1.1339140611365575,1,1,1,1,0,1,1,1,0,0,0,1,0.7877094972067039,0.9124767225325885,0.9851024208566108,1.0,0.0,0.0,30-day deficit threshold,0.52,0.0,2.5989972526366385
2016-11-01,1.7,brasilia,"Brasília, Brazil",tropical savanna,0,93.70000000000002,11,2016,0–2,181.40016666666668,77.34286898141298,-1.1339140611365575,1.1339140611365575,1,1,1,1,0,1,1,1,0,0,0,1,0.7877094972067039,0.9124767225325885,0.9851024208566108,1.0,0.0,0.0,high prospective hazard,0.8529411764705882,0.24054687270206243,9.129872136454743
2016-11-01,0.0,london,"London, United Kingdom",temperate maritime,7,15.399999999999993,11,2016,6–9,59.218666666666664,29.995154615196395,-1.4608581695547218,1.4608581695547218,0,1,1,1,0,1,1,1,0,1,1,1,0.18181818181818182,0.41818181818181815,0.7818181818181819,0.9272727272727272,6.0,1.2596773162787107,dry-spell threshold,0.7704918032786885,0.0,2.3883585842760158
2016-11-01,0.5,nairobi,"Nairobi, Kenya",subtropical highland / bimodal rainfall,3,7.000000000000001,11,2016,3–5,63.99816666666667,38.63788369894818,-1.4751886286209381,1.4751886286209381,1,1,1,1,1,1,1,1,0,1,1,1,0.36231884057971014,0.7971014492753623,0.9130434782608695,1.0,2.0,0.6628004910191794,30-day deficit threshold,0.8421052631578947,0.21378631522384284,8.26986932913928
2016-11-03,5.9,darwin,"Darwin, Australia",tropical savanna / monsoon,0,76.5,11,2016,0–2,124.88149999999999,77.89839455474686,-0.6210846870020864,0.6210846870020864,1,1,1,1,1,1,1,1,0,1,1,1,0.7279411764705882,0.9136029411764706,0.9944852941176471,1.0,0.0,0.3784609447795543,high prospective hazard,0.9696969696969697,0.44017873492009874,13.894296773860898
2016-11-04,1.9,cape_town,"Cape Town, South Africa",Mediterranean winter-rainfall,12,12.699999999999992,11,2016,10–19,30.023833333333332,22.611931534444818,-0.7661368205959715,0.7661368205959715,0,0,0,0,0,0,0,0,0,0,0,0,0.10476190476190476,0.22857142857142856,0.44761904761904764,0.7142857142857143,11.0,0.805938816220672,random drought day,0.5535714285714286,0.0,2.802596651605879
2016-11-04,5.7,london,"London, United Kingdom",temperate maritime,10,15.399999999999993,11,2016,10–19,59.218666666666664,29.995154615196395,-1.4608581695547218,1.4608581695547218,0,1,1,1,0,0,1,1,0,0,1,1,0.3,0.675,0.925,0.975,9.0,1.4608581695547218,high prospective hazard,0.7741935483870968,0.0,2.3883585842760158
2016-11-09,12.6,london,"London, United Kingdom",temperate maritime,0,21.699999999999992,11,2016,0–2,59.218666666666664,29.995154615196395,-1.2508242463820691,1.2508242463820691,1,1,1,1,0,1,1,1,0,1,1,1,0.39690721649484534,0.7371134020618557,0.8969072164948454,0.961340206185567,3.0,1.2741613489568082,high prospective hazard,0.7777777777777778,0.0,2.525789669207438
2016-11-11,0.0,tucson,"Tucson, United States",hot semi-arid / monsoonal,7,2.5000000000000075,11,2016,6–9,15.756500000000011,21.924639277056514,-0.6046393663531121,0.6046393663531121,0,0,0,1,0,0,0,1,0,0,0,1,0.02666666666666667,0.09333333333333334,0.3466666666666667,0.6,6.0,0.6046393663531121,dry-spell threshold,0.4444444444444444,0.023512681749631614,3.4606017128605737
2016-11-11,0.0,tucson,"Tucson, United States",hot semi-arid / monsoonal,7,2.5000000000000075,11,2016,6–9,15.756500000000011,21.924639277056514,-0.6046393663531121,0.6046393663531121,0,0,0,1,0,0,0,1,0,0,0,1,0.02666666666666667,0.09333333333333334,0.3466666666666667,0.6,6.0,0.6046393663531121,random drought day,0.35714285714285715,0.0,2.8739192881781737
2016-11-12,0.0,cape_town,"Cape Town, South Africa",Mediterranean winter-rainfall,7,8.399999999999993,11,2016,6–9,30.023833333333332,22.611931534444818,-0.9563019108028739,0.9563019108028739,0,0,0,1,0,0,0,1,0,0,0,0,0.20161290322580644,0.43548387096774194,0.6290322580645161,0.7258064516129032,6.0,0.9563019108028739,dry-spell threshold,0.6555555555555556,0.0367952048093404,3.6835397878928795
2016-11-13,0.2,nairobi,"Nairobi, Kenya",subtropical highland / bimodal rainfall,6,17.6,11,2016,6–9,63.99816666666667,38.63788369894818,-1.200846480831706,1.200846480831706,1,1,1,1,1,1,1,1,0,1,1,1,0.4782608695652174,0.6086956521739131,0.7391304347826086,1.0,5.0,1.200846480831706,random drought day,0.6222222222222222,0.0,2.557449103502607
2016-11-14,0.0,cape_town,"Cape Town, South Africa",Mediterranean winter-rainfall,9,8.399999999999993,11,2016,6–9,30.023833333333332,22.611931534444818,-0.9563019108028739,0.9563019108028739,0,0,0,1,0,0,0,1,0,0,0,0,0.20161290322580644,0.43548387096774194,0.6290322580645161,0.7258064516129032,8.0,0.9563019108028739,random drought day,0.543859649122807,0.0,2.7033320156182294
2016-11-14,1.1,nairobi,"Nairobi, Kenya",subtropical highland / bimodal rainfall,7,17.8,11,2016,6–9,63.99816666666667,38.63788369894818,-1.1956702138922866,1.1956702138922866,1,1,1,1,1,1,1,1,1,1,1,1,0.4782608695652174,0.6086956521739131,0.7391304347826086,1.0,6.0,1.200846480831706,dry-spell threshold,0.6119402985074627,0.0,2.5606986487351624
2016-11-15,5.0,nairobi,"Nairobi, Kenya",subtropical highland / bimodal rainfall,0,18.900000000000002,11,2016,0–2,63.99816666666667,38.63788369894818,-1.1672007457254796,1.1672007457254796,1,1,1,1,1,1,1,1,1,1,1,1,0.6334012219959266,0.8431771894093686,0.9755600814663951,0.9877800407331976,7.0,1.1956702138922866,high prospective hazard,0.9259259259259259,0.2976069779918741,10.67983923331373
2016-11-16,0.0,cape_town,"Cape Town, South Africa",Mediterranean winter-rainfall,11,7.199999999999993,11,2016,10–19,30.023833333333332,22.611931534444818,-1.0093712383024747,1.0093712383024747,0,0,1,1,0,0,1,1,0,0,0,0,0.10476190476190476,0.22857142857142856,0.44761904761904764,0.7142857142857143,10.0,0.9563019108028739,30-day deficit threshold,0.8,0.18123964925378488,7.533171120854362
2016-11-20,15.8,london,"London, United Kingdom",temperate maritime,0,37.79999999999999,11,2016,0–2,59.218666666666664,29.995154615196395,-0.7140708871630677,0.7140708871630677,1,1,1,1,1,1,1,1,1,1,1,1,0.39690721649484534,0.7371134020618557,0.8969072164948454,0.961340206185567,4.0,0.784082194887285,high prospective hazard,0.78125,0.0,2.8270211678414774
2016-11-22,1.5,london,"London, United Kingdom",temperate maritime,0,66.5,11,2016,0–2,59.218666666666664,29.995154615196395,0.2427503184012396,0.0,0,0,0,0,0,0,0,0,0,0,0,0,0.39690721649484534,0.7371134020618557,0.8969072164948454,0.961340206185567,0.0,0.18731914333324004,season-matched placebo,0.6842105263157895,0.0,3.0
2016-11-24,0.0,tucson,"Tucson, United States",hot semi-arid / monsoonal,2,11.600000000000007,11,2016,0–2,15.756500000000011,21.924639277056514,-0.1895812262849706,0.1895812262849706,0,0,1,1,0,0,1,1,0,0,0,0,0.15841584158415842,0.32673267326732675,0.504950495049505,0.7425742574257426,1.0,0.1895812262849706,season-matched placebo,0.2972972972972973,0.0,2.9871167894309725
2016-11-25,0.0,london,"London, United Kingdom",temperate maritime,2,65.19999999999999,11,2016,0–2,59.218666666666664,29.995154615196395,0.19940998504815213,0.0,0,0,0,1,0,0,0,0,0,0,0,0,0.39690721649484534,0.7371134020618557,0.8969072164948454,0.961340206185567,1.0,0.0,season-matched placebo,0.6724137931034483,0.0,3.0
2016-11-29,6.8,nairobi,"Nairobi, Kenya",subtropical highland / bimodal rainfall,0,71.1,11,2016,0–2,63.99816666666667,38.63788369894818,0.18380492546300237,0.0,1,1,1,1,1,1,1,1,0,0,0,0,0.6334012219959266,0.8431771894093686,0.9755600814663951,0.9877800407331976,1.0,0.0,season-matched placebo,0.53125,0.0,3.0
2016-11-30,0.0,london,"London, United Kingdom",temperate maritime,7,65.1,11,2016,6–9,59.218666666666664,29.995154615196395,0.19607611325176103,0.0,0,0,0,1,0,0,0,1,0,0,0,1,0.18181818181818182,0.41818181818181815,0.7818181818181819,0.9272727272727272,6.0,0.0,dry-spell threshold,0.7741935483870968,0.0,3.0
2016-11-30,0.0,london,"London, United Kingdom",temperate maritime,7,65.1,11,2016,6–9,59.218666666666664,29.995154615196395,0.19607611325176103,0.0,0,0,0,1,0,0,0,1,0,0,0,1,0.18181818181818182,0.41818181818181815,0.7818181818181819,0.9272727272727272,6.0,0.0,random drought day,0.7755102040816326,0.0,3.0
2016-12-01,0.0,cape_town,"Cape Town, South Africa",Mediterranean winter-rainfall,7,5.299999999999993,12,2016,6–9,15.709032258064516,12.469926953350525,-0.8347308125383797,0.8347308125383797,0,0,0,1,0,0,0,1,0,0,0,1,0.1326530612244898,0.23469387755102042,0.40816326530612246,0.6224489795918368,6.0,1.0933976735101756,dry-spell threshold,0.6483516483516484,0.02959129760543322,3.54262398660307
2016-12-01,1.2,darwin,"Darwin, Australia",tropical savanna / monsoon,0,156.6,12,2016,0–2,235.83209677419353,95.03366235738179,-0.8337266481032249,0.8337266481032249,1,1,1,1,1,1,1,1,1,1,1,1,0.8347826086956521,0.9652173913043478,0.9982608695652174,1.0,1.0,0.0,high prospective hazard,0.9705882352941176,0.44107000051724665,14.30547006032539
2016-12-02,0.0,tokyo,"Tokyo, Japan",humid subtropical,1,144.20000000000005,12,2016,0–2,77.44306451612907,50.27902436482055,1.3277293330015323,0.0,0,1,1,1,0,1,1,1,0,1,1,1,0.24161073825503357,0.4966442953020134,0.7315436241610739,0.9261744966442953,0.0,0.0,season-matched placebo,0.8392857142857143,0.0,3.0
2016-12-05,0.0,cape_town,"Cape Town, South Africa",Mediterranean winter-rainfall,11,2.499999999999993,12,2016,10–19,15.709032258064516,12.469926953350525,-1.0592710211919412,1.0592710211919412,0,0,1,1,0,0,1,1,0,0,1,1,0.08280254777070063,0.19745222929936307,0.4140127388535032,0.7707006369426752,10.0,0.9069044510341672,30-day deficit threshold,0.8076923076923077,0.18893195694609255,7.738039773060161
2016-12-05,0.0,nairobi,"Nairobi, Kenya",subtropical highland / bimodal rainfall,0,72.8,12,2016,0–2,57.59387096774193,34.13512578169223,0.4454686685353773,0.0,0,1,1,1,0,0,1,1,0,0,0,0,0.38292011019283745,0.6060606060606061,0.8126721763085399,0.9090909090909091,3.0,0.0,season-matched placebo,0.5384615384615384,0.0,3.0
2016-12-06,0.0,tokyo,"Tokyo, Japan",humid subtropical,1,147.70000000000005,12,2016,0–2,77.44306451612907,50.27902436482055,1.3973408667219218,0.0,1,1,1,1,0,0,1,1,0,0,1,1,0.24161073825503357,0.4966442953020134,0.7315436241610739,0.9261744966442953,0.0,0.0,season-matched placebo,0.8421052631578947,0.0,3.0
2016-12-06,0.0,tucson,"Tucson, United States",hot semi-arid / monsoonal,7,13.300000000000006,12,2016,6–9,25.111129032258077,25.327839224007104,-0.46632991183325423,0.46632991183325423,0,0,0,1,0,0,0,1,0,0,0,1,0.189873417721519,0.3291139240506329,0.45569620253164556,0.569620253164557,6.0,0.46632991183325423,dry-spell threshold,0.43902439024390244,0.018092627549089635,3.358579632324173
2016-12-12,0.0,tokyo,"Tokyo, Japan",humid subtropical,7,99.50000000000006,12,2016,6–9,77.44306451612907,50.27902436482055,0.43869060234398427,0.0,1,1,1,1,1,1,1,1,1,1,1,1,0.17708333333333334,0.3854166666666667,0.7083333333333334,0.9375,6.0,0.0,dry-spell threshold,0.8813559322033898,0.0,3.0
2016-12-13,0.0,london,"London, United Kingdom",temperate maritime,0,42.0,12,2016,0–2,58.340161290322584,25.556611744344465,-0.6393711910554251,0.6393711910554251,0,0,1,1,0,0,0,1,0,0,0,0,0.42592592592592593,0.6904761904761905,0.8571428571428571,0.9682539682539683,1.0,0.2989504777374614,high prospective hazard,0.7846153846153846,0.0,2.859715341601941
2016-12-17,0.0,cape_town,"Cape Town, South Africa",Mediterranean winter-rainfall,7,11.199999999999992,12,2016,6–9,15.709032258064516,12.469926953350525,-0.36159251573266027,0.36159251573266027,0,0,1,1,0,0,1,1,0,0,1,1,0.1326530612244898,0.23469387755102042,0.40816326530612246,0.6224489795918368,6.0,0.36159251573266027,dry-spell threshold,0.6413043478260869,0.022543997079871758,3.4778305423848836
2016-12-19,0.0,nairobi,"Nairobi, Kenya",subtropical highland / bimodal rainfall,7,51.199999999999996,12,2016,6–9,57.59387096774193,34.13512578169223,-0.18731060224102564,0.18731060224102564,0,1,1,1,0,0,0,1,0,0,0,0,0.234375,0.421875,0.546875,0.75,6.0,0.13457899634299192,dry-spell threshold,0.6176470588235294,0.0,2.9874222609755674
2016-12-19,0.0,tokyo,"Tokyo, Japan",humid subtropical,5,120.10000000000005,12,2016,3–5,77.44306451612907,50.27902436482055,0.8484042008125634,0.0,0,1,1,1,0,1,1,1,0,1,1,1,0.17518248175182483,0.38686131386861317,0.6423357664233577,0.9343065693430657,4.0,0.0,random drought day,0.9411764705882353,0.0574270552685513,4.1485411053710255
2016-12-20,0.0,london,"London, United Kingdom",temperate maritime,7,37.49999999999999,12,2016,6–9,58.340161290322584,25.556611744344465,-0.8154508703578205,0.8154508703578205,1,1,1,1,0,1,1,1,0,0,0,1,0.16176470588235295,0.47058823529411764,0.7794117647058824,0.9705882352941176,6.0,0.7293674715877608,dry-spell threshold,0.7619047619047619,0.0,2.7783045889966114
2016-12-21,0.4,london,"London, United Kingdom",temperate maritime,8,21.699999999999992,12,2016,6–9,58.340161290322584,25.556611744344465,-1.4336861887973416,1.4336861887973416,0,1,1,1,0,1,1,1,0,0,0,1,0.16176470588235295,0.47058823529411764,0.7794117647058824,0.9705882352941176,7.0,0.8154508703578205,30-day deficit threshold,0.9642857142857143,0.17292109907106545,7.169240750684426
2016-12-21,0.0,tokyo,"Tokyo, Japan",humid subtropical,7,110.10000000000005,12,2016,6–9,77.44306451612907,50.27902436482055,0.6495141044685929,0.0,1,1,1,1,1,1,1,1,1,1,1,1,0.17708333333333334,0.3854166666666667,0.7083333333333334,0.9375,6.0,0.0,dry-spell threshold,0.8833333333333333,0.0,3.0
2016-12-23,5.6,cape_town,"Cape Town, South Africa",Mediterranean winter-rainfall,0,13.299999999999992,12,2016,0–2,15.709032258064516,12.469926953350525,-0.193187359242489,0.193187359242489,1,1,1,1,0,0,0,0,0,0,0,0,0.0851063829787234,0.23404255319148937,0.44680851063829785,0.6666666666666666,12.0,0.36159251573266027,season-matched placebo,0.5930232558139535,0.0,2.9866242162086802
2016-12-24,0.2,cape_town,"Cape Town, South Africa",Mediterranean winter-rainfall,0,16.499999999999993,12,2016,0–2,15.709032258064516,12.469926953350525,0.06343002207586733,0.0,0,0,0,0,0,0,0,0,0,0,0,0,0.0851063829787234,0.23404255319148937,0.44680851063829785,0.6666666666666666,0.0,0.193187359242489,season-matched placebo,0.5862068965517241,0.0,3.0
2016-12-24,0.0,london,"London, United Kingdom",temperate maritime,0,8.699999999999994,12,2016,0–2,58.340161290322584,25.556611744344465,-1.9423608178931495,1.9423608178931495,0,1,1,1,0,0,0,1,0,0,0,1,0.42592592592592593,0.6904761904761905,0.8571428571428571,0.9682539682539683,10.0,1.9814896355159042,high prospective hazard,0.7727272727272727,0.0,2.065074822810793
2016-12-24,0.0,london,"London, United Kingdom",temperate maritime,0,8.699999999999994,12,2016,0–2,58.340161290322584,25.556611744344465,-1.9423608178931495,1.9423608178931495,0,1,1,1,0,0,0,1,0,0,0,1,0.42592592592592593,0.6904761904761905,0.8571428571428571,0.9682539682539683,10.0,1.9814896355159042,random drought day,0.76,0.0,2.065074822810793
2016-12-25,0.0,cape_town,"Cape Town, South Africa",Mediterranean winter-rainfall,1,16.599999999999994,12,2016,0–2,15.709032258064516,12.469926953350525,0.07144931524206607,0.0,0,0,0,0,0,0,0,0,0,0,0,0,0.0851063829787234,0.23404255319148937,0.44680851063829785,0.6666666666666666,0.0,0.0,season-matched placebo,0.5795454545454546,0.0,3.0
2016-12-27,0.6,nairobi,"Nairobi, Kenya",subtropical highland / bimodal rainfall,15,19.499999999999996,12,2016,10–19,57.59387096774193,34.13512578169223,-1.115972772778617,1.115972772778617,0,1,1,1,0,1,1,1,0,0,0,0,0.06,0.12,0.4,0.94,14.0,0.9138349501694881,30-day deficit threshold,0.85,0.22168105206594813,8.619377439385595
2016-12-28,2.6,brasilia,"Brasília, Brazil",tropical savanna,0,202.3,12,2016,0–2,239.62129032258068,67.26353902146869,-0.5548517200480445,0.5548517200480445,1,1,1,1,1,1,1,1,1,1,1,1,0.8259325044404974,0.9325044404973357,0.9911190053285968,1.0,5.0,0.526604618756012,high prospective hazard,0.8571428571428571,0.24474855337433132,8.923306661257923
2016-12-28,0.0,tucson,"Tucson, United States",hot semi-arid / monsoonal,2,37.60000000000001,12,2016,0–2,25.111129032258077,25.327839224007104,0.4930886862194032,0.0,0,1,1,1,0,1,1,1,0,1,1,1,0.16666666666666666,0.3563218390804598,0.6379310344827587,0.7873563218390804,1.0,0.0,season-matched placebo,0.30666666666666664,0.0,3.0
2016-12-31,0.0,cape_town,"Cape Town, South Africa",Mediterranean winter-rainfall,7,16.599999999999994,12,2016,6–9,15.709032258064516,12.469926953350525,0.07144931524206607,0.0,0,0,0,1,0,0,0,0,0,0,0,0,0.1326530612244898,0.23469387755102042,0.40816326530612246,0.6224489795918368,6.0,0.0,dry-spell threshold,0.6451612903225806,0.026400939576365468,3.5280187915273094
2016-12-31,0.0,london,"London, United Kingdom",temperate maritime,7,8.899999999999993,12,2016,6–9,58.340161290322584,25.556611744344465,-1.9345350543685988,1.9345350543685988,1,1,1,1,1,1,1,1,1,1,1,1,0.16176470588235295,0.47058823529411764,0.7794117647058824,0.9705882352941176,6.0,1.9345350543685988,dry-spell threshold,0.765625,0.0,2.070263207921113
2016-12-31,0.3,nairobi,"Nairobi, Kenya",subtropical highland / bimodal rainfall,0,12.399999999999999,12,2016,0–2,57.59387096774193,34.13512578169223,-1.3239696627097493,1.3239696627097493,1,1,1,1,0,0,0,0,0,0,0,0,0.38292011019283745,0.6060606060606061,0.8126721763085399,0.9090909090909091,18.0,1.3356877973537566,high prospective hazard,0.9285714285714286,0.30025248063737675,10.724442014364776
2017-01-01,0.0,brasilia,"Brasília, Brazil",tropical savanna,2,163.9,1,2017,0–2,238.4326050420168,65.85281015382101,-1.131805990783404,1.131805990783404,0,1,1,1,0,1,1,1,0,1,1,1,0.8050089445438283,0.9159212880143113,0.9838998211091234,0.9964221824686941,1.0,0.9517978276781839,30-day deficit threshold,0.5384615384615384,0.0,2.600288408526151
2017-01-02,0.0,cape_town,"Cape Town, South Africa",Mediterranean winter-rainfall,9,16.599999999999994,1,2017,6–9,13.84655462184874,12.698939511184065,0.21682482822492938,0.0,0,0,0,1,0,0,0,0,0,0,0,0,0.1271186440677966,0.2796610169491525,0.3389830508474576,0.5677966101694916,8.0,0.0,random drought day,0.5344827586206896,0.0,3.0
2017-01-02,0.0,london,"London, United Kingdom",temperate maritime,0,18.299999999999994,1,2017,0–2,54.43781512605042,29.21881165985792,-1.2367996189146233,1.2367996189146233,0,0,1,1,0,0,1,1,0,0,0,1,0.37755102040816324,0.6938775510204082,0.8596938775510204,0.9693877551020408,8.0,1.5585101699605486,high prospective hazard,0.7611940298507462,0.0,2.534724038634722
2017-01-04,0.0,tokyo,"Tokyo, Japan",humid subtropical,7,81.80000000000007,1,2017,6–9,56.298487394958,37.50707562065987,0.6799120481415292,0.0,0,0,1,1,0,0,1,1,0,0,1,1,0.21568627450980393,0.46078431372549017,0.7941176470588235,0.9803921568627451,6.0,0.0,dry-spell threshold,0.8852459016393442,0.0014964863196602618,3.0299297263932052
2017-01-04,0.0,tucson,"Tucson, United States",hot semi-arid / monsoonal,2,51.7,1,2017,0–2,30.94554621848741,34.211305053009895,0.6066548396605708,0.0,0,1,1,1,0,0,0,1,0,0,0,0,0.18848167539267016,0.36649214659685864,0.6649214659685864,0.8272251308900523,1.0,0.0,season-matched placebo,0.3157894736842105,0.0,3.0
2017-01-05,0.0,brasilia,"Brasília, Brazil",tropical savanna,0,160.50000000000003,1,2017,0–2,238.4326050420168,65.85281015382101,-1.1834362855583447,1.1834362855583447,1,1,1,1,0,0,1,1,0,0,0,1,0.8050089445438283,0.9159212880143113,0.9838998211091234,0.9964221824686941,5.0,1.3049193320876178,high prospective hazard,0.8611111111111112,0.2487168073425854,9.346880334362874
2017-01-07,0.9,london,"London, United Kingdom",temperate maritime,0,22.89999999999999,1,2017,0–2,54.43781512605042,29.21881165985792,-1.0793667960623619,1.0793667960623619,1,1,1,1,0,1,1,1,0,0,1,1,0.37755102040816324,0.6938775510204082,0.8596938775510204,0.9693877551020408,4.0,1.2367996189146233,high prospective hazard,0.7647058823529411,0.0,2.632031652996218
2017-01-07,0.0,nairobi,"Nairobi, Kenya",subtropical highland / bimodal rainfall,7,9.8,1,2017,6–9,38.80621848739496,39.3988033067764,-0.7362207999451097,0.7362207999451097,0,0,1,1,0,0,0,0,0,0,0,0,0.14130434782608695,0.2608695652173913,0.40217391304347827,0.5543478260869565,6.0,0.713377466532361,dry-spell threshold,0.6086956521739131,0.0,2.8167889274497258
2017-01-07,0.0,nairobi,"Nairobi, Kenya",subtropical highland / bimodal rainfall,7,9.8,1,2017,6–9,38.80621848739496,39.3988033067764,-0.7362207999451097,0.7362207999451097,0,0,1,1,0,0,0,0,0,0,0,0,0.14130434782608695,0.2608695652173913,0.40217391304347827,0.5543478260869565,6.0,0.713377466532361,random drought day,0.6304347826086957,0.002115834674643824,2.871147234222083
2017-01-09,0.1,tokyo,"Tokyo, Japan",humid subtropical,0,119.70000000000005,1,2017,0–2,56.298487394958,37.50707562065987,1.6903880549439276,0.0,0,0,1,1,0,0,1,1,0,0,0,0,0.23102310231023102,0.504950495049505,0.7491749174917491,0.9372937293729373,11.0,0.0,season-matched placebo,0.8448275862068966,0.0,3.0
2017-01-09,0.0,tucson,"Tucson, United States",hot semi-arid / monsoonal,7,52.50000000000001,1,2017,6–9,30.94554621848741,34.211305053009895,0.6300389227512455,0.0,0,0,1,1,0,0,1,1,0,0,0,1,0.225,0.3625,0.55,0.8,6.0,0.0,dry-spell threshold,0.43373493975903615,0.012803177064223348,3.256063541284467
2017-01-11,0.0,brasilia,"Brasília, Brazil",tropical savanna,6,118.90000000000002,1,2017,6–9,238.4326050420168,65.85281015382101,-1.8151481275105628,1.8151481275105628,1,1,1,1,1,1,1,1,0,0,1,1,0.7709677419354839,0.9032258064516129,0.9774193548387097,0.9967741935483871,5.0,1.7058133856342172,high prospective hazard,0.8648648648648649,0.25247056109633914,9.052876341509382
2017-01-12,1.2,brasilia,"Brasília, Brazil",tropical savanna,7,91.90000000000002,1,2017,6–9,238.4326050420168,65.85281015382101,-2.225153409546858,2.225153409546858,1,1,1,1,1,1,1,1,0,0,1,1,0.7709677419354839,0.9032258064516129,0.9774193548387097,0.9967741935483871,6.0,1.8151481275105628,dry-spell threshold,0.43243243243243246,0.0,1.8818724529149504
2017-01-15,3.5,tucson,"Tucson, United States",hot semi-arid / monsoonal,0,53.7,1,2017,0–2,30.94554621848741,34.211305053009895,0.6651150473872574,0.0,1,1,1,1,1,1,1,1,0,0,1,1,0.18848167539267016,0.36649214659685864,0.6649214659685864,0.8272251308900523,12.0,0.0,season-matched placebo,0.3116883116883117,0.0,3.0
2017-01-16,0.0,tokyo,"Tokyo, Japan",humid subtropical,1,78.60000000000005,1,2017,0–2,56.298487394958,37.50707562065987,0.5945948127386876,0.0,0,1,1,1,0,0,1,1,0,0,0,0,0.23102310231023102,0.504950495049505,0.7491749174917491,0.9372937293729373,0.0,0.0,season-matched placebo,0.847457627118644,0.0,3.0
2017-01-17,0.0,cape_town,"Cape Town, South Africa",Mediterranean winter-rainfall,24,8.499999999999993,1,2017,20+,13.84655462184874,12.698939511184065,-0.4210237096680389,0.4210237096680389,0,0,1,1,0,0,1,1,0,0,0,0,0.09574468085106383,0.2553191489361702,0.4574468085106383,0.6702127659574468,23.0,0.4210237096680389,random drought day,0.5254237288135594,0.0,2.9375151871041334
2017-01-23,0.0,cape_town,"Cape Town, South Africa",Mediterranean winter-rainfall,30,0.7999999999999929,1,2017,20+,13.84655462184874,12.698939511184065,-1.0273735543317246,1.0273735543317246,1,1,1,1,1,1,1,1,0,0,0,0,0.09574468085106383,0.2553191489361702,0.4574468085106383,0.6702127659574468,29.0,0.5863918491217714,30-day deficit threshold,0.8148148148148148,0.1960544640685996,7.930790481807946
2017-01-23,0.1,tucson,"Tucson, United States",hot semi-arid / monsoonal,1,57.70000000000001,1,2017,0–2,30.94554621848741,34.211305053009895,0.7820354628406306,0.0,1,1,1,1,1,1,1,1,1,1,1,1,0.18848167539267016,0.36649214659685864,0.6649214659685864,0.8272251308900523,0.0,0.0,season-matched placebo,0.32051282051282054,0.0,3.0
2017-01-24,0.0,london,"London, United Kingdom",temperate maritime,7,44.89999999999999,1,2017,6–9,54.43781512605042,29.21881165985792,-0.32642720850806856,0.32642720850806856,0,0,1,1,0,0,1,1,0,0,1,1,0.1746031746031746,0.42857142857142855,0.746031746031746,0.9682539682539683,6.0,0.32642720850806856,dry-spell threshold,0.7692307692307693,0.0,2.962124596292021
2017-01-28,0.0,tokyo,"Tokyo, Japan",humid subtropical,7,43.900000000000055,1,2017,6–9,56.298487394958,37.50707562065987,-0.33056395866087035,0.33056395866087035,1,1,1,1,1,1,1,1,0,0,0,1,0.21568627450980393,0.46078431372549017,0.7941176470588235,0.9803921568627451,6.0,0.33056395866087035,dry-spell threshold,0.8870967741935484,0.0033473588738643922,3.0381736684031218
2017-01-30,1.1,london,"London, United Kingdom",temperate maritime,0,57.099999999999994,1,2017,0–2,54.43781512605042,29.21881165985792,0.09111201731749424,0.0,1,1,1,1,1,1,1,1,1,1,1,1,0.37755102040816324,0.6938775510204082,0.8596938775510204,0.9693877551020408,12.0,0.3332721138494713,season-matched placebo,0.6610169491525424,0.0,3.0
2017-02-01,8.7,brasilia,"Brasília, Brazil",tropical savanna,4,140.8,2,2017,3–5,233.41380530973456,101.62431886591932,-0.9113350656935469,0.9113350656935469,1,1,1,1,1,1,1,1,1,1,1,1,0.5208333333333334,0.8541666666666666,1.0,1.0,3.0,1.482588287636679,high prospective hazard,0.868421052631579,0.2560267488630532,9.506356934744188
2017-02-01,0.0,tucson,"Tucson, United States",hot semi-arid / monsoonal,7,36.400000000000006,2,2017,6–9,30.121769911504437,27.801130207843915,0.2258264337298131,0.0,0,0,0,1,0,0,0,1,0,0,0,0,0.17582417582417584,0.3626373626373626,0.6153846153846154,0.8351648351648352,6.0,0.0,dry-spell threshold,0.44047619047619047,0.01954442778137766,3.390888555627553
2017-02-02,12.1,darwin,"Darwin, Australia",tropical savanna / monsoon,0,336.0,2,2017,0–2,399.70690265486724,117.59011199112142,-0.5417709157354778,0.5417709157354778,1,1,1,1,1,1,1,1,1,1,1,1,0.9537366548042705,0.994661921708185,1.0,1.0,0.0,0.4592809866440557,high prospective hazard,0.9714285714285714,0.44191033665170043,13.74811389629736
2017-02-04,0.2,cape_town,"Cape Town, South Africa",Mediterranean winter-rainfall,7,8.699999999999992,2,2017,6–9,11.802123893805309,12.848555776895664,-0.24143755513624116,0.24143755513624116,0,0,0,1,0,0,0,0,0,0,0,0,0.06329113924050633,0.17721518987341772,0.35443037974683544,0.5063291139240507,6.0,0.24143755513624116,dry-spell threshold,0.6382978723404256,0.019537521594210405,3.4140399621456337
2017-02-04,2.8,london,"London, United Kingdom",temperate maritime,0,62.3,2,2017,0–2,45.498407079646014,27.221080971026016,0.6172272489192298,0.0,1,1,1,1,0,1,1,1,0,1,1,1,0.39143730886850153,0.6972477064220184,0.8746177370030581,0.944954128440367,0.0,0.0,season-matched placebo,0.6666666666666666,0.0,3.0
2017-02-08,0.0,cape_town,"Cape Town, South Africa",Mediterranean winter-rainfall,11,8.899999999999993,2,2017,10–19,11.802123893805309,12.848555776895664,-0.22587160333023024,0.22587160333023024,0,0,0,1,0,0,0,0,0,0,0,0,0.0916030534351145,0.17557251908396945,0.32061068702290074,0.6335877862595419,10.0,0.22587160333023024,random drought day,0.5333333333333333,0.0,2.981745285015936
2017-02-08,0.0,nairobi,"Nairobi, Kenya",subtropical highland / bimodal rainfall,7,5.7,2,2017,6–9,32.5141592920354,40.980944947675,-0.6543079796298515,0.6543079796298515,0,0,0,1,0,0,0,1,0,0,0,0,0.11827956989247312,0.27956989247311825,0.5268817204301075,0.7849462365591398,6.0,0.6640686135173992,dry-spell threshold,0.6,0.0,2.853408229857811
2017-02-08,0.3,tokyo,"Tokyo, Japan",humid subtropical,2,9.800000000000056,2,2017,0–2,65.73982300884958,35.926938123744165,-1.5570439878893776,1.5570439878893776,1,1,1,1,1,1,1,1,1,1,1,1,0.2696245733788396,0.5358361774744027,0.8805460750853242,1.0,1.0,0.4854246957751049,30-day deficit threshold,0.9210526315789473,0.03730321625926336,3.35177287205228
2017-02-13,2.0,tucson,"Tucson, United States",hot semi-arid / monsoonal,0,36.6,2,2017,0–2,30.121769911504437,27.801130207843915,0.23302038586430462,0.0,1,1,1,1,0,0,1,1,0,0,0,0,0.22099447513812154,0.43646408839779005,0.6077348066298343,0.856353591160221,18.0,0.0,season-matched placebo,0.3291139240506329,0.0,3.0
2017-02-14,0.0,london,"London, United Kingdom",temperate maritime,7,49.599999999999994,2,2017,6–9,45.498407079646014,27.221080971026016,0.15067707725199064,0.0,1,1,1,1,1,1,1,1,0,0,0,1,0.0847457627118644,0.2542372881355932,0.6779661016949152,0.9830508474576272,6.0,0.0,dry-spell threshold,0.7727272727272727,0.0,3.0
2017-02-15,0.0,cape_town,"Cape Town, South Africa",Mediterranean winter-rainfall,18,8.299999999999994,2,2017,10–19,11.802123893805309,12.848555776895664,-0.2725694587482627,0.2725694587482627,1,1,1,1,0,0,0,0,0,0,0,0,0.0916030534351145,0.17557251908396945,0.32061068702290074,0.6335877862595419,17.0,0.2725694587482627,random drought day,0.5245901639344263,0.0,2.9734904607710853
2017-02-16,0.0,tucson,"Tucson, United States",hot semi-arid / monsoonal,2,33.00000000000001,2,2017,0–2,30.121769911504437,27.801130207843915,0.1035292474434545,0.0,0,1,1,1,0,1,1,1,0,0,0,0,0.22099447513812154,0.43646408839779005,0.6077348066298343,0.856353591160221,1.0,0.0,season-matched placebo,0.3375,0.0,3.0
2017-02-17,0.0,tokyo,"Tokyo, Japan",humid subtropical,7,17.700000000000056,2,2017,6–9,65.73982300884958,35.926938123744165,-1.3371532760009943,1.3371532760009943,1,1,1,1,1,1,1,1,0,1,1,1,0.3132530120481928,0.5662650602409639,0.9156626506024096,1.0,6.0,1.3371532760009943,dry-spell threshold,0.8888888888888888,0.005139473569204855,2.6112491169070573
2017-02-19,4.0,tucson,"Tucson, United States",hot semi-arid / monsoonal,0,37.300000000000004,2,2017,0–2,30.121769911504437,27.801130207843915,0.2581992183350256,0.0,1,1,1,1,1,1,1,1,0,0,0,0,0.22099447513812154,0.43646408839779005,0.6077348066298343,0.856353591160221,4.0,0.0,season-matched placebo,0.345679012345679,0.0,3.0
2017-02-20,1.3,tucson,"Tucson, United States",hot semi-arid / monsoonal,0,38.7,2,2017,0–2,30.121769911504437,27.801130207843915,0.30855688327646735,0.0,0,0,1,1,0,0,0,1,0,0,0,0,0.22099447513812154,0.43646408839779005,0.6077348066298343,0.856353591160221,0.0,0.0,season-matched placebo,0.35365853658536583,0.0,3.0
2017-02-23,1.1,london,"London, United Kingdom",temperate maritime,7,40.599999999999994,2,2017,6–9,45.498407079646014,27.221080971026016,-0.17994902865392673,0.17994902865392673,0,1,1,1,0,1,1,1,0,0,1,1,0.0847457627118644,0.2542372881355932,0.6779661016949152,0.9830508474576272,6.0,0.19831714564869993,dry-spell threshold,0.7761194029850746,0.0,2.9883877278989086
2017-02-27,0.0,tucson,"Tucson, United States",hot semi-arid / monsoonal,6,13.100000000000007,2,2017,6–9,30.121769911504437,27.801130207843915,-0.6122689899384681,0.6122689899384681,1,1,1,1,1,1,1,1,0,0,0,0,0.17582417582417584,0.3626373626373626,0.6153846153846154,0.8351648351648352,5.0,0.6194629420729599,high prospective hazard,0.5,0.0790682373051872,4.847415057208069
2017-02-28,2.8,london,"London, United Kingdom",temperate maritime,0,52.099999999999994,2,2017,0–2,45.498407079646014,27.221080971026016,0.2425176622258566,0.0,1,1,1,1,1,1,1,1,0,0,0,1,0.39143730886850153,0.6972477064220184,0.8746177370030581,0.944954128440367,1.0,0.10280293727587955,season-matched placebo,0.6721311475409836,0.0,3.0
2017-02-28,0.2,nairobi,"Nairobi, Kenya",subtropical highland / bimodal rainfall,7,12.000000000000002,2,2017,6–9,32.5141592920354,40.980944947675,-0.5005779959009765,0.5005779959009765,1,1,1,1,0,0,0,0,0,0,0,0,0.11827956989247312,0.27956989247311825,0.5268817204301075,0.7849462365591398,6.0,0.5005779959009765,dry-spell threshold,0.5915492957746479,0.0,2.9124251251147513
2017-02-28,2.8,tucson,"Tucson, United States",hot semi-arid / monsoonal,7,13.100000000000009,2,2017,6–9,30.121769911504437,27.801130207843915,-0.6122689899384681,0.6122689899384681,0,0,0,0,0,0,0,0,0,0,0,0,0.17582417582417584,0.3626373626373626,0.6153846153846154,0.8351648351648352,6.0,0.6122689899384681,dry-spell threshold,0.43529411764705883,0.014362354952246026,3.2298875077847753
2017-03-01,7.7,tokyo,"Tokyo, Japan",humid subtropical,5,35.20000000000006,3,2017,3–5,86.56790322580649,40.11320514013068,-1.2805733933840193,1.2805733933840193,1,1,1,1,0,0,1,1,0,0,0,1,0.3816793893129771,0.7938931297709924,0.9770992366412213,1.0,4.0,0.7999519165774758,30-day deficit threshold,0.9230769230769231,0.039327507757239144,3.5847463613789037
2017-03-01,7.7,tokyo,"Tokyo, Japan",humid subtropical,5,35.20000000000006,3,2017,3–5,86.56790322580649,40.11320514013068,-1.2805733933840193,1.2805733933840193,1,1,1,1,0,0,1,1,0,0,0,1,0.3816793893129771,0.7938931297709924,0.9770992366412213,1.0,4.0,0.7999519165774758,high prospective hazard,0.9130434782608695,0.029294062941185528,3.309713882714029
2017-03-02,0.0,cape_town,"Cape Town, South Africa",Mediterranean winter-rainfall,33,0.6999999999999929,3,2017,20+,11.060483870967742,9.490236616741582,-1.091699215664547,1.091699215664547,1,1,1,1,0,0,0,1,0,0,0,0,0.11510791366906475,0.2805755395683453,0.5467625899280576,0.6834532374100719,32.0,0.9968649100148519,30-day deficit threshold,0.8214285714285714,0.20266822068235624,8.106522399604989
2017-03-03,0.0,tucson,"Tucson, United States",hot semi-arid / monsoonal,2,15.900000000000006,3,2017,0–2,26.86919354838711,20.47341795216967,-0.5357773467045664,0.5357773467045664,0,0,0,0,0,0,0,0,0,0,0,0,0.15789473684210525,0.2807017543859649,0.49707602339181284,0.6140350877192983,1.0,0.5357773467045664,random drought day,0.3488372093023256,0.0,2.90010057248708
2017-03-04,0.3,brasilia,"Brasília, Brazil",tropical savanna,0,285.5,3,2017,0–2,215.29435483870967,72.0131469131794,0.9749003920899578,0.0,0,1,1,1,0,0,0,1,0,0,0,1,0.7554744525547445,0.8886861313868614,0.968978102189781,0.9927007299270073,0.0,0.0,season-matched placebo,0.7575757575757576,0.1451814538072318,5.903629076144636
2017-03-08,0.0,tucson,"Tucson, United States",hot semi-arid / monsoonal,7,15.900000000000006,3,2017,6–9,26.86919354838711,20.47341795216967,-0.5357773467045664,0.5357773467045664,0,0,0,0,0,0,0,0,0,0,0,0,0.12149532710280374,0.2336448598130841,0.411214953271028,0.5514018691588785,6.0,0.5357773467045664,dry-spell threshold,0.43023255813953487,0.009300795444722065,3.12809436089466
2017-03-11,0.0,brasilia,"Brasília, Brazil",tropical savanna,7,193.6,3,2017,6–9,215.29435483870967,72.0131469131794,-0.3012554758211699,0.3012554758211699,0,1,1,1,0,1,1,1,0,0,1,1,0.7241935483870968,0.8725806451612903,0.9596774193548387,0.9935483870967742,6.0,0.063798834457946,dry-spell threshold,0.4473684210526316,0.0,2.9676802309243575
2017-03-12,0.0,brasilia,"Brasília, Brazil",tropical savanna,8,168.1,3,2017,6–9,215.29435483870967,72.0131469131794,-0.6553574848715916,0.6553574848715916,0,1,1,1,0,1,1,1,0,0,1,1,0.7241935483870968,0.8725806451612903,0.9596774193548387,0.9935483870967742,7.0,0.3012554758211699,high prospective hazard,0.8717948717948718,0.25940056802634603,9.403370113494967
2017-03-12,0.5,tokyo,"Tokyo, Japan",humid subtropical,4,35.800000000000054,3,2017,3–5,86.56790322580649,40.11320514013068,-1.2656157255062228,1.2656157255062228,1,1,1,1,0,1,1,1,0,1,1,1,0.3816793893129771,0.7938931297709924,0.9770992366412213,1.0,3.0,0.9988706483521826,30-day deficit threshold,0.925,0.04125058468031606,3.6462293296264177
2017-03-14,4.7,brasilia,"Brasília, Brazil",tropical savanna,10,139.2,3,2017,10–19,215.29435483870967,72.0131469131794,-1.0566730951287362,1.0566730951287362,1,1,1,1,1,1,1,1,0,0,1,1,0.7241935483870968,0.8725806451612903,0.9596774193548387,0.9935483870967742,9.0,0.8247709950839501,30-day deficit threshold,0.5555555555555556,0.0,2.6455330584100727
2017-03-17,0.3,brasilia,"Brasília, Brazil",tropical savanna,1,92.9,3,2017,0–2,215.29435483870967,72.0131469131794,-1.6996112527379332,1.6996112527379332,1,1,1,1,1,1,1,1,1,1,1,1,0.7554744525547445,0.8886861313868614,0.968978102189781,0.9927007299270073,0.0,1.6898908054306665,random drought day,0.42424242424242425,0.0,2.2277645551285614
2017-03-20,4.0,london,"London, United Kingdom",temperate maritime,7,33.49999999999999,3,2017,6–9,43.66516129032258,22.75797034071517,-0.44666379022986047,0.44666379022986047,0,1,1,1,0,1,1,1,0,1,1,1,0.1643835616438356,0.4246575342465753,0.7123287671232876,0.8767123287671232,6.0,0.4115112705621133,dry-spell threshold,0.7794117647058824,0.0,2.9298562386029183
2017-03-22,0.0,tucson,"Tucson, United States",hot semi-arid / monsoonal,21,4.300000000000007,3,2017,20+,26.86919354838711,20.47341795216967,-1.1023656919969893,1.1023656919969893,1,1,1,1,1,1,1,1,0,0,0,0,0.11627906976744186,0.29069767441860467,0.5930232558139535,0.7093023255813954,20.0,0.9069904005168434,30-day deficit threshold,0.5294117647058824,0.10848000201106955,5.555338009506891
2017-03-23,0.8,cape_town,"Cape Town, South Africa",Mediterranean winter-rainfall,7,2.499999999999993,3,2017,6–9,11.060483870967742,9.490236616741582,-0.9020306043651567,0.9020306043651567,0,0,1,1,0,0,0,1,0,0,0,0,0.06382978723404255,0.14893617021276595,0.3404255319148936,0.6595744680851063,6.0,0.9020306043651567,dry-spell threshold,0.631578947368421,0.012818596622205858,3.072047616202191
2017-03-23,1.2,london,"London, United Kingdom",temperate maritime,0,43.99999999999999,3,2017,0–2,43.66516129032258,22.75797034071517,0.014713030409323003,0.0,0,0,1,1,0,0,1,1,0,0,0,0,0.4197860962566845,0.6764705882352942,0.8181818181818182,0.9278074866310161,1.0,0.27090119189112394,season-matched placebo,0.6774193548387096,0.0,3.0
2017-03-23,0.9,nairobi,"Nairobi, Kenya",subtropical highland / bimodal rainfall,0,8.9,3,2017,0–2,34.05548387096774,29.879996154646307,-0.8418837720317475,0.8418837720317475,0,1,1,1,0,1,1,1,0,0,0,0,0.42948717948717946,0.6538461538461539,0.8653846153846154,0.9711538461538461,29.0,0.8452304926766377,high prospective hazard,0.896551724137931,0.2682327762038792,9.790186863152062
2017-03-24,0.0,brasilia,"Brasília, Brazil",tropical savanna,1,126.80000000000001,3,2017,0–2,215.29435483870967,72.0131469131794,-1.2288638760003137,1.2288638760003137,0,1,1,1,0,1,1,1,0,1,1,1,0.7554744525547445,0.8886861313868614,0.968978102189781,0.9927007299270073,0.0,1.18442754545281,random drought day,0.4411764705882353,0.0,2.5397625842083973
2017-03-25,2.9,tokyo,"Tokyo, Japan",humid subtropical,3,44.60000000000006,3,2017,3–5,86.56790322580649,40.11320514013068,-1.0462365966318719,1.0462365966318719,1,1,1,1,1,1,1,1,1,1,1,1,0.3816793893129771,0.7938931297709924,0.9770992366412213,1.0,2.0,0.8742234160372104,30-day deficit threshold,0.926829268292683,0.04307985297299899,3.811642360902818
2017-03-28,9.2,brasilia,"Brasília, Brazil",tropical savanna,0,114.10000000000001,3,2017,0–2,215.29435483870967,72.0131469131794,-1.4052205628607197,1.4052205628607197,1,1,1,1,1,1,1,1,1,1,1,1,0.7554744525547445,0.8886861313868614,0.968978102189781,0.9927007299270073,4.0,1.4079978335199386,high prospective hazard,0.875,0.26260569623147423,9.654579344397064
2017-03-28,0.8,nairobi,"Nairobi, Kenya",subtropical highland / bimodal rainfall,1,11.9,3,2017,0–2,34.05548387096774,29.879996154646307,-0.741482152685036,0.741482152685036,1,1,1,1,0,1,1,1,0,0,0,0,0.42948717948717946,0.6538461538461539,0.8653846153846154,0.9711538461538461,0.0,0.7314419907503649,random drought day,0.6170212765957447,0.0,2.814323609766638
2017-03-31,0.6,tucson,"Tucson, United States",hot semi-arid / monsoonal,7,4.000000000000007,3,2017,6–9,26.86919354838711,20.47341795216967,-1.1170188388580002,1.1170188388580002,0,0,0,0,0,0,0,0,0,0,0,0,0.12149532710280374,0.2336448598130841,0.411214953271028,0.5514018691588785,6.0,0.9802561348218982,30-day deficit threshold,0.5555555555555556,0.13462379286074277,6.259089691416299
2017-03-31,0.6,tucson,"Tucson, United States",hot semi-arid / monsoonal,7,4.000000000000007,3,2017,6–9,26.86919354838711,20.47341795216967,-1.1170188388580002,1.1170188388580002,0,0,0,0,0,0,0,0,0,0,0,0,0.12149532710280374,0.2336448598130841,0.411214953271028,0.5514018691588785,6.0,0.9802561348218982,dry-spell threshold,0.42528735632183906,0.004355593627026255,2.727397618657691
2017-04-01,2.4,london,"London, United Kingdom",temperate maritime,2,32.39999999999999,4,2017,0–2,46.335166666666666,27.704570357072942,-0.5029916178833304,0.5029916178833304,0,1,1,1,0,1,1,1,0,0,0,0,0.4583333333333333,0.6861111111111111,0.8694444444444445,0.9583333333333334,1.0,0.44666379022986047,high prospective hazard,0.7681159420289855,0.0,2.9116035188318516
2017-04-01,0.2,nairobi,"Nairobi, Kenya",subtropical highland / bimodal rainfall,1,14.200000000000001,4,2017,0–2,73.29916666666666,43.25617656077162,-1.3662596041894006,1.3662596041894006,0,1,1,1,0,1,1,1,0,0,0,0,0.650390625,0.88671875,0.9765625,0.9921875,0.0,0.6611608572076668,30-day deficit threshold,0.8571428571428571,0.22882390920880524,8.744124385720532
2017-04-01,0.0,tucson,"Tucson, United States",hot semi-arid / monsoonal,8,4.600000000000007,4,2017,6–9,13.29966666666668,12.691907161700495,-0.685449913541683,0.685449913541683,0,0,0,0,0,0,0,0,0,0,0,0,0.025974025974025976,0.06493506493506493,0.12987012987012986,0.22077922077922077,7.0,1.1170188388580002,random drought day,0.3409090909090909,0.0,2.8398845001759896
2017-04-03,0.0,london,"London, United Kingdom",temperate maritime,1,31.999999999999993,4,2017,0–2,46.335166666666666,27.704570357072942,-0.5174296688924079,0.5174296688924079,1,1,1,1,1,1,1,1,0,0,0,0,0.4583333333333333,0.6861111111111111,0.8694444444444445,0.9583333333333334,0.0,0.4163633118288642,high prospective hazard,0.7714285714285715,0.0,2.906616190079729
2017-04-09,2.4,nairobi,"Nairobi, Kenya",subtropical highland / bimodal rainfall,0,22.9,4,2017,0–2,73.29916666666666,43.25617656077162,-1.1651322579530277,1.1651322579530277,1,1,1,1,1,1,1,1,0,0,0,1,0.650390625,0.88671875,0.9765625,0.9921875,0.0,1.2529809838953514,random drought day,0.625,0.0,2.579748670504785
2017-04-12,0.0,brasilia,"Brasília, Brazil",tropical savanna,7,117.20000000000002,4,2017,6–9,161.05316666666667,70.38656954224601,-0.6230331574881767,0.6230331574881767,0,1,1,1,0,1,1,1,0,0,0,0,0.2054794520547945,0.3835616438356164,0.4383561643835616,0.684931506849315,6.0,0.6230331574881767,dry-spell threshold,0.46153846153846156,0.0,2.866478190814312
2017-04-12,0.0,london,"London, United Kingdom",temperate maritime,7,19.899999999999995,4,2017,6–9,46.335166666666666,27.704570357072942,-0.954180711917007,0.954180711917007,0,1,1,1,0,1,1,1,0,0,0,0,0.32,0.46,0.6,0.88,6.0,0.7917526380648834,dry-spell threshold,0.782608695652174,0.0,2.7045171663899805
2017-04-15,0.3,london,"London, United Kingdom",temperate maritime,0,21.199999999999996,4,2017,0–2,46.335166666666666,27.704570357072942,-0.9072570461375047,0.9072570461375047,0,0,1,1,0,0,0,1,0,0,0,0,0.4583333333333333,0.6861111111111111,0.8694444444444445,0.9583333333333334,9.0,0.954180711917007,high prospective hazard,0.7746478873239436,0.0,2.730316181600448
2017-04-18,0.4,darwin,"Darwin, Australia",tropical savanna / monsoon,0,312.5,4,2017,0–2,181.1625,124.65235065823825,1.0536303511843956,0.0,0,1,1,1,0,0,0,1,0,0,0,1,0.4807692307692308,0.6121794871794872,0.7275641025641025,0.8012820512820513,0.0,0.0,season-matched placebo,0.5714285714285714,0.04191033665170041,3.838206733034008
2017-04-19,0.4,brasilia,"Brasília, Brazil",tropical savanna,4,86.30000000000001,4,2017,3–5,161.05316666666667,70.38656954224601,-1.0620373624232364,1.0620373624232364,0,1,1,1,0,0,1,1,0,0,0,0,0.18823529411764706,0.36470588235294116,0.6,0.6588235294117647,3.0,0.8645565064815752,30-day deficit threshold,0.5714285714285714,0.0,2.6423551133302148
2017-04-19,0.0,cape_town,"Cape Town, South Africa",Mediterranean winter-rainfall,6,9.099999999999993,4,2017,6–9,24.096833333333333,28.520224613284682,-0.5258315296138248,0.5258315296138248,0,0,1,1,0,0,1,1,0,0,1,1,0.08928571428571429,0.3125,0.7857142857142857,0.9464285714285714,5.0,0.5258315296138248,high prospective hazard,0.8181818181818182,0.19942146743560307,7.778945995639984
2017-04-19,0.0,london,"London, United Kingdom",temperate maritime,4,21.39999999999999,4,2017,3–5,46.335166666666666,27.704570357072942,-0.900038020632966,0.900038020632966,0,1,1,1,0,0,1,1,0,0,0,0,0.35714285714285715,0.6122448979591837,0.8367346938775511,0.8775510204081632,3.0,0.900038020632966,random drought day,0.7450980392156863,0.0,2.734212126254966
2017-04-20,0.0,cape_town,"Cape Town, South Africa",Mediterranean winter-rainfall,7,8.699999999999992,4,2017,6–9,24.096833333333333,28.520224613284682,-0.5398566645986903,0.5398566645986903,0,0,1,1,0,0,1,1,0,0,1,1,0.08928571428571429,0.3125,0.7857142857142857,0.9464285714285714,6.0,0.5258315296138248,dry-spell threshold,0.625,0.00623964925378484,3.0517480618071815
2017-04-20,0.0,cape_town,"Cape Town, South Africa",Mediterranean winter-rainfall,7,8.699999999999992,4,2017,6–9,24.096833333333333,28.520224613284682,-0.5398566645986903,0.5398566645986903,0,0,1,1,0,0,1,1,0,0,1,1,0.08928571428571429,0.3125,0.7857142857142857,0.9464285714285714,6.0,0.5258315296138248,random drought day,0.5161290322580645,0.0,2.8986251473357414
2017-04-20,0.4,darwin,"Darwin, Australia",tropical savanna / monsoon,2,259.4,4,2017,0–2,181.1625,124.65235065823825,0.6276456046505312,0.0,1,1,1,1,0,0,1,1,0,0,1,1,0.4807692307692308,0.6121794871794872,0.7275641025641025,0.8012820512820513,1.0,0.0,season-matched placebo,0.5555555555555556,0.02603732077868459,3.520746415573692
2017-04-20,0.0,london,"London, United Kingdom",temperate maritime,5,17.39999999999999,4,2017,3–5,46.335166666666666,27.704570357072942,-1.0444185307237426,1.0444185307237426,0,1,1,1,0,0,1,1,0,0,0,0,0.35714285714285715,0.6122448979591837,0.8367346938775511,0.8775510204081632,4.0,0.900038020632966,30-day deficit threshold,0.9655172413793104,0.17415262616466154,7.341016286357497
2017-04-22,0.3,brasilia,"Brasília, Brazil",tropical savanna,7,70.7,4,2017,6–9,161.05316666666667,70.38656954224601,-1.2836705532642376,1.2836705532642376,1,1,1,1,1,1,1,1,0,0,0,0,0.2054794520547945,0.3835616438356164,0.4383561643835616,0.684931506849315,6.0,1.214054999730846,dry-spell threshold,0.475,0.0,2.5047230503937454
2017-04-22,0.2,london,"London, United Kingdom",temperate maritime,7,10.899999999999993,4,2017,6–9,46.335166666666666,27.704570357072942,-1.2790368596212545,1.2790368596212545,1,1,1,1,0,1,1,1,0,0,0,0,0.32,0.46,0.6,0.88,6.0,1.0444185307237426,dry-spell threshold,0.7857142857142857,0.0,2.5077065278214774
2017-04-25,0.0,darwin,"Darwin, Australia",tropical savanna / monsoon,7,177.10000000000002,4,2017,6–9,181.1625,124.65235065823825,-0.03259064091890418,0.03259064091890418,1,1,1,1,1,1,1,1,1,1,1,1,0.14606741573033707,0.3258426966292135,0.5280898876404494,0.6292134831460674,6.0,0.0,dry-spell threshold,0.59375,0.06423176522312901,4.3050201392297325
2017-04-25,0.1,london,"London, United Kingdom",temperate maritime,0,11.499999999999993,4,2017,0–2,46.335166666666666,27.704570357072942,-1.257379783107638,1.257379783107638,1,1,1,1,1,1,1,1,0,0,0,0,0.4583333333333333,0.6861111111111111,0.8694444444444445,0.9583333333333334,9.0,1.3079129616394098,high prospective hazard,0.7638888888888888,0.0,2.521600724667444
2017-04-26,0.0,tucson,"Tucson, United States",hot semi-arid / monsoonal,33,0.900000000000007,4,2017,20+,13.29966666666668,12.691907161700495,-0.9769742646782276,0.9769742646782276,0,0,0,1,0,0,0,1,0,0,0,0,0.05217391304347826,0.12608695652173912,0.2565217391304348,0.39565217391304347,32.0,0.9769742646782276,random drought day,0.3333333333333333,0.0,2.691699602986577
2017-04-28,0.0,tucson,"Tucson, United States",hot semi-arid / monsoonal,35,0.600000000000007,4,2017,20+,13.29966666666668,12.691907161700495,-1.0006113742298393,1.0006113742298393,0,0,0,1,0,0,0,1,0,0,0,0,0.05217391304347826,0.12608695652173912,0.2565217391304348,0.39565217391304347,34.0,0.9769742646782276,30-day deficit threshold,0.5263157894736842,0.10538402677887138,5.501212192457075
2017-04-29,0.0,tucson,"Tucson, United States",hot semi-arid / monsoonal,36,0.600000000000007,4,2017,20+,13.29966666666668,12.691907161700495,-1.0006113742298393,1.0006113742298393,0,0,0,1,0,0,0,1,0,0,0,0,0.05217391304347826,0.12608695652173912,0.2565217391304348,0.39565217391304347,35.0,1.0006113742298393,random drought day,0.32608695652173914,0.0,2.678220450965123
2017-05-01,3.0,london,"London, United Kingdom",temperate maritime,0,13.599999999999993,5,2017,0–2,48.14758064516129,20.32479749389796,-1.6997749008585885,1.6997749008585885,0,1,1,1,0,1,1,1,0,0,0,0,0.3729281767955801,0.6215469613259669,0.8756906077348067,0.9668508287292817,3.0,1.2682083213644464,high prospective hazard,0.7671232876712328,0.0,2.2276541247487796
2017-05-02,0.0,tokyo,"Tokyo, Japan",humid subtropical,0,111.00000000000006,5,2017,0–2,112.75661290322584,46.35753486316777,-0.03789271600422091,0.03789271600422091,0,0,1,1,0,0,1,1,0,0,0,1,0.34831460674157305,0.6921348314606741,0.9707865168539326,1.0,3.0,0.06377847553699208,season-matched placebo,0.85,0.0,2.999483180196154
2017-05-03,0.0,cape_town,"Cape Town, South Africa",Mediterranean winter-rainfall,2,15.899999999999993,5,2017,0–2,43.471774193548384,31.93177389758018,-0.8634588946415472,0.8634588946415472,0,1,1,1,0,0,0,1,0,0,0,0,0.2743682310469314,0.5234657039711191,0.776173285198556,0.9638989169675091,1.0,0.8634588946415472,random drought day,0.5238095238095238,0.0,2.7536391942279774
2017-05-05,0.0,darwin,"Darwin, Australia",tropical savanna / monsoon,7,148.8,5,2017,6–9,39.95,59.091811180795744,1.8420488021083907,0.0,0,0,0,0,0,0,0,0,0,0,0,0,0.038461538461538464,0.07692307692307693,0.20512820512820512,0.38461538461538464,6.0,0.0,dry-spell threshold,0.6060606060606061,0.07654237128373509,4.530847425674702
2017-05-07,0.3,brasilia,"Brasília, Brazil",tropical savanna,7,16.500000000000018,5,2017,6–9,47.016935483870974,41.55680838789718,-0.7343426183989282,0.7343426183989282,1,1,1,1,0,0,0,1,0,0,0,1,0.06666666666666667,0.16666666666666666,0.32222222222222224,0.6,6.0,0.7247172401392135,dry-spell threshold,0.4878048780487805,0.0,2.8176657770347244
2017-05-08,0.0,cape_town,"Cape Town, South Africa",Mediterranean winter-rainfall,7,15.799999999999994,5,2017,6–9,43.471774193548384,31.93177389758018,-0.8665905715825385,0.8665905715825385,0,1,1,1,0,1,1,1,0,0,0,0,0.17307692307692307,0.40384615384615385,0.7403846153846154,0.9423076923076923,6.0,0.882248956287495,dry-spell threshold,0.6288659793814433,0.010105628635228125,3.0177361420155733
2017-05-09,0.0,darwin,"Darwin, Australia",tropical savanna / monsoon,11,139.8,5,2017,10–19,39.95,59.091811180795744,1.6897434349152303,0.0,0,0,0,1,0,0,0,0,0,0,0,0,0.05844155844155844,0.14935064935064934,0.2597402597402597,0.35064935064935066,10.0,0.0,random drought day,0.19230769230769232,0.0,3.0
2017-05-09,4.3,tokyo,"Tokyo, Japan",humid subtropical,7,95.30000000000005,5,2017,6–9,112.75661290322584,46.35753486316777,-0.3765647365579723,0.3765647365579723,1,1,1,1,0,1,1,1,0,1,1,1,0.6060606060606061,0.8484848484848485,1.0,1.0,6.0,0.33126465737562355,dry-spell threshold,0.890625,0.006875584680316016,3.110474513067585
2017-05-10,0.7,tokyo,"Tokyo, Japan",humid subtropical,0,88.00000000000006,5,2017,0–2,112.75661290322584,46.35753486316777,-0.534036440382328,0.534036440382328,1,1,1,1,0,1,1,1,0,1,1,1,0.34831460674157305,0.6921348314606741,0.9707865168539326,1.0,7.0,0.3765647365579723,high prospective hazard,0.9166666666666666,0.032917251346982646,3.7072601335914603
2017-05-11,3.3,london,"London, United Kingdom",temperate maritime,7,12.799999999999994,5,2017,6–9,48.14758064516129,20.32479749389796,-1.739135686629772,1.739135686629772,1,1,1,1,1,1,1,1,0,0,1,1,0.2857142857142857,0.6071428571428571,0.7619047619047619,0.9285714285714286,6.0,1.739135686629772,dry-spell threshold,0.7887323943661971,0.0,2.20110602992553
2017-05-11,0.0,tucson,"Tucson, United States",hot semi-arid / monsoonal,0,4.200000000000007,5,2017,0–2,3.128064516129042,4.821333126196855,0.22233176090790585,0.0,0,0,1,1,0,0,0,0,0,0,0,0,0.10526315789473684,0.23684210526315788,0.2631578947368421,0.42105263157894735,0.0,0.06804435776206519,season-matched placebo,0.3493975903614458,0.0,3.0
2017-05-12,4.6,london,"London, United Kingdom",temperate maritime,0,16.099999999999994,5,2017,0–2,48.14758064516129,20.32479749389796,-1.576772445323641,1.576772445323641,1,1,1,1,0,1,1,1,0,0,1,1,0.3729281767955801,0.6215469613259669,0.8756906077348067,0.9668508287292817,7.0,1.739135686629772,high prospective hazard,0.7702702702702703,0.0,2.310633279384434
2017-05-12,5.4,tokyo,"Tokyo, Japan",humid subtropical,2,57.00000000000006,5,2017,0–2,112.75661290322584,46.35753486316777,-1.202751894978907,1.202751894978907,1,1,1,1,1,1,1,1,1,1,1,1,0.34831460674157305,0.6921348314606741,0.9707865168539326,1.0,1.0,0.5318792937545972,30-day deficit threshold,0.9285714285714286,0.04482201325174462,3.7794500827874984
2017-05-12,0.0,tucson,"Tucson, United States",hot semi-arid / monsoonal,1,4.200000000000007,5,2017,0–2,3.128064516129042,4.821333126196855,0.22233176090790585,0.0,0,0,1,1,0,0,0,0,0,0,0,0,0.10526315789473684,0.23684210526315788,0.2631578947368421,0.42105263157894735,0.0,0.0,season-matched placebo,0.34523809523809523,0.0,3.0
2017-05-18,9.2,london,"London, United Kingdom",temperate maritime,0,48.69999999999999,5,2017,0–2,48.14758064516129,20.32479749389796,0.02717957485207655,0.0,1,1,1,1,1,1,1,1,1,1,1,1,0.3729281767955801,0.6215469613259669,0.8756906077348067,0.9668508287292817,0.0,1.0798425249624524,season-matched placebo,0.6825396825396826,0.0,3.0
2017-05-18,1.8,tokyo,"Tokyo, Japan",humid subtropical,4,56.30000000000006,5,2017,3–5,112.75661290322584,46.35753486316777,-1.2178519213730232,1.2178519213730232,0,0,1,1,0,0,1,1,0,0,1,1,0.4507042253521127,0.8098591549295775,0.9929577464788732,1.0,3.0,0.44990772190082307,30-day deficit threshold,0.9302325581395349,0.04648314281985089,3.8164996393092587
2017-05-18,1.8,tokyo,"Tokyo, Japan",humid subtropical,4,56.30000000000006,5,2017,3–5,112.75661290322584,46.35753486316777,-1.2178519213730232,1.2178519213730232,0,0,1,1,0,0,1,1,0,0,1,1,0.4507042253521127,0.8098591549295775,0.9929577464788732,1.0,3.0,0.44990772190082307,high prospective hazard,0.92,0.036250584680316056,3.5369798838427973
2017-05-18,0.0,tucson,"Tucson, United States",hot semi-arid / monsoonal,7,4.4000000000000075,5,2017,6–9,3.128064516129042,4.821333126196855,0.2638140635750446,0.0,0,0,0,0,0,0,0,0,0,0,0,0,0.02857142857142857,0.08571428571428572,0.22857142857142856,0.3142857142857143,6.0,0.0,dry-spell threshold,0.42045454545454547,0.0,3.0
2017-05-18,0.0,tucson,"Tucson, United States",hot semi-arid / monsoonal,7,4.4000000000000075,5,2017,6–9,3.128064516129042,4.821333126196855,0.2638140635750446,0.0,0,0,0,0,0,0,0,0,0,0,0,0,0.02857142857142857,0.08571428571428572,0.22857142857142856,0.3142857142857143,6.0,0.0,random drought day,0.3191489361702128,0.0,3.0
2017-05-19,0.0,cape_town,"Cape Town, South Africa",Mediterranean winter-rainfall,7,12.699999999999994,5,2017,6–9,43.471774193548384,31.93177389758018,-0.963672556753269,0.963672556753269,0,0,1,1,0,0,1,1,0,0,0,0,0.17307692307692307,0.40384615384615385,0.7403846153846154,0.9423076923076923,6.0,0.963672556753269,dry-spell threshold,0.6326530612244898,0.013892710478274672,3.0696530057169054
2017-05-20,0.0,nairobi,"Nairobi, Kenya",subtropical highland / bimodal rainfall,7,97.6,5,2017,6–9,106.88693548387096,59.75590066479438,-0.15541453447362108,0.15541453447362108,0,1,1,1,0,0,0,1,0,0,0,1,0.2571428571428571,0.45714285714285713,0.5428571428571428,0.9142857142857143,6.0,0.03325086663854073,dry-spell threshold,0.5833333333333334,0.0,2.991329806138758
2017-05-21,0.0,london,"London, United Kingdom",temperate maritime,0,67.19999999999999,5,2017,0–2,48.14758064516129,20.32479749389796,0.9373977458106894,0.0,0,0,1,1,0,0,1,1,0,0,0,1,0.3729281767955801,0.6215469613259669,0.8756906077348067,0.9668508287292817,0.0,0.0,season-matched placebo,0.6875,0.0,3.0
2017-05-28,2.4,london,"London, United Kingdom",temperate maritime,7,63.19999999999999,5,2017,6–9,48.14758064516129,20.32479749389796,0.7405938169547731,0.0,1,1,1,1,1,1,1,1,1,1,1,1,0.2857142857142857,0.6071428571428571,0.7619047619047619,0.9285714285714286,6.0,0.0,dry-spell threshold,0.7916666666666666,0.00030205145201778194,3.0060410290403556
2017-05-29,0.0,brasilia,"Brasília, Brazil",tropical savanna,7,22.700000000000017,5,2017,6–9,47.016935483870974,41.55680838789718,-0.5851492553733485,0.5851492553733485,0,0,1,1,0,0,0,0,0,0,0,0,0.06666666666666667,0.16666666666666666,0.32222222222222224,0.6,6.0,0.4840827836463429,dry-spell threshold,0.47619047619047616,0.0,2.8816009027664524
2017-05-29,7.0,nairobi,"Nairobi, Kenya",subtropical highland / bimodal rainfall,0,104.5,5,2017,0–2,106.88693548387096,59.75590066479438,-0.03994476624594225,0.03994476624594225,1,1,1,1,0,0,0,0,0,0,0,0,0.5518672199170125,0.7863070539419087,0.9315352697095436,0.970954356846473,15.0,0.27088430270129965,season-matched placebo,0.5454545454545454,0.0,2.9994256995952093
2017-05-31,0.0,cape_town,"Cape Town, South Africa",Mediterranean winter-rainfall,4,8.799999999999992,5,2017,3–5,43.471774193548384,31.93177389758018,-1.0858079574519302,1.0858079574519302,0,1,1,1,0,1,1,1,0,1,1,1,0.22131147540983606,0.45901639344262296,0.7049180327868853,0.9508196721311475,3.0,0.9668042336942605,30-day deficit threshold,0.7931034482758621,0.17434309752964694,7.3412690076932074
2017-06-01,0.0,cape_town,"Cape Town, South Africa",Mediterranean winter-rainfall,5,8.799999999999992,6,2017,3–5,74.97083333333333,32.39451662165692,-2.0426553699244185,2.0426553699244185,0,1,1,1,0,1,1,1,0,1,1,1,0.24305555555555555,0.6111111111111112,0.8680555555555556,0.9722222222222222,4.0,1.0858079574519302,high prospective hazard,0.8260869565217391,0.20732660577552398,7.584163319578024
2017-06-01,2.9,mumbai,"Mumbai, India",tropical monsoon,0,12.700000000000001,6,2017,0–2,177.036,162.86130462730597,-1.0090549156293986,1.0090549156293986,1,1,1,1,1,1,1,1,0,0,1,1,0.9471624266144814,0.9823874755381604,1.0,1.0,0.0,0.0,30-day deficit threshold,0.8,0.471472309734613,15.315559427499485
2017-06-01,2.9,mumbai,"Mumbai, India",tropical monsoon,0,12.700000000000001,6,2017,0–2,177.036,162.86130462730597,-1.0090549156293986,1.0090549156293986,1,1,1,1,1,1,1,1,0,0,1,1,0.9471624266144814,0.9823874755381604,1.0,1.0,0.0,0.0,high prospective hazard,0.8125,0.48397230973461297,15.650738144496215
2017-06-01,0.0,nairobi,"Nairobi, Kenya",subtropical highland / bimodal rainfall,2,84.7,6,2017,0–2,54.527166666666666,41.728924227297085,0.7230676057926194,0.0,0,1,1,1,0,0,0,0,0,0,0,0,0.3273381294964029,0.5359712230215827,0.7086330935251799,0.8237410071942446,1.0,0.11357766192736066,season-matched placebo,0.5373134328358209,0.0,3.0
2017-06-01,3.2,tokyo,"Tokyo, Japan",humid subtropical,0,78.30000000000007,6,2017,0–2,141.02533333333335,50.96106823528811,-1.2308480866949132,1.2308480866949132,0,0,1,1,0,0,0,1,0,0,0,1,0.4896694214876033,0.8078512396694215,0.9772727272727273,1.0,4.0,0.8856513407024647,30-day deficit threshold,0.9318181818181818,0.048068766498497784,3.852627201746966
2017-06-03,8.1,cape_town,"Cape Town, South Africa",Mediterranean winter-rainfall,7,8.799999999999992,6,2017,6–9,74.97083333333333,32.39451662165692,-2.0426553699244185,2.0426553699244185,0,1,1,1,0,1,1,1,0,1,1,1,0.44594594594594594,0.6891891891891891,0.8378378378378378,0.9864864864864865,6.0,2.0426553699244185,dry-spell threshold,0.6363636363636364,0.017603285617421194,2.47328426330162
2017-06-03,0.0,london,"London, United Kingdom",temperate maritime,0,82.5,6,2017,0–2,54.81133333333334,25.599446432523536,1.0816119301505216,0.0,1,1,1,1,0,1,1,1,0,1,1,1,0.3937677053824363,0.6685552407932012,0.8583569405099151,0.9773371104815864,3.0,0.0,season-matched placebo,0.6923076923076923,0.0,3.0
2017-06-06,0.0,nairobi,"Nairobi, Kenya",subtropical highland / bimodal rainfall,7,51.8,6,2017,6–9,54.527166666666666,41.728924227297085,-0.06535434874409453,0.06535434874409453,0,1,1,1,0,0,0,0,0,0,0,0,0.2,0.30526315789473685,0.5157894736842106,0.7263157894736842,6.0,0.0,dry-spell threshold,0.5753424657534246,0.0,2.9984631589730535
2017-06-06,0.0,tokyo,"Tokyo, Japan",humid subtropical,4,81.50000000000006,6,2017,3–5,141.02533333333335,50.96106823528811,-1.1680550544683213,1.1680550544683213,1,1,1,1,0,0,1,1,0,0,1,1,0.5106382978723404,0.8723404255319149,0.9893617021276596,1.0,3.0,1.1680550544683213,random drought day,0.9423076923076923,0.058558276988008306,4.172093633267876
2017-06-09,0.0,tokyo,"Tokyo, Japan",humid subtropical,7,77.70000000000006,6,2017,6–9,141.02533333333335,50.96106823528811,-1.2426217802373993,1.2426217802373993,0,1,1,1,0,1,1,1,0,0,1,1,0.5,0.9090909090909091,1.0,1.0,6.0,1.168055054468321,dry-spell threshold,0.8923076923076924,0.008558276988008373,2.765149519434286
2017-06-14,0.0,london,"London, United Kingdom",temperate maritime,7,94.1,6,2017,6–9,54.81133333333334,25.599446432523536,1.5347467286148526,0.0,0,0,0,1,0,0,0,1,0,0,0,1,0.275,0.5875,0.7875,0.9375,6.0,0.0,dry-spell threshold,0.7945205479452054,0.0031559327305565876,3.0631186546111318
2017-06-22,10.9,cape_town,"Cape Town, South Africa",Mediterranean winter-rainfall,2,70.19999999999999,6,2017,0–2,74.97083333333333,32.39451662165692,-0.1472728668574689,0.1472728668574689,0,0,1,1,0,0,1,1,0,0,1,1,0.3342776203966006,0.5524079320113314,0.8753541076487252,0.9716713881019831,1.0,0.1472728668574689,season-matched placebo,0.5730337078651685,0.0,2.9922121225981377
2017-06-22,0.0,tokyo,"Tokyo, Japan",humid subtropical,0,86.90000000000006,6,2017,0–2,141.02533333333335,50.96106823528811,-1.0620918125859473,1.0620918125859473,0,1,1,1,0,1,1,1,0,1,1,1,0.4896694214876033,0.8078512396694215,0.9772727272727273,1.0,0.0,1.7194563687080822,random drought day,0.9433962264150944,0.05964681109541037,4.251004276136442
2017-06-27,0.0,cape_town,"Cape Town, South Africa",Mediterranean winter-rainfall,4,75.8,6,2017,3–5,74.97083333333333,32.39451662165692,0.025595895637236875,0.0,1,1,1,1,1,1,1,1,1,1,1,1,0.24305555555555555,0.6111111111111112,0.8680555555555556,0.9722222222222222,3.0,0.0,random drought day,0.515625,0.0,3.0
2017-06-28,0.1,nairobi,"Nairobi, Kenya",subtropical highland / bimodal rainfall,29,8.8,6,2017,20+,54.527166666666666,41.728924227297085,-1.0958146540656353,1.0958146540656353,1,1,1,1,0,0,1,1,0,0,0,0,0.235,0.42,0.6083333333333333,0.7533333333333333,28.0,0.7555231113780567,30-day deficit threshold,0.8636363636363636,0.2353174157023118,8.98961320946025
2017-07-01,11.2,mumbai,"Mumbai, India",tropical monsoon,0,400.29999999999995,7,2017,0–2,554.1132258064516,175.14388136213014,-0.8782106723353076,0.8782106723353076,1,1,1,1,1,1,1,1,1,1,1,1,1.0,1.0,1.0,1.0,0.0,0.0,high prospective hazard,0.8235294117647058,0.4950017214993188,15.786174387882857
2017-07-05,0.0,nairobi,"Nairobi, Kenya",subtropical highland / bimodal rainfall,0,4.2,7,2017,0–2,21.771290322580644,22.31910042743049,-0.7872759200001305,0.7872759200001305,0,1,1,1,0,0,0,0,0,0,0,0,0.19117647058823528,0.2647058823529412,0.4852941176470588,0.6838235294117647,0.0,0.8455219951153389,random drought day,0.6326530612244898,0.00433411329043798,2.904758222389069
2017-07-06,7.2,london,"London, United Kingdom",temperate maritime,7,45.699999999999996,7,2017,6–9,53.25306451612904,23.654472339833752,-0.31930809563694224,0.31930809563694224,0,1,1,1,0,0,1,1,0,0,1,1,0.14285714285714285,0.4603174603174603,0.9047619047619048,1.0,6.0,0.0,dry-spell threshold,0.7837837837837838,0.0,2.96373889412211
2017-07-07,0.0,london,"London, United Kingdom",temperate maritime,0,39.49999999999999,7,2017,0–2,53.25306451612904,23.654472339833752,-0.5814149780449384,0.5814149780449384,0,1,1,1,0,0,1,1,0,0,1,1,0.380352644836272,0.6926952141057935,0.8589420654911839,0.9748110831234257,7.0,0.31930809563694224,high prospective hazard,0.7733333333333333,0.0,2.883048544193431
2017-07-08,0.7,cape_town,"Cape Town, South Africa",Mediterranean winter-rainfall,5,48.999999999999986,7,2017,3–5,86.68548387096774,47.99031891727379,-0.7852726283384444,0.7852726283384444,1,1,1,1,1,1,1,1,1,1,1,1,0.20270270270270271,0.5472972972972973,0.7905405405405406,0.9527027027027027,4.0,0.2685017345515018,high prospective hazard,0.8333333333333334,0.2145729825871182,8.357966627335292
2017-07-08,0.0,nairobi,"Nairobi, Kenya",subtropical highland / bimodal rainfall,3,4.3,7,2017,3–5,21.771290322580644,22.31910042743049,-0.7827954526835759,0.7827954526835759,0,0,1,1,0,0,0,0,0,0,0,0,0.0967741935483871,0.26881720430107525,0.44086021505376344,0.6344086021505376,2.0,0.7872759200001305,random drought day,0.62,0.0,2.7945131688511413
2017-07-10,0.0,brasilia,"Brasília, Brazil",tropical savanna,49,0.0,7,2017,20+,1.7846774193548427,6.066529967027798,-0.2941842254228932,0.2941842254228932,0,0,0,0,0,0,0,0,0,0,0,0,0.005357142857142857,0.0125,0.02142857142857143,0.033928571428571426,48.0,0.2941842254228932,random drought day,0.45714285714285713,0.0,2.9691642699614027
2017-07-10,0.0,cape_town,"Cape Town, South Africa",Mediterranean winter-rainfall,0,61.099999999999994,7,2017,0–2,86.68548387096774,47.99031891727379,-0.5331384422569116,0.5331384422569116,0,0,1,1,0,0,1,1,0,0,1,1,0.32732732732732733,0.5495495495495496,0.8408408408408409,0.9669669669669669,6.0,0.7998589035663015,high prospective hazard,0.84,0.2212396492537848,8.320507475533297
2017-07-11,6.3,mumbai,"Mumbai, India",tropical monsoon,0,376.2,7,2017,0–2,554.1132258064516,175.14388136213014,-1.0158118252421022,1.0158118252421022,1,1,1,1,1,1,1,1,1,1,1,1,1.0,1.0,1.0,1.0,0.0,0.8376725733461687,30-day deficit threshold,0.8095238095238095,0.4809961192584225,15.577105279121476
2017-07-12,0.3,nairobi,"Nairobi, Kenya",subtropical highland / bimodal rainfall,7,3.6999999999999997,7,2017,6–9,21.771290322580644,22.31910042743049,-0.8096782565829029,0.8096782565829029,1,1,1,1,0,0,0,0,0,0,0,0,0.06976744186046512,0.20930232558139536,0.37209302325581395,0.627906976744186,6.0,0.8096782565829029,dry-spell threshold,0.5675675675675675,0.0,2.7812041556251
2017-07-12,0.0,tokyo,"Tokyo, Japan",humid subtropical,7,112.20000000000005,7,2017,6–9,175.2385483870968,78.86270240028857,-0.7993455266994008,0.7993455266994008,0,0,1,1,0,0,1,1,0,0,0,1,0.31343283582089554,0.6119402985074627,0.9402985074626866,1.0,6.0,0.7841292081676178,dry-spell threshold,0.8939393939393939,0.010189978619709938,3.0512964118644175
2017-07-13,0.5,tucson,"Tucson, United States",hot semi-arid / monsoonal,0,5.9000000000000075,7,2017,0–2,14.544838709677434,14.835603895577684,-0.5827089190655966,0.5827089190655966,1,1,1,1,1,1,1,1,0,1,1,1,0.32677165354330706,0.5433070866141733,0.7677165354330708,0.9212598425196851,62.0,0.8860332752342994,high prospective hazard,0.5217391304347826,0.10080736773996979,5.384177389710623
2017-07-14,0.0,cape_town,"Cape Town, South Africa",Mediterranean winter-rainfall,4,49.89999999999999,7,2017,3–5,86.68548387096774,47.99031891727379,-0.7665188459026279,0.7665188459026279,1,1,1,1,1,1,1,1,1,1,1,1,0.20270270270270271,0.5472972972972973,0.7905405405405406,0.9527027027027027,3.0,0.6498286440797696,random drought day,0.5230769230769231,0.0,2.8024127060025696
2017-07-16,0.0,darwin,"Darwin, Australia",tropical savanna / monsoon,79,0.39999999999999997,7,2017,20+,1.6995161290322582,4.838728697046019,-0.26856561100968446,0.26856561100968446,0,0,0,1,0,0,0,0,0,0,0,0,0.007220216606498195,0.021660649819494584,0.048736462093862815,0.11371841155234658,78.0,0.26856561100968446,random drought day,0.18518518518518517,0.0,2.974256918583591
2017-07-20,1.5,cape_town,"Cape Town, South Africa",Mediterranean winter-rainfall,3,56.79999999999999,7,2017,3–5,86.68548387096774,47.99031891727379,-0.6227398472280349,0.6227398472280349,0,0,1,1,0,0,1,1,0,0,1,1,0.20270270270270271,0.5472972972972973,0.7905405405405406,0.9527027027027027,2.0,0.49146337017731956,high prospective hazard,0.8461538461538461,0.22739349540763099,8.56533818218751
2017-07-22,0.3,tokyo,"Tokyo, Japan",humid subtropical,3,64.80000000000007,7,2017,3–5,175.2385483870968,78.86270240028857,-1.4003901087048298,1.4003901087048298,1,1,1,1,0,1,1,1,0,1,1,1,0.2767857142857143,0.5267857142857143,0.8125,1.0,2.0,0.9756012163592207,30-day deficit threshold,0.9111111111111111,0.02736169579142711,3.1816607012092493
2017-07-23,6.0,london,"London, United Kingdom",temperate maritime,0,82.89999999999999,7,2017,0–2,53.25306451612904,23.654472339833752,1.2533331988110337,0.0,1,1,1,1,1,1,1,1,0,0,1,1,0.380352644836272,0.6926952141057935,0.8589420654911839,0.9748110831234257,1.0,0.0,season-matched placebo,0.696969696969697,0.0,3.0
2017-07-28,0.0,brasilia,"Brasília, Brazil",tropical savanna,67,0.0,7,2017,20+,1.7846774193548427,6.066529967027798,-0.2941842254228932,0.2941842254228932,0,0,0,0,0,0,0,0,0,0,0,0,0.005357142857142857,0.0125,0.02142857142857143,0.033928571428571426,66.0,0.2941842254228932,random drought day,0.4444444444444444,0.0,2.9691642699614027
2017-07-29,0.0,nairobi,"Nairobi, Kenya",subtropical highland / bimodal rainfall,24,6.4,7,2017,20+,21.771290322580644,22.31910042743049,-0.6887056390359313,0.6887056390359313,0,1,1,1,0,1,1,1,0,0,0,0,0.0736196319018405,0.1656441717791411,0.3067484662576687,0.49693251533742333,23.0,0.6887056390359313,random drought day,0.6078431372549019,0.0,2.838441971795851
2017-07-31,0.0,cape_town,"Cape Town, South Africa",Mediterranean winter-rainfall,5,42.99999999999999,7,2017,3–5,86.68548387096774,47.99031891727379,-0.9102978445772207,0.9102978445772207,1,1,1,1,1,1,1,1,0,0,0,1,0.20270270270270271,0.5472972972972973,0.7905405405405406,0.9527027027027027,4.0,0.8707065261016081,random drought day,0.5303030303030303,0.0,2.728669161170582
2017-08-03,1.6,tucson,"Tucson, United States",hot semi-arid / monsoonal,0,98.30000000000001,8,2017,0–2,33.28145161290324,19.113990033841972,3.4016209212194424,0.0,1,1,1,1,0,0,0,1,0,0,0,0,0.28823529411764703,0.5647058823529412,0.7941176470588235,0.9470588235294117,2.0,0.0,season-matched placebo,0.3411764705882353,0.0,3.0
2017-08-06,0.0,tucson,"Tucson, United States",hot semi-arid / monsoonal,2,100.7,8,2017,0–2,33.28145161290324,19.113990033841972,3.527183401672279,0.0,0,0,1,1,0,0,1,1,0,0,0,0,0.28823529411764703,0.5647058823529412,0.7941176470588235,0.9470588235294117,1.0,0.0,season-matched placebo,0.3372093023255814,0.0,3.0
2017-08-09,0.0,cape_town,"Cape Town, South Africa",Mediterranean winter-rainfall,6,35.499999999999986,8,2017,6–9,74.69370967741935,33.4152617533005,-1.172928405193418,1.172928405193418,0,1,1,1,0,1,1,1,0,1,1,1,0.1951219512195122,0.47560975609756095,0.8048780487804879,0.9878048780487805,5.0,0.789869906519957,30-day deficit threshold,0.8,0.18123964925378488,7.510659570660721
2017-08-09,0.0,nairobi,"Nairobi, Kenya",subtropical highland / bimodal rainfall,7,9.4,8,2017,6–9,15.798225806451612,13.574939376533305,-0.47132628949430755,0.47132628949430755,0,1,1,1,0,0,0,0,0,0,0,0,0.07692307692307693,0.19230769230769232,0.4230769230769231,0.7019230769230769,6.0,0.4786928048964218,dry-spell threshold,0.56,0.0,2.9221031113461384
2017-08-10,0.0,cape_town,"Cape Town, South Africa",Mediterranean winter-rainfall,7,35.499999999999986,8,2017,6–9,74.69370967741935,33.4152617533005,-1.172928405193418,1.172928405193418,1,1,1,1,1,1,1,1,1,1,1,1,0.1951219512195122,0.47560975609756095,0.8048780487804879,0.9878048780487805,6.0,1.172928405193418,dry-spell threshold,0.64,0.021239649253784854,3.15333123226521
2017-08-11,0.7,tucson,"Tucson, United States",hot semi-arid / monsoonal,7,100.2,8,2017,6–9,33.28145161290324,19.113990033841972,3.5010245515779377,0.0,1,1,1,1,1,1,1,1,0,0,0,0,0.21686746987951808,0.46987951807228917,0.7831325301204819,0.9397590361445783,6.0,0.0,dry-spell threshold,0.4157303370786517,0.0,3.0
2017-08-15,3.6,cape_town,"Cape Town, South Africa",Mediterranean winter-rainfall,3,33.099999999999994,8,2017,3–5,74.69370967741935,33.4152617533005,-1.2447518736946914,1.2447518736946914,1,1,1,1,1,1,1,1,0,0,1,1,0.3053435114503817,0.5190839694656488,0.8091603053435115,0.9770992366412213,2.0,0.7300170161022286,30-day deficit threshold,0.8064516129032258,0.1876912621570106,7.6649755281655585
2017-08-15,0.1,tucson,"Tucson, United States",hot semi-arid / monsoonal,1,99.20000000000002,8,2017,0–2,33.28145161290324,19.113990033841972,3.4487068513892565,0.0,0,0,1,1,0,0,0,0,0,0,0,0,0.28823529411764703,0.5647058823529412,0.7941176470588235,0.9470588235294117,0.0,0.0,season-matched placebo,0.3448275862068966,0.0,3.0
2017-08-16,10.0,tokyo,"Tokyo, Japan",humid subtropical,0,145.70000000000005,8,2017,0–2,104.671935483871,67.34377615546884,0.6092332039921888,0.0,0,1,1,1,0,1,1,1,0,1,1,1,0.36220472440944884,0.6299212598425197,0.8976377952755905,0.973753280839895,0.0,0.0,season-matched placebo,0.8524590163934426,0.0,3.0
2017-08-17,4.1,mumbai,"Mumbai, India",tropical monsoon,0,438.4,8,2017,0–2,556.4122580645161,206.81370296278826,-0.5706210776843443,0.5706210776843443,1,1,1,1,1,1,1,1,0,1,1,1,0.9805825242718447,0.9967637540453075,1.0,1.0,0.0,0.2408556945256127,high prospective hazard,0.8333333333333334,0.5048056430679464,15.37585916740896
2017-08-19,14.0,mumbai,"Mumbai, India",tropical monsoon,0,302.2,8,2017,0–2,556.4122580645161,206.81370296278826,-1.2291847900922515,1.2291847900922515,1,1,1,1,1,1,1,1,1,1,1,1,0.9805825242718447,0.9967637540453075,1.0,1.0,0.0,0.8326926871741279,30-day deficit threshold,0.8181818181818182,0.4896541279164312,15.924590118075507
2017-08-21,0.2,tucson,"Tucson, United States",hot semi-arid / monsoonal,7,50.00000000000001,8,2017,6–9,33.28145161290324,19.113990033841972,0.8746760021061016,0.0,0,1,1,1,0,0,0,0,0,0,0,0,0.21686746987951808,0.46987951807228917,0.7831325301204819,0.9397590361445783,6.0,0.0,dry-spell threshold,0.4222222222222222,0.0012904595274094155,3.0258091905481885
2017-08-25,0.0,cape_town,"Cape Town, South Africa",Mediterranean winter-rainfall,1,40.699999999999996,8,2017,0–2,74.69370967741935,33.4152617533005,-1.017310890107324,1.017310890107324,0,0,1,1,0,0,1,1,0,0,0,0,0.2782608695652174,0.5681159420289855,0.8173913043478261,0.9536231884057971,0.0,0.8227889962497074,30-day deficit threshold,0.8125,0.19373964925378484,7.868530249835738
2017-08-25,0.0,nairobi,"Nairobi, Kenya",subtropical highland / bimodal rainfall,23,10.9,8,2017,20+,15.798225806451612,13.574939376533305,-0.3608285584625936,0.3608285584625936,0,0,1,1,0,0,1,1,0,0,1,1,0.08264462809917356,0.2231404958677686,0.4049586776859504,0.628099173553719,22.0,0.3755615892668222,random drought day,0.6153846153846154,0.0,2.953850022514215
2017-08-27,0.0,tokyo,"Tokyo, Japan",humid subtropical,7,95.60000000000005,8,2017,6–9,104.671935483871,67.34377615546884,-0.13471082261451464,0.13471082261451464,0,1,1,1,0,1,1,1,0,1,1,1,0.37142857142857144,0.6428571428571429,0.7714285714285715,0.9428571428571428,6.0,0.13916557726485415,dry-spell threshold,0.8955223880597015,0.01177297274001754,3.2442541034881445
2017-08-29,0.0,tucson,"Tucson, United States",hot semi-arid / monsoonal,15,17.500000000000007,8,2017,10–19,33.28145161290324,19.113990033841972,-0.8256492540260633,0.8256492540260633,0,0,1,1,0,0,0,0,0,0,0,0,0.15789473684210525,0.43859649122807015,0.7894736842105263,0.9298245614035088,14.0,0.26061809198829766,high prospective hazard,0.5416666666666666,0.12073490397185382,5.926718025670976
2017-09-03,0.0,nairobi,"Nairobi, Kenya",subtropical highland / bimodal rainfall,1,17.6,9,2017,0–2,16.460666666666665,12.814435967721733,0.08891014292031284,0.0,1,1,1,1,0,0,0,1,0,0,0,0,0.14516129032258066,0.3064516129032258,0.5241935483870968,0.6532258064516129,0.0,0.0,season-matched placebo,0.5294117647058824,0.0,3.0
2017-09-09,0.0,nairobi,"Nairobi, Kenya",subtropical highland / bimodal rainfall,7,17.2,9,2017,6–9,16.460666666666665,12.814435967721733,0.05769534727830709,0.0,0,0,1,1,0,0,1,1,0,0,0,0,0.08536585365853659,0.15853658536585366,0.24390243902439024,0.5365853658536586,6.0,0.0,dry-spell threshold,0.5526315789473685,0.0,3.0
2017-09-11,0.0,brasilia,"Brasília, Brazil",tropical savanna,112,0.0,9,2017,20+,19.803000000000004,23.575053826836342,-0.8399980821022571,0.8399980821022571,0,0,0,1,0,0,0,0,0,0,0,0,0.06912442396313365,0.15207373271889402,0.3271889400921659,0.5898617511520737,111.0,0.8399980821022571,random drought day,0.43243243243243246,0.0,2.7658140612053836
2017-09-12,0.0,cape_town,"Cape Town, South Africa",Mediterranean winter-rainfall,4,30.699999999999992,9,2017,3–5,54.838166666666666,32.362710563712156,-0.7458635647698946,0.7458635647698946,0,1,1,1,0,0,0,1,0,0,0,1,0.23529411764705882,0.4411764705882353,0.7426470588235294,0.9558823529411765,3.0,0.7458635647698946,random drought day,0.5373134328358209,0.0,2.8122605319638936
2017-09-12,0.0,tucson,"Tucson, United States",hot semi-arid / monsoonal,29,7.400000000000007,9,2017,20+,30.822000000000013,23.461200506695302,-0.9983291346628188,0.9983291346628188,1,1,1,1,0,0,0,0,0,0,0,0,0.023809523809523808,0.023809523809523808,0.07142857142857142,0.35714285714285715,28.0,0.8704584402734219,random drought day,0.3125,0.0,2.679530012887418
2017-09-13,0.1,tucson,"Tucson, United States",hot semi-arid / monsoonal,30,5.500000000000007,9,2017,20+,30.822000000000013,23.461200506695302,-1.0793139077761036,1.0793139077761036,0,0,0,0,0,0,0,0,0,0,0,0,0.023809523809523808,0.023809523809523808,0.07142857142857142,0.35714285714285715,29.0,0.9983291346628188,30-day deficit threshold,0.5,0.0790682373051872,4.768210084642668
2017-09-15,0.0,brasilia,"Brasília, Brazil",tropical savanna,116,0.0,9,2017,20+,19.803000000000004,23.575053826836342,-0.8399980821022571,0.8399980821022571,0,0,1,1,0,0,0,1,0,0,0,1,0.06912442396313365,0.15207373271889402,0.3271889400921659,0.5898617511520737,115.0,0.8399980821022571,random drought day,0.42105263157894735,0.0,2.7658140612053836
2017-09-15,0.6,cape_town,"Cape Town, South Africa",Mediterranean winter-rainfall,7,27.099999999999994,9,2017,6–9,54.838166666666666,32.362710563712156,-0.8571027019525701,0.8571027019525701,0,0,1,1,0,0,0,1,0,0,0,1,0.2727272727272727,0.5227272727272727,0.7613636363636364,0.9204545454545454,6.0,0.7458635647698946,dry-spell threshold,0.6435643564356436,0.02480400568942842,3.4082239200230373
2017-09-17,4.1,nairobi,"Nairobi, Kenya",subtropical highland / bimodal rainfall,0,22.5,9,2017,0–2,16.460666666666665,12.814435967721733,0.47129138953488114,0.0,1,1,1,1,0,0,1,1,0,0,0,0,0.14516129032258066,0.3064516129032258,0.5241935483870968,0.6532258064516129,0.0,0.0,season-matched placebo,0.5217391304347826,0.0,3.0
2017-09-18,0.0,cape_town,"Cape Town, South Africa",Mediterranean winter-rainfall,10,24.599999999999994,9,2017,10–19,54.838166666666666,32.362710563712156,-0.9343521027738726,0.9343521027738726,0,0,1,1,0,0,1,1,0,0,1,1,0.24528301886792453,0.5471698113207547,0.7924528301886793,0.9433962264150944,9.0,0.9343521027738726,high prospective hazard,0.8518518518518519,0.2330915011056367,8.906649914131227
2017-09-18,0.1,nairobi,"Nairobi, Kenya",subtropical highland / bimodal rainfall,0,26.6,9,2017,0–2,16.460666666666665,12.814435967721733,0.7912430448654385,0.0,1,1,1,1,0,1,1,1,0,0,0,0,0.14516129032258066,0.3064516129032258,0.5241935483870968,0.6532258064516129,0.0,0.0,season-matched placebo,0.5285714285714286,0.0,3.0
2017-09-21,0.0,cape_town,"Cape Town, South Africa",Mediterranean winter-rainfall,13,17.899999999999995,9,2017,10–19,54.838166666666666,32.362710563712156,-1.1413804969749632,1.1413804969749632,1,1,1,1,0,0,1,1,0,0,1,1,0.24528301886792453,0.5471698113207547,0.7924528301886793,0.9433962264150944,12.0,0.9343521027738726,30-day deficit threshold,0.8181818181818182,0.19942146743560307,8.012061975643359
2017-09-21,0.0,darwin,"Darwin, Australia",tropical savanna / monsoon,7,4.9,9,2017,6–9,7.027166666666667,8.393407778078227,-0.253433018257777,0.253433018257777,0,1,1,1,0,0,0,1,0,0,0,1,0.11267605633802817,0.29577464788732394,0.5492957746478874,0.7605633802816901,6.0,0.253433018257777,dry-spell threshold,0.5882352941176471,0.05871705934077609,4.290084227228685
2017-09-29,0.0,nairobi,"Nairobi, Kenya",subtropical highland / bimodal rainfall,7,27.599999999999998,9,2017,6–9,16.460666666666665,12.814435967721733,0.8692800339704522,0.0,0,1,1,1,0,0,0,1,0,0,0,1,0.08536585365853659,0.15853658536585366,0.24390243902439024,0.5365853658536586,6.0,0.0,dry-spell threshold,0.5584415584415584,0.0,3.0
2017-10-01,0.5,brasilia,"Brasília, Brazil",tropical savanna,0,13.900000000000015,10,2017,0–2,80.51935483870969,62.708403403517686,-1.0623672621678102,1.0623672621678102,1,1,1,1,1,1,1,1,0,1,1,1,0.6385542168674698,0.7590361445783133,0.9060240963855422,0.9783132530120482,1.0,0.2970512835914809,30-day deficit threshold,0.5862068965517241,0.0,2.6421593959444607
2017-10-01,1.0,london,"London, United Kingdom",temperate maritime,0,52.39999999999999,10,2017,0–2,55.27048387096774,29.11101390576616,-0.09860473703388171,0.09860473703388171,0,0,1,1,0,0,0,0,0,0,0,0,0.38213399503722084,0.6799007444168734,0.8660049627791563,0.9578163771712159,0.0,0.0,season-matched placebo,0.7014925373134329,0.0,2.996503837238874
2017-10-03,4.4,cape_town,"Cape Town, South Africa",Mediterranean winter-rainfall,7,17.79999999999999,10,2017,6–9,35.513225806451615,24.33572772403693,-0.7278691645187946,0.7278691645187946,1,1,1,1,1,1,1,1,0,0,0,0,0.20202020202020202,0.3838383838383838,0.6262626262626263,0.8080808080808081,6.0,0.7278691645187946,dry-spell threshold,0.6372549019607843,0.01849455121456911,3.295025199562672
2017-10-05,3.5,darwin,"Darwin, Australia",tropical savanna / monsoon,0,43.6,10,2017,0–2,39.53387096774193,41.73645038000453,0.09742393028723176,0.0,1,1,1,1,0,0,0,1,0,0,0,1,0.48863636363636365,0.7215909090909091,0.8892045454545454,0.9715909090909091,1.0,0.029563390190294428,season-matched placebo,0.5675675675675675,0.038049332790696555,3.760986655813931
2017-10-07,9.7,mumbai,"Mumbai, India",tropical monsoon,0,493.4,10,2017,0–2,146.12016129032259,126.6642379396545,2.7417355076586714,0.0,1,1,1,1,1,1,1,1,1,1,1,1,0.48148148148148145,0.5962962962962963,0.6962962962962963,0.7666666666666667,5.0,0.0,season-matched placebo,0.5263157894736842,0.19778809920829715,6.955761984165943
2017-10-09,0.0,london,"London, United Kingdom",temperate maritime,7,44.89999999999999,10,2017,6–9,55.27048387096774,29.11101390576616,-0.35623918509116625,0.35623918509116625,1,1,1,1,0,0,0,1,0,0,0,1,0.21568627450980393,0.39215686274509803,0.6666666666666666,0.9215686274509803,6.0,0.2703610357387381,dry-spell threshold,0.7866666666666666,0.0,2.954999020722957
2017-10-10,0.0,cape_town,"Cape Town, South Africa",Mediterranean winter-rainfall,5,14.699999999999992,10,2017,3–5,35.513225806451615,24.33572772403693,-0.8552538901844281,0.8552538901844281,0,0,1,1,0,0,1,1,0,0,0,0,0.2064516129032258,0.44516129032258067,0.7096774193548387,0.8387096774193549,4.0,0.8552538901844281,random drought day,0.5294117647058824,0.0,2.7579230150143226
2017-10-10,0.5,london,"London, United Kingdom",temperate maritime,8,42.79999999999999,10,2017,6–9,55.27048387096774,29.11101390576616,-0.428376830547206,0.428376830547206,1,1,1,1,0,0,1,1,0,0,0,1,0.21568627450980393,0.39215686274509803,0.6666666666666666,0.9215686274509803,7.0,0.35623918509116625,random drought day,0.75,0.0,2.9353609878645277
2017-10-11,0.0,brasilia,"Brasília, Brazil",tropical savanna,7,29.800000000000015,10,2017,6–9,80.51935483870969,62.708403403517686,-0.8088127282134651,0.8088127282134651,0,0,0,0,0,0,0,0,0,0,0,0,0.3076923076923077,0.5769230769230769,0.75,0.9038461538461539,6.0,0.8088127282134651,dry-spell threshold,0.46511627906976744,0.0,2.781637651539957
2017-10-12,0.0,cape_town,"Cape Town, South Africa",Mediterranean winter-rainfall,7,14.399999999999993,10,2017,6–9,35.513225806451615,24.33572772403693,-0.8675814442811024,0.8675814442811024,0,1,1,1,0,1,1,1,0,0,0,1,0.20202020202020202,0.3838383838383838,0.6262626262626263,0.8080808080808081,6.0,0.8552538901844281,dry-spell threshold,0.6407766990291263,0.022016348282911102,3.3305124827662183
2017-10-13,0.1,darwin,"Darwin, Australia",tropical savanna / monsoon,7,49.0,10,2017,6–9,39.53387096774193,41.73645038000453,0.22680723794357904,0.0,1,1,1,1,1,1,1,1,0,1,1,1,0.24675324675324675,0.5194805194805194,0.7532467532467533,0.935064935064935,6.0,0.0,dry-spell threshold,0.5714285714285714,0.04191033665170041,3.838206733034008
2017-10-18,7.5,london,"London, United Kingdom",temperate maritime,0,29.89999999999999,10,2017,0–2,55.27048387096774,29.11101390576616,-0.8715080812057353,0.8715080812057353,1,1,1,1,1,1,1,1,1,1,1,1,0.38213399503722084,0.6799007444168734,0.8660049627791563,0.9578163771712159,15.0,0.8783783331539294,high prospective hazard,0.7763157894736842,0.0,2.749410076721631
2017-10-24,0.0,mumbai,"Mumbai, India",tropical monsoon,7,124.7,10,2017,6–9,146.12016129032259,126.6642379396545,-0.16910977904061283,0.16910977904061283,0,0,0,0,0,0,0,0,0,0,0,0,0.09574468085106383,0.22340425531914893,0.2765957446808511,0.3404255319148936,6.0,0.1596359131766607,dry-spell threshold,0.3333333333333333,0.004805643067946286,3.093623058295303
2017-10-26,0.3,london,"London, United Kingdom",temperate maritime,4,32.3,10,2017,3–5,55.27048387096774,29.11101390576616,-0.7890650578274041,0.7890650578274041,0,1,1,1,0,0,0,1,0,0,0,1,0.3425925925925926,0.6203703703703703,0.7962962962962963,0.9537037037037037,3.0,0.5211252318478282,random drought day,0.7547169811320755,0.0,2.791438145951447
2017-10-28,1.9,darwin,"Darwin, Australia",tropical savanna / monsoon,1,96.10000000000001,10,2017,0–2,39.53387096774193,41.73645038000453,1.3553171991683866,0.0,1,1,1,1,1,1,1,1,1,1,1,1,0.48863636363636365,0.7215909090909091,0.8892045454545454,0.9715909090909091,0.0,0.0,season-matched placebo,0.5526315789473685,0.023113344170497485,3.4622668834099497
2017-10-29,0.5,london,"London, United Kingdom",temperate maritime,7,25.999999999999993,10,2017,6–9,55.27048387096774,29.11101390576616,-1.0054779941955232,1.0054779941955232,0,1,1,1,0,0,1,1,0,0,1,1,0.21568627450980393,0.39215686274509803,0.6666666666666666,0.9215686274509803,6.0,0.9711267344545519,30-day deficit threshold,0.9666666666666667,0.17530205145201783,7.3740564432990015
2017-10-29,0.5,london,"London, United Kingdom",temperate maritime,7,25.999999999999993,10,2017,6–9,55.27048387096774,29.11101390576616,-1.0054779941955232,1.0054779941955232,0,1,1,1,0,0,1,1,0,0,1,1,0.21568627450980393,0.39215686274509803,0.6666666666666666,0.9215686274509803,6.0,0.9711267344545519,dry-spell threshold,0.7763157894736842,0.0,2.6754222663763176
2017-11-01,6.3,brasilia,"Brasília, Brazil",tropical savanna,0,50.70000000000001,11,2017,0–2,181.40016666666668,77.34286898141298,-1.6898799900747992,1.6898799900747992,1,1,1,1,1,1,1,1,1,1,1,1,0.7877094972067039,0.9124767225325885,0.9851024208566108,1.0,0.0,0.566420972483525,30-day deficit threshold,0.6,0.0,2.2343317613109583
2017-11-01,6.3,brasilia,"Brasília, Brazil",tropical savanna,0,50.70000000000001,11,2017,0–2,181.40016666666668,77.34286898141298,-1.6898799900747992,1.6898799900747992,1,1,1,1,1,1,1,1,1,1,1,1,0.7877094972067039,0.9124767225325885,0.9851024208566108,1.0,0.0,0.566420972483525,high prospective hazard,0.8780487804878049,0.2656544767192791,9.534885206460096
2017-11-01,0.0,london,"London, United Kingdom",temperate maritime,10,23.499999999999993,11,2017,10–19,59.218666666666664,29.995154615196395,-1.1908145540470254,1.1908145540470254,0,1,1,1,0,1,1,1,0,1,1,1,0.3,0.675,0.925,0.975,9.0,1.0741805136774658,high prospective hazard,0.7792207792207793,0.0,2.5637416325452094
2017-11-01,0.0,tokyo,"Tokyo, Japan",humid subtropical,2,477.50000000000006,11,2017,0–2,127.82533333333335,90.86569530095744,3.848258305937183,0.0,1,1,1,1,1,1,1,1,1,1,1,1,0.29829545454545453,0.6022727272727273,0.8863636363636364,0.9772727272727273,1.0,0.0,season-matched placebo,0.8548387096774194,0.0,3.0
2017-11-03,11.9,cape_town,"Cape Town, South Africa",Mediterranean winter-rainfall,0,27.39999999999999,11,2017,0–2,30.023833333333332,22.611931534444818,-0.1160375587258633,0.1160375587258633,0,0,0,1,0,0,0,1,0,0,0,0,0.1683673469387755,0.34183673469387754,0.5408163265306123,0.8214285714285714,1.0,0.21333132580846434,season-matched placebo,0.5777777777777777,0.0,2.9951605220503597
2017-11-06,0.0,cape_town,"Cape Town, South Africa",Mediterranean winter-rainfall,2,38.099999999999994,11,2017,0–2,30.023833333333332,22.611931534444818,0.35716394481224284,0.0,0,0,0,1,0,0,0,1,0,0,0,1,0.1683673469387755,0.34183673469387754,0.5408163265306123,0.8214285714285714,1.0,0.0,season-matched placebo,0.5714285714285714,0.0,3.0
2017-11-11,0.0,cape_town,"Cape Town, South Africa",Mediterranean winter-rainfall,7,38.099999999999994,11,2017,6–9,30.023833333333332,22.611931534444818,0.35716394481224284,0.0,0,1,1,1,0,1,1,1,0,0,0,1,0.20161290322580644,0.43548387096774194,0.6290322580645161,0.7258064516129032,6.0,0.0,dry-spell threshold,0.6442307692307693,0.025470418484554114,3.5094083696910823
2017-11-12,0.0,tokyo,"Tokyo, Japan",humid subtropical,7,420.90000000000003,11,2017,6–9,127.82533333333335,90.86569530095744,3.2253609648390444,0.0,1,1,1,1,1,1,1,1,1,1,1,1,0.2714285714285714,0.5142857142857142,0.8142857142857143,1.0,6.0,0.0,dry-spell threshold,0.8970588235294118,0.013309408209727813,3.2661881641945563
2017-11-19,0.0,london,"London, United Kingdom",temperate maritime,0,41.99999999999999,11,2017,0–2,59.218666666666664,29.995154615196395,-0.5740482717146325,0.5740482717146325,1,1,1,1,0,1,1,1,0,0,0,0,0.39690721649484534,0.7371134020618557,0.8969072164948454,0.961340206185567,5.0,0.3906853229131102,high prospective hazard,0.782051282051282,0.0,2.8858813702945083
2017-11-21,0.1,london,"London, United Kingdom",temperate maritime,2,36.39999999999999,11,2017,0–2,59.218666666666664,29.995154615196395,-0.7607450923125461,0.7607450923125461,1,1,1,1,1,1,1,1,0,0,0,0,0.39690721649484534,0.7371134020618557,0.8969072164948454,0.961340206185567,1.0,0.6240563486605022,random drought day,0.7407407407407407,0.0,2.805185553731951
2017-11-23,0.0,cape_town,"Cape Town, South Africa",Mediterranean winter-rainfall,0,52.99999999999999,11,2017,0–2,30.023833333333332,22.611931534444818,1.0161080945989511,0.0,0,0,0,1,0,0,0,1,0,0,0,0,0.1683673469387755,0.34183673469387754,0.5408163265306123,0.8214285714285714,0.0,0.0,season-matched placebo,0.5652173913043478,0.0,3.0
2017-11-23,2.4,london,"London, United Kingdom",temperate maritime,0,37.89999999999999,11,2017,0–2,59.218666666666664,29.995154615196395,-0.7107370153666763,0.7107370153666763,1,1,1,1,0,0,1,1,0,0,0,1,0.39690721649484534,0.7371134020618557,0.8969072164948454,0.961340206185567,3.0,0.7574112205161547,high prospective hazard,0.7848101265822784,0.0,2.8285405137672464
2017-11-28,0.0,london,"London, United Kingdom",temperate maritime,0,43.699999999999996,11,2017,0–2,59.218666666666664,29.995154615196395,-0.51737245117598,0.51737245117598,0,0,0,1,0,0,0,1,0,0,0,1,0.39690721649484534,0.7371134020618557,0.8969072164948454,0.961340206185567,3.0,0.6373918358460673,high prospective hazard,0.7875,0.0,2.906636199116778
2017-11-30,0.0,cape_town,"Cape Town, South Africa",Mediterranean winter-rainfall,7,47.79999999999999,11,2017,6–9,30.023833333333332,22.611931534444818,0.786141008767348,0.0,0,1,1,1,0,1,1,1,0,0,0,0,0.20161290322580644,0.43548387096774194,0.6290322580645161,0.7258064516129032,6.0,0.0,dry-spell threshold,0.6476190476190476,0.02885869687283249,3.57717393745665
2017-12-01,8.6,brasilia,"Brasília, Brazil",tropical savanna,0,189.1,12,2017,0–2,239.62129032258068,67.26353902146869,-0.7510947395505857,0.7510947395505857,1,1,1,1,1,1,1,1,1,1,1,1,0.8259325044404974,0.9325044404973357,0.9911190053285968,1.0,0.0,0.0,high prospective hazard,0.8809523809523809,0.26855807718385516,9.729619187797336
2017-12-01,0.0,tucson,"Tucson, United States",hot semi-arid / monsoonal,109,0.3000000000000071,12,2017,20+,25.111129032258077,25.327839224007104,-0.9795991206680091,0.9795991206680091,1,1,1,1,0,0,0,0,0,0,0,0,0.0718562874251497,0.20359281437125748,0.437125748502994,0.7544910179640718,108.0,0.6912998571365703,random drought day,0.30612244897959184,0.0,2.690212042214976
2017-12-02,0.0,tokyo,"Tokyo, Japan",humid subtropical,1,86.50000000000006,12,2017,0–2,77.44306451612907,50.27902436482055,0.1801334770968226,0.0,0,1,1,1,0,0,1,1,0,0,1,1,0.24161073825503357,0.4966442953020134,0.7315436241610739,0.9261744966442953,0.0,0.0,season-matched placebo,0.8571428571428571,0.0,3.0
2017-12-03,0.0,nairobi,"Nairobi, Kenya",subtropical highland / bimodal rainfall,7,58.1,12,2017,6–9,57.59387096774193,34.13512578169223,0.014827220368103243,0.0,0,1,1,1,0,0,1,1,0,0,0,0,0.234375,0.421875,0.546875,0.75,6.0,0.0,dry-spell threshold,0.5512820512820513,0.0,3.0
2017-12-04,0.0,cape_town,"Cape Town, South Africa",Mediterranean winter-rainfall,0,28.599999999999994,12,2017,0–2,15.709032258064516,12.469926953350525,1.033764495185902,0.0,0,0,0,1,0,0,0,1,0,0,0,0,0.0851063829787234,0.23404255319148937,0.44680851063829785,0.6666666666666666,10.0,0.0,season-matched placebo,0.5591397849462365,0.0,3.0
2017-12-05,0.0,london,"London, United Kingdom",temperate maritime,7,32.599999999999994,12,2017,6–9,58.340161290322584,25.556611744344465,-1.0071820767093174,1.0071820767093174,0,1,1,1,0,1,1,1,0,1,1,1,0.16176470588235295,0.47058823529411764,0.7794117647058824,0.9705882352941176,6.0,0.690238653965006,30-day deficit threshold,0.967741935483871,0.17637732026922215,7.402840246388389
2017-12-05,0.0,london,"London, United Kingdom",temperate maritime,7,32.599999999999994,12,2017,6–9,58.340161290322584,25.556611744344465,-1.0071820767093174,1.0071820767093174,0,1,1,1,0,1,1,1,0,1,1,1,0.16176470588235295,0.47058823529411764,0.7794117647058824,0.9705882352941176,6.0,0.690238653965006,dry-spell threshold,0.7792207792207793,0.0,2.6744406397222367
2017-12-08,0.0,london,"London, United Kingdom",temperate maritime,0,32.599999999999994,12,2017,0–2,58.340161290322584,25.556611744344465,-1.0071820767093174,1.0071820767093174,0,1,1,1,0,1,1,1,0,1,1,1,0.42592592592592593,0.6904761904761905,0.8571428571428571,0.9682539682539683,9.0,1.0071820767093174,high prospective hazard,0.7777777777777778,0.0,2.6744406397222367
2017-12-08,0.0,mumbai,"Mumbai, India",tropical monsoon,2,8.4,12,2017,0–2,8.210322580645165,22.833093699906243,0.008307127446142518,0.0,0,0,0,0,0,0,0,0,0,0,0,0,0.00825082508250825,0.019801980198019802,0.036303630363036306,0.066006600660066,1.0,0.0,season-matched placebo,0.55,0.22147230973461302,7.42944619469226
2017-12-08,6.1,tokyo,"Tokyo, Japan",humid subtropical,7,75.30000000000005,12,2017,6–9,77.44306451612907,50.27902436482055,-0.04262343080842445,0.04262343080842445,0,1,1,1,0,0,0,0,0,0,0,0,0.17708333333333334,0.3854166666666667,0.7083333333333334,0.9375,6.0,0.040634529844984855,dry-spell threshold,0.8985507246376812,0.014801309317997169,3.301615224345316
2017-12-08,0.0,tucson,"Tucson, United States",hot semi-arid / monsoonal,116,0.5000000000000071,12,2017,20+,25.111129032258077,25.327839224007104,-0.9717026713013206,0.9717026713013206,0,0,0,1,0,0,0,1,0,0,0,0,0.0718562874251497,0.20359281437125748,0.437125748502994,0.7544910179640718,115.0,0.9717026713013206,random drought day,0.3,0.0,2.694680009686655
2017-12-09,0.1,nairobi,"Nairobi, Kenya",subtropical highland / bimodal rainfall,0,33.4,12,2017,0–2,57.59387096774193,34.13512578169223,-0.7087675938993575,0.7087675938993575,0,0,1,1,0,0,1,1,0,0,0,0,0.38292011019283745,0.6060606060606061,0.8126721763085399,0.9090909090909091,12.0,0.7175561948823631,high prospective hazard,0.9,0.27168105206594817,9.77023710291216
2017-12-09,0.0,tokyo,"Tokyo, Japan",humid subtropical,0,81.20000000000006,12,2017,0–2,77.44306451612907,50.27902436482055,0.07472172603451827,0.0,1,1,1,1,0,0,0,0,0,0,0,0,0.24161073825503357,0.4966442953020134,0.7315436241610739,0.9261744966442953,7.0,0.04262343080842445,season-matched placebo,0.859375,0.0,3.0
2017-12-11,0.0,cape_town,"Cape Town, South Africa",Mediterranean winter-rainfall,7,28.599999999999994,12,2017,6–9,15.709032258064516,12.469926953350525,1.033764495185902,0.0,0,1,1,1,0,1,1,1,0,0,0,0,0.1326530612244898,0.23469387755102042,0.40816326530612246,0.6224489795918368,6.0,0.0,dry-spell threshold,0.6509433962264151,0.0321830454801999,3.643660909603998
2017-12-12,0.0,nairobi,"Nairobi, Kenya",subtropical highland / bimodal rainfall,3,30.300000000000004,12,2017,3–5,57.59387096774193,34.13512578169223,-0.7995831373904152,0.7995831373904152,0,1,1,1,0,0,1,1,0,0,0,0,0.28688524590163933,0.5491803278688525,0.7786885245901639,0.8442622950819673,2.0,0.7790764017634022,random drought day,0.6226415094339622,0.0,2.7862397343041545
2017-12-13,0.0,mumbai,"Mumbai, India",tropical monsoon,7,8.4,12,2017,6–9,8.210322580645165,22.833093699906243,0.008307127446142518,0.0,0,0,0,0,0,0,0,0,0,0,0,0,0.00825082508250825,0.019801980198019802,0.036303630363036306,0.066006600660066,6.0,0.0,dry-spell threshold,0.3181818181818182,0.0,3.0
2017-12-15,1.9,london,"London, United Kingdom",temperate maritime,1,52.79999999999999,12,2017,0–2,58.340161290322584,25.556611744344465,-0.21677996072967695,0.21677996072967695,1,1,1,1,0,1,1,1,0,0,0,1,0.42592592592592593,0.6904761904761905,0.8571428571428571,0.9682539682539683,0.0,0.20504131544285042,season-matched placebo,0.6911764705882353,0.0,2.98317718914054
2017-12-15,0.0,nairobi,"Nairobi, Kenya",subtropical highland / bimodal rainfall,6,13.1,12,2017,6–9,57.59387096774193,34.13512578169223,-1.303462927082736,1.303462927082736,1,1,1,1,1,1,1,1,0,0,0,0,0.234375,0.421875,0.546875,0.75,5.0,0.8874691472204712,30-day deficit threshold,0.8695652173913043,0.24124626945725247,9.111758659323405
2017-12-15,0.0,tokyo,"Tokyo, Japan",humid subtropical,6,68.10000000000005,12,2017,6–9,77.44306451612907,50.27902436482055,-0.18582430017608328,0.18582430017608328,0,0,0,1,0,0,0,1,0,0,0,1,0.17708333333333334,0.3854166666666667,0.7083333333333334,0.9375,5.0,0.16593529054168624,random drought day,0.9444444444444444,0.060695029124760436,4.308832271500552
2017-12-16,0.0,cape_town,"Cape Town, South Africa",Mediterranean winter-rainfall,2,26.099999999999994,12,2017,0–2,15.709032258064516,12.469926953350525,0.8332821660309362,0.0,0,0,0,0,0,0,0,0,0,0,0,0,0.0851063829787234,0.23404255319148937,0.44680851063829785,0.6666666666666666,1.0,0.0,season-matched placebo,0.5531914893617021,0.0,3.0
2017-12-16,7.8,darwin,"Darwin, Australia",tropical savanna / monsoon,0,176.8,12,2017,0–2,235.83209677419353,95.03366235738179,-0.6211703864699915,0.6211703864699915,1,1,1,1,1,1,1,1,1,1,1,1,0.8347826086956521,0.9652173913043478,0.9982608695652174,1.0,1.0,0.46122706088458826,high prospective hazard,0.9722222222222222,0.4427039874453512,13.957749657082015
2017-12-16,1.4,nairobi,"Nairobi, Kenya",subtropical highland / bimodal rainfall,7,13.1,12,2017,6–9,57.59387096774193,34.13512578169223,-1.303462927082736,1.303462927082736,1,1,1,1,0,0,0,0,0,0,0,0,0.234375,0.421875,0.546875,0.75,6.0,1.303462927082736,dry-spell threshold,0.5569620253164557,0.0,2.4919388430815053
2017-12-16,0.0,tokyo,"Tokyo, Japan",humid subtropical,7,67.30000000000005,12,2017,6–9,77.44306451612907,50.27902436482055,-0.20173550788360087,0.20173550788360087,0,0,0,1,0,0,0,1,0,0,0,1,0.17708333333333334,0.3854166666666667,0.7083333333333334,0.9375,6.0,0.18582430017608328,dry-spell threshold,0.8857142857142857,0.001964870394601692,3.028471207846532
2017-12-17,0.7,nairobi,"Nairobi, Kenya",subtropical highland / bimodal rainfall,0,14.5,12,2017,0–2,57.59387096774193,34.13512578169223,-1.26244945582871,1.26244945582871,0,1,1,1,0,0,0,0,0,0,0,0,0.38292011019283745,0.6060606060606061,0.8126721763085399,0.9090909090909091,7.0,1.303462927082736,high prospective hazard,0.9032258064516129,0.274906858517561,10.047146101614722
2017-12-18,3.5,tucson,"Tucson, United States",hot semi-arid / monsoonal,0,1.8000000000000071,12,2017,0–2,25.111129032258077,25.327839224007104,-0.9203757504178451,0.9203757504178451,0,0,0,0,0,0,0,0,0,0,0,0,0.16666666666666666,0.3563218390804598,0.6379310344827587,0.7873563218390804,125.0,0.9835473453513535,high prospective hazard,0.52,0.09906823730518721,5.349393656902262
2017-12-21,0.0,cape_town,"Cape Town, South Africa",Mediterranean winter-rainfall,7,13.499999999999993,12,2017,6–9,15.709032258064516,12.469926953350525,-0.17714877291009165,0.17714877291009165,0,0,0,1,0,0,0,1,0,0,0,0,0.1326530612244898,0.23469387755102042,0.40816326530612246,0.6224489795918368,6.0,0.0,dry-spell threshold,0.6542056074766355,0.035445256730420316,3.7575457964970456
2017-12-23,0.0,cape_town,"Cape Town, South Africa",Mediterranean winter-rainfall,9,2.999999999999993,12,2017,6–9,15.709032258064516,12.469926953350525,-1.0191745553609481,1.0191745553609481,0,0,0,1,0,0,0,1,0,0,0,0,0.1326530612244898,0.23469387755102042,0.40816326530612246,0.6224489795918368,8.0,0.8988851578679686,30-day deficit threshold,0.8235294117647058,0.20476906101849068,8.164644947896463
2017-12-23,3.2,darwin,"Darwin, Australia",tropical savanna / monsoon,0,182.00000000000003,12,2017,0–2,235.83209677419353,95.03366235738179,-0.566452932980248,0.566452932980248,1,1,1,1,1,1,1,1,1,1,1,1,0.8347826086956521,0.9652173913043478,0.9982608695652174,1.0,0.0,0.3854644329757128,high prospective hazard,0.972972972972973,0.44345473819610204,13.847855551482132
2017-12-24,0.0,nairobi,"Nairobi, Kenya",subtropical highland / bimodal rainfall,7,10.1,12,2017,6–9,57.59387096774193,34.13512578169223,-1.391348936912792,1.391348936912792,0,0,0,1,0,0,0,1,0,0,0,1,0.234375,0.421875,0.546875,0.75,6.0,1.3649831339637752,dry-spell threshold,0.55,0.0,2.4344677322488346
2017-12-24,10.3,tokyo,"Tokyo, Japan",humid subtropical,15,19.900000000000055,12,2017,10–19,77.44306451612907,50.27902436482055,-1.144474564554021,1.144474564554021,0,1,1,1,0,0,0,0,0,0,0,0,0.208955223880597,0.44776119402985076,0.6865671641791045,0.9104477611940298,14.0,0.6750939371822506,30-day deficit threshold,0.9130434782608695,0.029294062941185528,3.3885384769581064
2017-12-25,3.0,london,"London, United Kingdom",temperate maritime,7,52.19999999999999,12,2017,6–9,58.340161290322584,25.556611744344465,-0.2402572513033297,0.2402572513033297,1,1,1,1,1,1,1,1,1,1,1,1,0.16176470588235295,0.47058823529411764,0.7794117647058824,0.9705882352941176,6.0,0.2363443695410542,dry-spell threshold,0.782051282051282,0.0,2.9793624756827217
2017-12-25,0.0,tokyo,"Tokyo, Japan",humid subtropical,0,29.500000000000057,12,2017,0–2,77.44306451612907,50.27902436482055,-0.9535400720638093,0.9535400720638093,1,1,1,1,0,0,0,1,0,0,0,1,0.24161073825503357,0.4966442953020134,0.7315436241610739,0.9261744966442953,15.0,1.144474564554021,random drought day,0.9272727272727272,0.043523311953043264,3.8638942152014937
2017-12-26,0.0,tucson,"Tucson, United States",hot semi-arid / monsoonal,7,5.300000000000007,12,2017,6–9,25.111129032258077,25.327839224007104,-0.7821878865007957,0.7821878865007957,0,0,0,0,0,0,0,0,0,0,0,0,0.189873417721519,0.3291139240506329,0.45569620253164556,0.569620253164557,6.0,0.7821878865007957,dry-spell threshold,0.4175824175824176,0.0,2.7948102135354222
2017-12-27,15.3,london,"London, United Kingdom",temperate maritime,0,72.6,12,2017,0–2,58.340161290322584,25.556611744344465,0.5579706282008621,0.0,0,1,1,1,0,1,1,1,0,1,1,1,0.42592592592592593,0.6904761904761905,0.8571428571428571,0.9682539682539683,0.0,0.12287079843506624,season-matched placebo,0.6956521739130435,0.0,3.0
2017-12-28,0.0,london,"London, United Kingdom",temperate maritime,0,84.3,12,2017,0–2,58.340161290322584,25.556611744344465,1.0157777943870896,0.0,1,1,1,1,1,1,1,1,1,1,1,1,0.42592592592592593,0.6904761904761905,0.8571428571428571,0.9682539682539683,0.0,0.0,season-matched placebo,0.7,0.0,3.0
2017-12-28,0.0,nairobi,"Nairobi, Kenya",subtropical highland / bimodal rainfall,11,5.9,12,2017,10–19,57.59387096774193,34.13512578169223,-1.5143893506748705,1.5143893506748705,0,0,1,1,0,0,1,1,0,0,1,1,0.06,0.12,0.4,0.94,10.0,1.4880235477258537,random drought day,0.6296296296296297,0.0013106816955777978,2.38868450775194
2017-12-29,3.6,darwin,"Darwin, Australia",tropical savanna / monsoon,0,181.70000000000002,12,2017,0–2,235.83209677419353,95.03366235738179,-0.5696097091431179,0.5696097091431179,1,1,1,1,1,1,1,1,0,0,1,1,0.8347826086956521,0.9652173913043478,0.9982608695652174,1.0,1.0,0.5843413312365107,random drought day,0.17857142857142858,0.0,2.8875734079008857
2017-12-30,0.0,cape_town,"Cape Town, South Africa",Mediterranean winter-rainfall,16,2.999999999999993,12,2017,10–19,15.709032258064516,12.469926953350525,-1.0191745553609481,1.0191745553609481,1,1,1,1,1,1,1,1,0,0,0,1,0.08280254777070063,0.19745222929936307,0.4140127388535032,0.7707006369426752,15.0,1.0191745553609481,random drought day,0.5362318840579711,0.0,2.667506011267575
2017-12-31,0.6,tokyo,"Tokyo, Japan",humid subtropical,6,18.800000000000054,12,2017,6–9,77.44306451612907,50.27902436482055,-1.166352475151858,1.166352475151858,0,0,0,1,0,0,0,1,0,0,0,1,0.17708333333333334,0.3854166666666667,0.7083333333333334,0.9375,5.0,0.9813846855519653,30-day deficit threshold,0.8936170212765957,0.009867605956911718,2.8475876770749564
2018-01-01,1.6,brasilia,"Brasília, Brazil",tropical savanna,1,383.4,1,2018,0–2,238.4326050420168,65.85281015382101,2.2013850983635153,0.0,1,1,1,1,1,1,1,1,0,1,1,1,0.8050089445438283,0.9159212880143113,0.9838998211091234,0.9964221824686941,0.0,0.0,season-matched placebo,0.7352941176470589,0.1228998138785331,5.457996277570662
2018-01-01,3.9,darwin,"Darwin, Australia",tropical savanna / monsoon,0,188.3,1,2018,0–2,372.3450420168067,155.95621003757034,-1.180107172215006,1.180107172215006,1,1,1,1,1,1,1,1,0,1,1,1,0.9016393442622951,0.9852459016393442,1.0,1.0,0.0,0.5075264446066787,30-day deficit threshold,0.7894736842105263,0.25995544943365534,9.653572722415614
2018-01-01,0.0,tokyo,"Tokyo, Japan",humid subtropical,7,18.500000000000057,1,2018,6–9,56.298487394958,37.50707562065987,-1.0077695146709214,1.0077695146709214,0,0,1,1,0,0,1,1,0,0,1,1,0.21568627450980393,0.46078431372549017,0.7941176470588235,0.9803921568627451,6.0,1.166352475151858,dry-spell threshold,0.8732394366197183,0.0,2.674102031458183
2018-01-02,0.0,cape_town,"Cape Town, South Africa",Mediterranean winter-rainfall,0,6.199999999999993,1,2018,0–2,13.84655462184874,12.698939511184065,-0.6021411957364126,0.6021411957364126,0,0,1,1,0,0,1,1,0,0,1,1,0.1,0.23846153846153847,0.4461538461538462,0.5846153846153846,0.0,0.7045119487315803,random drought day,0.5428571428571428,0.0,2.874915633911238
2018-01-06,0.1,nairobi,"Nairobi, Kenya",subtropical highland / bimodal rainfall,0,49.5,1,2018,0–2,38.80621848739496,39.3988033067764,0.2714240183728059,0.0,0,0,1,1,0,0,1,1,0,0,0,0,0.3453815261044177,0.5220883534136547,0.678714859437751,0.8112449799196787,0.0,0.0,season-matched placebo,0.5352112676056338,0.0,3.0
2018-01-07,0.0,mumbai,"Mumbai, India",tropical monsoon,32,0.0,1,2018,20+,3.0305882352941196,11.295993397002059,-0.2682887753899036,0.2682887753899036,0,0,0,0,0,0,0,0,0,0,0,0,0.013725490196078431,0.03333333333333333,0.07058823529411765,0.12352941176470589,31.0,0.2682887753899036,random drought day,0.38095238095238093,0.0524246906869939,4.153269657074448
2018-01-10,1.6,london,"London, United Kingdom",temperate maritime,5,87.89999999999999,1,2018,3–5,54.43781512605042,29.21881165985792,1.145227439893505,0.0,0,0,1,1,0,0,1,1,0,0,1,1,0.3050847457627119,0.4915254237288136,0.7203389830508474,0.9322033898305084,4.0,0.0,random drought day,0.7454545454545455,0.0,3.0
2018-01-13,2.6,brasilia,"Brasília, Brazil",tropical savanna,1,166.1,1,2018,0–2,238.4326050420168,65.85281015382101,-1.0983981529878541,1.0983981529878541,1,1,1,1,1,1,1,1,1,1,1,1,0.8050089445438283,0.9159212880143113,0.9838998211091234,0.9964221824686941,0.0,0.17057138512053355,30-day deficit threshold,0.6129032258064516,0.0005089220379258519,2.634370994351898
2018-01-13,2.6,brasilia,"Brasília, Brazil",tropical savanna,1,166.1,1,2018,0–2,238.4326050420168,65.85281015382101,-1.0983981529878541,1.0983981529878541,1,1,1,1,1,1,1,1,1,1,1,1,0.8050089445438283,0.9159212880143113,0.9838998211091234,0.9964221824686941,0.0,0.17057138512053355,high prospective hazard,0.8837209302325582,0.2713266264640324,9.964189527735414
2018-01-14,8.8,brasilia,"Brasília, Brazil",tropical savanna,0,146.7,1,2018,0–2,238.4326050420168,65.85281015382101,-1.3929945408213407,1.3929945408213407,1,1,1,1,1,1,1,1,1,1,1,1,0.8050089445438283,0.9159212880143113,0.9838998211091234,0.9964221824686941,1.0,1.0983981529878541,random drought day,0.41025641025641024,0.0,2.4333820007829887
2018-01-15,1.0,cape_town,"Cape Town, South Africa",Mediterranean winter-rainfall,7,8.799999999999994,1,2018,6–9,13.84655462184874,12.698939511184065,-0.3973996897460771,0.3973996897460771,0,0,1,1,0,0,0,1,0,0,0,0,0.1271186440677966,0.2796610169491525,0.3389830508474576,0.5677966101694916,6.0,0.3973996897460771,dry-spell threshold,0.6481481481481481,0.02938779740193298,3.6356432286447213
2018-01-16,1.3,tokyo,"Tokyo, Japan",humid subtropical,7,24.50000000000006,1,2018,6–9,56.298487394958,37.50707562065987,-0.8477996982905943,0.8477996982905943,1,1,1,1,1,1,1,1,1,1,1,1,0.21568627450980393,0.46078431372549017,0.7941176470588235,0.9803921568627451,6.0,0.8477996982905943,dry-spell threshold,0.875,0.0,2.7617907952567515
2018-01-16,0.0,tucson,"Tucson, United States",hot semi-arid / monsoonal,5,14.000000000000007,1,2018,3–5,30.94554621848741,34.211305053009895,-0.4953200759874708,0.4953200759874708,0,0,1,1,0,0,1,1,0,0,0,0,0.18811881188118812,0.43564356435643564,0.6534653465346535,0.8118811881188119,4.0,0.4953200759874708,random drought day,0.29411764705882354,0.0,2.914202845270981
2018-01-18,0.1,nairobi,"Nairobi, Kenya",subtropical highland / bimodal rainfall,7,47.6,1,2018,6–9,38.80621848739496,39.3988033067764,0.2231992033903364,0.0,0,0,1,1,0,0,0,0,0,0,0,0,0.14130434782608695,0.2608695652173913,0.40217391304347827,0.5543478260869565,6.0,0.0,dry-spell threshold,0.5432098765432098,0.0,3.0
2018-01-18,0.0,tucson,"Tucson, United States",hot semi-arid / monsoonal,7,8.900000000000007,1,2018,6–9,30.94554621848741,34.211305053009895,-0.6443936056905215,0.6443936056905215,0,1,1,1,0,1,1,1,0,0,0,0,0.225,0.3625,0.55,0.8,6.0,0.54208824216882,dry-spell threshold,0.41304347826086957,0.0,2.8576077646524496
2018-01-20,0.0,cape_town,"Cape Town, South Africa",Mediterranean winter-rainfall,4,9.799999999999994,1,2018,3–5,13.84655462184874,12.698939511184065,-0.31865295667287113,0.31865295667287113,0,1,1,1,0,1,1,1,0,0,0,0,0.030303030303030304,0.18181818181818182,0.47474747474747475,0.5454545454545454,3.0,0.31865295667287113,random drought day,0.5492957746478874,0.0,2.963885749205728
2018-01-21,0.5,tucson,"Tucson, United States",hot semi-arid / monsoonal,0,10.800000000000008,1,2018,0–2,30.94554621848741,34.211305053009895,-0.5888564083501693,0.5888564083501693,0,0,0,0,0,0,0,0,0,0,0,0,0.18848167539267016,0.36649214659685864,0.6649214659685864,0.8272251308900523,9.0,0.6443936056905215,high prospective hazard,0.5,0.0790682373051872,4.8453471465803135
2018-01-22,0.0,brasilia,"Brasília, Brazil",tropical savanna,6,113.10000000000001,1,2018,6–9,238.4326050420168,65.85281015382101,-1.9032233362442856,1.9032233362442856,0,1,1,1,0,1,1,1,0,1,1,1,0.7709677419354839,0.9032258064516129,0.9774193548387097,0.9967741935483871,5.0,1.898667721999438,high prospective hazard,0.8863636363636364,0.2739693325951106,9.544790466222613
2018-01-23,0.0,brasilia,"Brasília, Brazil",tropical savanna,7,109.2,1,2018,6–9,238.4326050420168,65.85281015382101,-1.9624463214273065,1.9624463214273065,0,1,1,1,0,1,1,1,0,1,1,1,0.7709677419354839,0.9032258064516129,0.9774193548387097,0.9967741935483871,6.0,1.9032233362442856,dry-spell threshold,0.45454545454545453,0.0,2.05178224038512
2018-01-23,1.7,cape_town,"Cape Town, South Africa",Mediterranean winter-rainfall,7,10.499999999999993,1,2018,6–9,13.84655462184874,12.698939511184065,-0.263530243521627,0.263530243521627,0,0,1,1,0,0,0,0,0,0,0,0,0.1271186440677966,0.2796610169491525,0.3389830508474576,0.5677966101694916,6.0,0.31865295667287113,dry-spell threshold,0.6422018348623854,0.023441484116170197,3.5014249676438793
2018-01-23,0.0,tokyo,"Tokyo, Japan",humid subtropical,0,56.50000000000006,1,2018,0–2,56.298487394958,37.50707562065987,0.0053726557378164785,0.0,0,0,1,1,0,0,1,1,0,0,0,1,0.23102310231023102,0.504950495049505,0.7491749174917491,0.9372937293729373,4.0,0.5145292474982464,season-matched placebo,0.8461538461538461,0.0,3.0
2018-01-24,0.0,cape_town,"Cape Town, South Africa",Mediterranean winter-rainfall,0,12.199999999999992,1,2018,0–2,13.84655462184874,12.698939511184065,-0.12966079729717697,0.12966079729717697,0,0,1,1,0,0,0,0,0,0,0,0,0.1,0.23846153846153847,0.4461538461538462,0.5846153846153846,7.0,0.263530243521627,season-matched placebo,0.5473684210526316,0.0,2.993959893448218
2018-01-25,0.0,cape_town,"Cape Town, South Africa",Mediterranean winter-rainfall,1,12.199999999999992,1,2018,0–2,13.84655462184874,12.698939511184065,-0.12966079729717697,0.12966079729717697,0,0,1,1,0,0,0,0,0,0,0,0,0.1,0.23846153846153847,0.4461538461538462,0.5846153846153846,0.0,0.12966079729717697,season-matched placebo,0.5416666666666666,0.0,2.993959893448218
2018-01-28,0.0,tucson,"Tucson, United States",hot semi-arid / monsoonal,7,11.300000000000008,1,2018,6–9,30.94554621848741,34.211305053009895,-0.5742413564184976,0.5742413564184976,0,0,0,0,0,0,0,0,0,0,0,0,0.225,0.3625,0.55,0.8,6.0,0.5742413564184976,dry-spell threshold,0.41935483870967744,0.0,2.8858075110029144
2018-01-31,0.0,cape_town,"Cape Town, South Africa",Mediterranean winter-rainfall,7,10.699999999999992,1,2018,6–9,13.84655462184874,12.698939511184065,-0.24778089690698588,0.24778089690698588,0,1,1,1,0,0,0,1,0,0,0,1,0.1271186440677966,0.2796610169491525,0.3389830508474576,0.5677966101694916,6.0,0.12966079729717697,dry-spell threshold,0.6363636363636364,0.017603285617421194,3.370848749432374
2018-02-01,0.0,tucson,"Tucson, United States",hot semi-arid / monsoonal,11,11.300000000000008,2,2018,10–19,30.121769911504437,27.801130207843915,-0.6770145591488933,0.6770145591488933,0,0,0,1,0,0,0,1,0,0,0,1,0.1509433962264151,0.3490566037735849,0.6037735849056604,0.8207547169811321,10.0,0.5742413564184976,high prospective hazard,0.48148148148148145,0.06054971878666865,4.380015832894177
2018-02-05,5.3,brasilia,"Brasília, Brazil",tropical savanna,0,237.0,2,2018,0–2,233.41380530973456,101.62431886591932,0.035288745157514734,0.0,1,1,1,1,1,1,1,1,0,1,1,1,0.7727272727272727,0.8992094861660079,0.9960474308300395,1.0,0.0,0.704691614260363,season-matched placebo,0.7428571428571429,0.1304628390886171,5.609256781772342
2018-02-06,0.0,london,"London, United Kingdom",temperate maritime,2,47.79999999999999,2,2018,0–2,45.498407079646014,27.221080971026016,0.08455185607080702,0.0,0,1,1,1,0,1,1,1,0,1,1,1,0.39143730886850153,0.6972477064220184,0.8746177370030581,0.944954128440367,1.0,0.0,season-matched placebo,0.704225352112676,0.0,3.0
2018-02-09,0.0,tokyo,"Tokyo, Japan",humid subtropical,7,45.400000000000055,2,2018,6–9,65.73982300884958,35.926938123744165,-0.5661440710252709,0.5661440710252709,1,1,1,1,1,1,1,1,1,1,1,1,0.3132530120481928,0.5662650602409639,0.9156626506024096,1.0,6.0,0.5633606442925064,dry-spell threshold,0.8767123287671232,0.0,2.8888867895701624
2018-02-12,0.4,cape_town,"Cape Town, South Africa",Mediterranean winter-rainfall,2,12.899999999999991,2,2018,0–2,11.802123893805309,12.848555776895664,0.08544743278998632,0.0,1,1,1,1,1,1,1,1,0,0,0,0,0.06140350877192982,0.15789473684210525,0.42105263157894735,0.6578947368421053,1.0,0.0,season-matched placebo,0.5360824742268041,0.0,3.0
2018-02-14,6.2,london,"London, United Kingdom",temperate maritime,0,59.59999999999999,2,2018,0–2,45.498407079646014,27.221080971026016,0.5180394171474542,0.0,1,1,1,1,0,0,1,1,0,0,0,0,0.39143730886850153,0.6972477064220184,0.8746177370030581,0.944954128440367,2.0,0.0,season-matched placebo,0.7083333333333334,0.0,3.0
2018-02-16,0.4,brasilia,"Brasília, Brazil",tropical savanna,5,236.9,2,2018,3–5,233.41380530973456,101.62431886591932,0.03430472872211868,0.0,1,1,1,1,0,1,1,1,0,1,1,1,0.5208333333333334,0.8541666666666666,1.0,1.0,4.0,0.0,random drought day,0.425,0.0,3.0
2018-02-16,0.0,cape_town,"Cape Town, South Africa",Mediterranean winter-rainfall,2,15.299999999999992,2,2018,0–2,11.802123893805309,12.848555776895664,0.2722388544621164,0.0,0,1,1,1,0,0,1,1,0,0,0,0,0.06140350877192982,0.15789473684210525,0.42105263157894735,0.6578947368421053,1.0,0.0,season-matched placebo,0.5408163265306123,0.0,3.0
2018-02-18,3.1,brasilia,"Brasília, Brazil",tropical savanna,7,237.70000000000002,2,2018,6–9,233.41380530973456,101.62431886591932,0.0421768602052877,0.0,1,1,1,1,1,1,1,1,1,1,1,1,0.7539823008849558,0.8973451327433628,0.9964601769911504,1.0,6.0,0.0,dry-spell threshold,0.4666666666666667,0.0,3.0
2018-02-18,0.0,tucson,"Tucson, United States",hot semi-arid / monsoonal,0,41.00000000000001,2,2018,0–2,30.121769911504437,27.801130207843915,0.3912873328231219,0.0,1,1,1,1,1,1,1,1,0,1,1,1,0.22099447513812154,0.43646408839779005,0.6077348066298343,0.856353591160221,0.0,0.0,season-matched placebo,0.3409090909090909,0.0,3.0
2018-02-19,0.0,tokyo,"Tokyo, Japan",humid subtropical,1,41.20000000000006,2,2018,0–2,65.73982300884958,35.926938123744165,-0.6830479938013733,0.6830479938013733,0,1,1,1,0,1,1,1,0,0,0,1,0.2696245733788396,0.5358361774744027,0.8805460750853242,1.0,0.0,0.680264567068609,random drought day,0.9107142857142857,0.026964870394601714,3.5260680386976477
2018-02-20,0.0,tokyo,"Tokyo, Japan",humid subtropical,2,41.20000000000006,2,2018,0–2,65.73982300884958,35.926938123744165,-0.6830479938013733,0.6830479938013733,1,1,1,1,1,1,1,1,0,0,0,1,0.2696245733788396,0.5358361774744027,0.8805460750853242,1.0,1.0,0.6830479938013733,random drought day,0.9122807017543859,0.02853128643470193,3.565867498493003
2018-02-21,0.0,cape_town,"Cape Town, South Africa",Mediterranean winter-rainfall,7,15.799999999999992,2,2018,6–9,11.802123893805309,12.848555776895664,0.31115373397714347,0.0,0,1,1,1,0,1,1,1,0,0,0,0,0.06329113924050633,0.17721518987341772,0.35443037974683544,0.5063291139240507,6.0,0.0,dry-spell threshold,0.6306306306306306,0.011870279884415469,3.2374055976883094
2018-02-22,3.2,tokyo,"Tokyo, Japan",humid subtropical,0,26.500000000000057,2,2018,0–2,65.73982300884958,35.926938123744165,-1.092211723517732,1.092211723517732,0,1,1,1,0,1,1,1,0,0,1,1,0.2696245733788396,0.5358361774744027,0.8805460750853242,1.0,3.0,0.6830479938013733,30-day deficit threshold,0.875,0.0,2.6243248212053203
2018-02-24,5.5,brasilia,"Brasília, Brazil",tropical savanna,0,294.3,2,2018,0–2,233.41380530973456,101.62431886591932,0.5991301626394883,0.0,1,1,1,1,1,1,1,1,0,1,1,1,0.7727272727272727,0.8992094861660079,0.9960474308300395,1.0,0.0,0.0,season-matched placebo,0.75,0.13760569623147423,5.752113924629485
2018-02-25,4.7,brasilia,"Brasília, Brazil",tropical savanna,0,294.8,2,2018,0–2,233.41380530973456,101.62431886591932,0.6040502448164689,0.0,1,1,1,1,1,1,1,1,1,1,1,1,0.7727272727272727,0.8992094861660079,0.9960474308300395,1.0,0.0,0.0,season-matched placebo,0.7567567567567568,0.14436245298823103,5.8872490597646205
2018-02-27,0.0,nairobi,"Nairobi, Kenya",subtropical highland / bimodal rainfall,7,6.1000000000000005,2,2018,6–9,32.5141592920354,40.980944947675,-0.6445473457423039,0.6445473457423039,1,1,1,1,0,1,1,1,0,1,1,1,0.11827956989247312,0.27956989247311825,0.5268817204301075,0.7849462365591398,6.0,0.6445473457423039,dry-spell threshold,0.5365853658536586,0.0,2.8575430391494807
2018-02-28,0.1,london,"London, United Kingdom",temperate maritime,7,32.29999999999999,2,2018,6–9,45.498407079646014,27.221080971026016,-0.4848597707671618,0.4848597707671618,1,1,1,1,1,1,1,1,1,1,1,1,0.0847457627118644,0.2542372881355932,0.6779661016949152,0.9830508474576272,6.0,0.49955426436298017,dry-spell threshold,0.7848101265822784,0.0,2.917689982506694
2018-02-28,0.1,london,"London, United Kingdom",temperate maritime,7,32.29999999999999,2,2018,6–9,45.498407079646014,27.221080971026016,-0.4848597707671618,0.4848597707671618,1,1,1,1,1,1,1,1,1,1,1,1,0.0847457627118644,0.2542372881355932,0.6779661016949152,0.9830508474576272,6.0,0.49955426436298017,random drought day,0.75,0.0,2.917689982506694
2018-02-28,4.9,tucson,"Tucson, United States",hot semi-arid / monsoonal,7,46.00000000000001,2,2018,6–9,30.121769911504437,27.801130207843915,0.571136136185414,0.0,0,0,0,1,0,0,0,0,0,0,0,0,0.17582417582417584,0.3626373626373626,0.6153846153846154,0.8351648351648352,6.0,0.0,dry-spell threshold,0.4148936170212766,0.0,3.0
2018-03-01,0.4,tokyo,"Tokyo, Japan",humid subtropical,0,65.30000000000005,3,2018,0–2,86.56790322580649,40.11320514013068,-0.5301970548478876,0.5301970548478876,0,0,1,1,0,0,1,1,0,0,1,1,0.3674832962138085,0.7060133630289532,0.9732739420935412,1.0,2.0,0.9419066799484574,high prospective hazard,0.9230769230769231,0.039327507757239144,3.864695402342458
2018-03-01,0.0,tucson,"Tucson, United States",hot semi-arid / monsoonal,0,50.900000000000006,3,2018,0–2,26.86919354838711,20.47341795216967,1.1737564537467098,0.0,0,0,0,1,0,0,0,0,0,0,0,0,0.15789473684210525,0.2807017543859649,0.49707602339181284,0.6140350877192983,7.0,0.0,season-matched placebo,0.34831460674157305,0.0,3.0
2018-03-03,0.0,cape_town,"Cape Town, South Africa",Mediterranean winter-rainfall,7,15.399999999999991,3,2018,6–9,11.060483870967742,9.490236616741582,0.4572611099471403,0.0,0,0,1,1,0,0,1,1,0,0,0,0,0.06382978723404255,0.14893617021276595,0.3404255319148936,0.6595744680851063,6.0,0.0,dry-spell threshold,0.6339285714285714,0.015168220682356237,3.3033644136471247
2018-03-07,10.5,brasilia,"Brasília, Brazil",tropical savanna,0,131.6,3,2018,0–2,215.29435483870967,72.0131469131794,-1.162209380179058,1.162209380179058,1,1,1,1,1,1,1,1,1,1,1,1,0.7554744525547445,0.8886861313868614,0.968978102189781,0.9927007299270073,2.0,0.04574657517302277,30-day deficit threshold,0.625,0.012605696231474228,2.92458011158189
2018-03-07,10.5,brasilia,"Brasília, Brazil",tropical savanna,0,131.6,3,2018,0–2,215.29435483870967,72.0131469131794,-1.162209380179058,1.162209380179058,1,1,1,1,1,1,1,1,1,1,1,1,0.7554744525547445,0.8886861313868614,0.968978102189781,0.9927007299270073,2.0,0.04574657517302277,high prospective hazard,0.8888888888888888,0.27649458512036307,10.105380116073844
2018-03-08,0.0,tucson,"Tucson, United States",hot semi-arid / monsoonal,7,50.900000000000006,3,2018,6–9,26.86919354838711,20.47341795216967,1.1737564537467098,0.0,0,1,1,1,0,0,0,1,0,0,0,0,0.12149532710280374,0.2336448598130841,0.411214953271028,0.5514018691588785,6.0,0.0,dry-spell threshold,0.4105263157894737,0.0,3.0
2018-03-11,0.5,tucson,"Tucson, United States",hot semi-arid / monsoonal,10,50.900000000000006,3,2018,10–19,26.86919354838711,20.47341795216967,1.1737564537467098,0.0,0,0,1,1,0,0,1,1,0,0,0,0,0.09554140127388536,0.1910828025477707,0.3248407643312102,0.5732484076433121,9.0,0.0,random drought day,0.3076923076923077,0.0,3.0
2018-03-12,5.7,london,"London, United Kingdom",temperate maritime,0,49.69999999999999,3,2018,0–2,43.66516129032258,22.75797034071517,0.26517473304202244,0.0,1,1,1,1,0,1,1,1,0,1,1,1,0.4197860962566845,0.6764705882352942,0.8181818181818182,0.9278074866310161,0.0,0.0,season-matched placebo,0.7123287671232876,0.0,3.0
2018-03-14,4.2,darwin,"Darwin, Australia",tropical savanna / monsoon,0,320.00000000000006,3,2018,0–2,394.08193548387095,143.27892247180256,-0.5170469892279536,0.5170469892279536,0,1,1,1,0,1,1,1,0,1,1,1,0.7495652173913043,0.8921739130434783,0.9617391304347827,0.9982608695652174,0.0,0.4046787516515689,high prospective hazard,0.9736842105263158,0.44416597574944483,13.73910869639314
2018-03-16,0.0,cape_town,"Cape Town, South Africa",Mediterranean winter-rainfall,1,5.799999999999994,3,2018,0–2,11.060483870967742,9.490236616741582,-0.5543048169829411,0.5543048169829411,0,0,0,1,0,0,0,1,0,0,0,1,0.06722689075630252,0.11764705882352941,0.29411764705882354,0.5630252100840336,0.0,0.23819046481729056,random drought day,0.5555555555555556,0.0,2.89332189202499
2018-03-21,0.0,tucson,"Tucson, United States",hot semi-arid / monsoonal,2,14.300000000000008,3,2018,0–2,26.86919354838711,20.47341795216967,-0.6139274632966247,0.6139274632966247,0,0,0,0,0,0,0,0,0,0,0,0,0.15789473684210525,0.2807017543859649,0.49707602339181284,0.6140350877192983,1.0,0.6139274632966247,random drought day,0.32075471698113206,0.0,2.8701848908456946
2018-03-22,0.0,cape_town,"Cape Town, South Africa",Mediterranean winter-rainfall,7,5.299999999999994,3,2018,6–9,11.060483870967742,9.490236616741582,-0.6069905423438828,0.6069905423438828,0,1,1,1,0,1,1,1,0,0,1,1,0.06382978723404255,0.14893617021276595,0.3404255319148936,0.6595744680851063,6.0,0.6069905423438828,dry-spell threshold,0.6371681415929203,0.018407790846705185,3.3325490348294236
2018-03-24,0.1,tokyo,"Tokyo, Japan",humid subtropical,0,164.60000000000005,3,2018,0–2,86.56790322580649,40.11320514013068,1.9452969789274572,0.0,0,0,0,1,0,0,0,1,0,0,0,0,0.3674832962138085,0.7060133630289532,0.9732739420935412,1.0,1.0,0.0,season-matched placebo,0.8484848484848485,0.0,3.0
2018-03-25,0.4,darwin,"Darwin, Australia",tropical savanna / monsoon,0,313.2,3,2018,0–2,394.08193548387095,143.27892247180256,-0.5645068659682907,0.5645068659682907,1,1,1,1,1,1,1,1,1,1,1,1,0.7495652173913043,0.8921739130434783,0.9617391304347827,0.9982608695652174,3.0,0.5400789882342939,high prospective hazard,0.9743589743589743,0.44484073958210335,13.877301092200085
2018-03-26,0.0,tucson,"Tucson, United States",hot semi-arid / monsoonal,7,6.9000000000000075,3,2018,6–9,26.86919354838711,20.47341795216967,-0.9753717525348946,0.9753717525348946,0,0,0,0,0,0,0,0,0,0,0,0,0.12149532710280374,0.2336448598130841,0.411214953271028,0.5514018691588785,6.0,0.9753717525348946,dry-spell threshold,0.40625,0.0,2.6926066245492466
2018-03-27,0.0,brasilia,"Brasília, Brazil",tropical savanna,0,177.7,3,2018,0–2,215.29435483870967,72.0131469131794,-0.52204849322908,0.52204849322908,0,0,1,1,0,0,1,1,0,0,1,1,0.7554744525547445,0.8886861313868614,0.968978102189781,0.9927007299270073,1.0,0.45955990339665265,high prospective hazard,0.8913043478260869,0.27891004405756115,9.71647737645124
2018-03-30,0.5,cape_town,"Cape Town, South Africa",Mediterranean winter-rainfall,0,15.299999999999994,3,2018,0–2,11.060483870967742,9.490236616741582,0.4467239648749522,0.0,0,0,1,1,0,0,1,1,0,0,0,0,0.06722689075630252,0.11764705882352941,0.29411764705882354,0.5630252100840336,0.0,0.5016190916219994,season-matched placebo,0.5454545454545454,0.0,3.0
2018-03-31,0.0,tokyo,"Tokyo, Japan",humid subtropical,7,124.30000000000005,3,2018,6–9,86.56790322580649,40.11320514013068,0.9406402864687825,0.0,0,0,1,1,0,0,1,1,0,0,0,1,0.5757575757575758,0.8484848484848485,0.9696969696969697,1.0,6.0,0.0,dry-spell threshold,0.8783783783783784,0.0,3.0
2018-03-31,0.0,tucson,"Tucson, United States",hot semi-arid / monsoonal,12,2.000000000000007,3,2018,10–19,26.86919354838711,20.47341795216967,-1.2147064845980733,1.2147064845980733,0,0,0,0,0,0,0,0,0,0,0,0,0.09554140127388536,0.1910828025477707,0.3248407643312102,0.5732484076433121,11.0,0.9753717525348946,30-day deficit threshold,0.47619047619047616,0.05525871349566336,4.0579067156839965
2018-04-04,5.0,brasilia,"Brasília, Brazil",tropical savanna,1,165.7,4,2018,0–2,161.05316666666667,70.38656954224601,0.06601874993416593,0.0,1,1,1,1,1,1,1,1,1,1,1,1,0.5721649484536082,0.7139175257731959,0.8195876288659794,0.865979381443299,0.0,0.0,season-matched placebo,0.7631578947368421,0.15076359096831637,6.015271819366328
2018-04-06,4.8,cape_town,"Cape Town, South Africa",Mediterranean winter-rainfall,7,15.799999999999994,4,2018,6–9,24.096833333333333,28.520224613284682,-0.2909105186173283,0.2909105186173283,0,0,1,1,0,0,0,1,0,0,0,1,0.08928571428571429,0.3125,0.7857142857142857,0.9464285714285714,6.0,0.2909105186173283,dry-spell threshold,0.6403508771929824,0.02159052644676729,3.4594869202897813
2018-04-07,8.2,darwin,"Darwin, Australia",tropical savanna / monsoon,0,228.9,4,2018,0–2,181.1625,124.65235065823825,0.38296510052091065,0.0,1,1,1,1,0,1,1,1,0,1,1,1,0.4807692307692308,0.6121794871794872,0.7275641025641025,0.8012820512820513,0.0,0.0,season-matched placebo,0.5641025641025641,0.03458432932569311,3.691686586513862
2018-04-09,6.1,london,"London, United Kingdom",temperate maritime,0,94.6,4,2018,0–2,46.335166666666666,27.704570357072942,1.7421253140282458,0.0,1,1,1,1,1,1,1,1,0,0,0,0,0.4583333333333333,0.6861111111111111,0.8694444444444445,0.9583333333333334,0.0,0.0,season-matched placebo,0.7162162162162162,0.0,3.0
2018-04-09,0.0,tokyo,"Tokyo, Japan",humid subtropical,1,70.00000000000006,4,2018,0–2,116.1426666666667,43.41530714367366,-1.0628202286803448,1.0628202286803448,0,1,1,1,0,0,1,1,0,0,1,1,0.33031674208144796,0.7036199095022625,0.9524886877828054,1.0,0.0,0.8048466995990926,30-day deficit threshold,0.8775510204081632,0.0,2.6418906157989177
2018-04-11,0.0,cape_town,"Cape Town, South Africa",Mediterranean winter-rainfall,4,19.199999999999996,4,2018,3–5,24.096833333333333,28.520224613284682,-0.17169687124597183,0.17169687124597183,1,1,1,1,0,0,1,1,0,0,1,1,0.11570247933884298,0.256198347107438,0.5785123966942148,0.9421487603305785,3.0,0.17169687124597183,random drought day,0.547945205479452,0.0,2.989424677412732
2018-04-11,0.0,tokyo,"Tokyo, Japan",humid subtropical,3,70.00000000000006,4,2018,3–5,116.1426666666667,43.41530714367366,-1.0628202286803448,1.0628202286803448,1,1,1,1,0,1,1,1,0,1,1,1,0.4566929133858268,0.7480314960629921,0.9763779527559056,1.0,2.0,1.0628202286803448,high prospective hazard,0.9259259259259259,0.042176510606241946,3.779480523867691
2018-04-12,0.0,tucson,"Tucson, United States",hot semi-arid / monsoonal,24,1.500000000000007,4,2018,20+,13.29966666666668,12.691907161700495,-0.9297000455750042,0.9297000455750042,0,0,0,0,0,0,0,0,0,0,0,0,0.05217391304347826,0.12608695652173912,0.2565217391304348,0.39565217391304347,23.0,0.9297000455750042,random drought day,0.3148148148148148,0.0,2.7180780598369845
2018-04-14,0.0,cape_town,"Cape Town, South Africa",Mediterranean winter-rainfall,7,18.099999999999994,4,2018,6–9,24.096833333333333,28.520224613284682,-0.2102659924543519,0.2102659924543519,0,0,1,1,0,0,1,1,0,0,1,1,0.08928571428571429,0.3125,0.7857142857142857,0.9464285714285714,6.0,0.1611780200073227,dry-spell threshold,0.6347826086956522,0.016022257949437013,3.3364333567374453
2018-04-17,0.0,london,"London, United Kingdom",temperate maritime,5,83.6,4,2018,3–5,46.335166666666666,27.704570357072942,1.3450789112786101,0.0,0,0,1,1,0,0,1,1,0,0,0,1,0.35714285714285715,0.6122448979591837,0.8367346938775511,0.8775510204081632,4.0,0.0,random drought day,0.7543859649122807,0.0,3.0
2018-04-18,8.2,cape_town,"Cape Town, South Africa",Mediterranean winter-rainfall,11,18.099999999999994,4,2018,10–19,24.096833333333333,28.520224613284682,-0.2102659924543519,0.2102659924543519,0,0,1,1,0,0,1,1,0,0,1,1,0.25510204081632654,0.5816326530612245,0.8367346938775511,0.9897959183673469,10.0,0.2102659924543519,random drought day,0.5540540540540541,0.0,2.9841677531026014
2018-04-18,0.0,tucson,"Tucson, United States",hot semi-arid / monsoonal,30,0.0,4,2018,20+,13.29966666666668,12.691907161700495,-1.0478855933330633,1.0478855933330633,0,0,0,1,0,0,0,1,0,0,0,0,0.05217391304347826,0.12608695652173912,0.2565217391304348,0.39565217391304347,29.0,0.9297000455750042,30-day deficit threshold,0.45454545454545453,0.033613691850641725,3.5559477885318462
2018-04-19,0.0,london,"London, United Kingdom",temperate maritime,7,79.2,4,2018,6–9,46.335166666666666,27.704570357072942,1.186260350178756,0.0,0,1,1,1,0,1,1,1,0,0,0,1,0.32,0.46,0.6,0.88,6.0,0.0,dry-spell threshold,0.7875,0.0,3.0
2018-04-21,0.0,tokyo,"Tokyo, Japan",humid subtropical,2,40.300000000000054,4,2018,0–2,116.1426666666667,43.41530714367366,-1.7469107477618802,1.7469107477618802,0,1,1,1,0,1,1,1,0,1,1,1,0.33031674208144796,0.7036199095022625,0.9524886877828054,1.0,1.0,0.7541733278152748,30-day deficit threshold,0.88,0.0,2.1958658796057366
2018-04-22,0.0,darwin,"Darwin, Australia",tropical savanna / monsoon,7,82.7,4,2018,6–9,181.1625,124.65235065823825,-0.7898968569791076,0.7898968569791076,0,0,1,1,0,0,0,1,0,0,0,1,0.14606741573033707,0.3258426966292135,0.5280898876404494,0.6292134831460674,6.0,0.7882923946569461,dry-spell threshold,0.5833333333333334,0.05381509855646238,4.187832484346487
2018-04-22,0.0,tokyo,"Tokyo, Japan",humid subtropical,3,40.300000000000054,4,2018,3–5,116.1426666666667,43.41530714367366,-1.7469107477618802,1.7469107477618802,0,1,1,1,0,1,1,1,0,1,1,1,0.4566929133858268,0.7480314960629921,0.9763779527559056,1.0,2.0,1.7469107477618802,high prospective hazard,0.9285714285714286,0.04482201325174462,3.425141486129148
2018-04-23,0.0,london,"London, United Kingdom",temperate maritime,0,80.3,4,2018,0–2,46.335166666666666,27.704570357072942,1.2259649904537195,0.0,1,1,1,1,0,1,1,1,0,0,1,1,0.4583333333333333,0.6861111111111111,0.8694444444444445,0.9583333333333334,10.0,0.0,season-matched placebo,0.72,0.0,3.0
2018-04-25,13.8,tokyo,"Tokyo, Japan",humid subtropical,0,53.60000000000006,4,2018,0–2,116.1426666666667,43.41530714367366,-1.440567181977893,1.440567181977893,0,0,1,1,0,0,1,1,0,0,1,1,0.33031674208144796,0.7036199095022625,0.9524886877828054,1.0,5.0,1.8044941247889454,random drought day,0.9137931034482759,0.030043688128591928,3.2294496928126892
2018-04-27,1.6,cape_town,"Cape Town, South Africa",Mediterranean winter-rainfall,0,55.599999999999994,4,2018,0–2,24.096833333333333,28.520224613284682,1.1045904123767851,0.0,1,1,1,1,0,0,1,1,0,0,0,0,0.20192307692307693,0.35096153846153844,0.5432692307692307,0.8798076923076923,0.0,0.0,season-matched placebo,0.55,0.0,3.0
2018-04-27,0.0,tucson,"Tucson, United States",hot semi-arid / monsoonal,39,0.0,4,2018,20+,13.29966666666668,12.691907161700495,-1.0478855933330633,1.0478855933330633,0,0,1,1,0,0,1,1,0,0,0,0,0.05217391304347826,0.12608695652173912,0.2565217391304348,0.39565217391304347,38.0,1.0478855933330633,random drought day,0.3090909090909091,0.0,2.6507206241000754
2018-04-28,1.9,london,"London, United Kingdom",temperate maritime,0,74.19999999999999,4,2018,0–2,46.335166666666666,27.704570357072942,1.005784712565285,0.0,1,1,1,1,0,1,1,1,0,1,1,1,0.4583333333333333,0.6861111111111111,0.8694444444444445,0.9583333333333334,1.0,0.0,season-matched placebo,0.7236842105263158,0.0,3.0
2018-04-29,0.3,darwin,"Darwin, Australia",tropical savanna / monsoon,14,55.8,4,2018,10–19,181.1625,124.65235065823825,-1.0056970393098223,1.0056970393098223,1,1,1,1,0,1,1,1,0,1,1,1,0.12987012987012986,0.2077922077922078,0.3116883116883117,0.35064935064935066,13.0,0.93670515945688,30-day deficit threshold,0.8,0.27048176522312906,9.925225978828554
2018-04-29,0.1,london,"London, United Kingdom",temperate maritime,0,69.99999999999999,4,2018,0–2,46.335166666666666,27.704570357072942,0.8541851769699694,0.0,1,1,1,1,1,1,1,1,1,1,1,1,0.4583333333333333,0.6861111111111111,0.8694444444444445,0.9583333333333334,0.0,0.0,season-matched placebo,0.7272727272727273,0.0,3.0
2018-04-29,0.0,tokyo,"Tokyo, Japan",humid subtropical,3,67.40000000000006,4,2018,3–5,116.1426666666667,43.41530714367366,-1.1227069407884924,1.1227069407884924,0,1,1,1,0,1,1,1,0,1,1,1,0.4566929133858268,0.7480314960629921,0.9763779527559056,1.0,2.0,1.1227069407884924,high prospective hazard,0.9310344827586207,0.04728506743893668,3.88842457217764
2018-04-30,0.0,brasilia,"Brasília, Brazil",tropical savanna,7,112.6,4,2018,6–9,161.05316666666667,70.38656954224601,-0.6883865342746259,0.6883865342746259,0,1,1,1,0,0,0,0,0,0,0,0,0.2054794520547945,0.3835616438356164,0.4383561643835616,0.684931506849315,6.0,0.6883865342746259,dry-spell threshold,0.4782608695652174,0.0,2.8385835961669597
2018-04-30,0.0,cape_town,"Cape Town, South Africa",Mediterranean winter-rainfall,2,45.8,4,2018,0–2,24.096833333333333,28.520224613284682,0.7609746052475813,0.0,0,1,1,1,0,1,1,1,0,0,0,0,0.20192307692307693,0.35096153846153844,0.5432692307692307,0.8798076923076923,1.0,0.0,season-matched placebo,0.5544554455445545,0.0,3.0
2018-05-01,0.0,london,"London, United Kingdom",temperate maritime,0,67.39999999999999,5,2018,0–2,48.14758064516129,20.32479749389796,0.9472379422534853,0.0,1,1,1,1,1,1,1,1,1,1,1,1,0.3729281767955801,0.6215469613259669,0.8756906077348067,0.9668508287292817,1.0,0.0,season-matched placebo,0.7307692307692307,0.0,3.0
2018-05-04,0.0,darwin,"Darwin, Australia",tropical savanna / monsoon,2,47.099999999999994,5,2018,0–2,39.95,59.091811180795744,0.12099815282567733,0.0,0,0,0,0,0,0,0,0,0,0,0,0,0.12941176470588237,0.25882352941176473,0.4470588235294118,0.5411764705882353,1.0,0.0,season-matched placebo,0.575,0.04548176522312897,3.9096353044625793
2018-05-07,26.7,tokyo,"Tokyo, Japan",humid subtropical,3,89.40000000000006,5,2018,3–5,112.75661290322584,46.35753486316777,-0.5038363875940952,0.5038363875940952,1,1,1,1,1,1,1,1,1,1,1,1,0.4507042253521127,0.8098591549295775,0.9929577464788732,1.0,2.0,0.46069345503947723,high prospective hazard,0.9333333333333333,0.049583918013649364,4.11611455404922
2018-05-09,0.0,darwin,"Darwin, Australia",tropical savanna / monsoon,7,24.1,5,2018,6–9,39.95,59.091811180795744,-0.2682266744457326,0.2682266744457326,0,0,0,0,0,0,0,0,0,0,0,0,0.038461538461538464,0.07692307692307693,0.20512820512820512,0.38461538461538464,6.0,0.25976526515722376,dry-spell threshold,0.5675675675675675,0.038049332790696555,3.8299791217913217
2018-05-10,0.6,london,"London, United Kingdom",temperate maritime,7,41.09999999999999,5,2018,6–9,48.14758064516129,20.32479749389796,-0.34674788997416445,0.34674788997416445,0,1,1,1,0,1,1,1,0,1,1,1,0.2857142857142857,0.6071428571428571,0.7619047619047619,0.9285714285714286,6.0,0.04662189846889206,dry-spell threshold,0.7901234567901234,0.0,2.9573313514698674
2018-05-10,0.6,london,"London, United Kingdom",temperate maritime,7,41.09999999999999,5,2018,6–9,48.14758064516129,20.32479749389796,-0.34674788997416445,0.34674788997416445,0,1,1,1,0,1,1,1,0,1,1,1,0.2857142857142857,0.6071428571428571,0.7619047619047619,0.9285714285714286,6.0,0.04662189846889206,random drought day,0.7586206896551724,0.0,2.9573313514698674
2018-05-10,0.0,tucson,"Tucson, United States",hot semi-arid / monsoonal,7,1.200000000000007,5,2018,6–9,3.128064516129042,4.821333126196855,-0.3999027790991748,0.3999027790991748,0,0,0,0,0,0,0,0,0,0,0,0,0.02857142857142857,0.08571428571428572,0.22857142857142856,0.3142857142857143,6.0,0.3999027790991748,dry-spell threshold,0.4020618556701031,0.0,2.9435120379385884
2018-05-13,0.0,brasilia,"Brasília, Brazil",tropical savanna,20,22.200000000000003,5,2018,20+,47.016935483870974,41.55680838789718,-0.5971809781979923,0.5971809781979923,0,0,1,1,0,0,1,1,0,0,0,0,0.1111111111111111,0.19658119658119658,0.3247863247863248,0.4444444444444444,19.0,0.5394287086397035,random drought day,0.43902439024390244,0.0,2.876883719545826
2018-05-14,5.6,nairobi,"Nairobi, Kenya",subtropical highland / bimodal rainfall,0,279.1,5,2018,0–2,106.88693548387096,59.75590066479438,2.881942412384885,0.0,1,1,1,1,1,1,1,1,0,1,1,1,0.5518672199170125,0.7863070539419087,0.9315352697095436,0.970954356846473,1.0,0.0,season-matched placebo,0.5416666666666666,0.0,3.0
2018-05-16,0.0,cape_town,"Cape Town, South Africa",Mediterranean winter-rainfall,7,49.599999999999994,5,2018,6–9,43.471774193548384,31.93177389758018,0.1919162344725237,0.0,0,0,1,1,0,0,1,1,0,0,1,1,0.17307692307692307,0.40384615384615385,0.7403846153846154,0.9423076923076923,6.0,0.0,dry-spell threshold,0.6379310344827587,0.019170683736543515,3.3834136747308703
2018-05-18,0.0,brasilia,"Brasília, Brazil",tropical savanna,25,3.3,5,2018,20+,47.016935483870974,41.55680838789718,-1.0519801009695178,1.0519801009695178,1,1,1,1,1,1,1,1,0,0,0,0,0.1111111111111111,0.19658119658119658,0.3247863247863248,0.4444444444444444,24.0,0.8979740488140805,30-day deficit threshold,0.6363636363636364,0.023969332595110582,3.294086381812873
2018-05-20,1.7,cape_town,"Cape Town, South Africa",Mediterranean winter-rainfall,11,41.39999999999999,5,2018,10–19,43.471774193548384,31.93177389758018,-0.06488127468876366,0.06488127468876366,1,1,1,1,1,1,1,1,1,1,1,1,0.24489795918367346,0.4897959183673469,0.7653061224489796,0.9183673469387755,10.0,0.06488127468876366,random drought day,0.56,0.0,2.9984853164118874
2018-05-20,0.0,london,"London, United Kingdom",temperate maritime,7,39.19999999999999,5,2018,6–9,48.14758064516129,20.32479749389796,-0.44022975618072463,0.44022975618072463,1,1,1,1,1,1,1,1,0,0,1,1,0.2857142857142857,0.6071428571428571,0.7619047619047619,0.9285714285714286,6.0,0.44022975618072463,dry-spell threshold,0.7926829268292683,0.0013183116146194829,2.963255564987177
2018-05-21,0.0,tokyo,"Tokyo, Japan",humid subtropical,1,166.30000000000004,5,2018,0–2,112.75661290322584,46.35753486316777,1.1550093691309666,0.0,1,1,1,1,0,1,1,1,0,1,1,1,0.34831460674157305,0.6921348314606741,0.9707865168539326,1.0,0.0,0.0,season-matched placebo,0.835820895522388,0.0,3.0
2018-05-24,24.7,cape_town,"Cape Town, South Africa",Mediterranean winter-rainfall,2,39.79999999999999,5,2018,0–2,43.471774193548384,31.93177389758018,-0.11498810574462463,0.11498810574462463,0,0,1,1,0,0,1,1,0,0,1,1,0.2743682310469314,0.5234657039711191,0.776173285198556,0.9638989169675091,1.0,0.0,season-matched placebo,0.5588235294117647,0.0,2.99524752541052
2018-05-27,0.0,brasilia,"Brasília, Brazil",tropical savanna,7,2.4,5,2018,6–9,47.016935483870974,41.55680838789718,-1.073637202053876,1.073637202053876,0,0,0,0,0,0,0,0,0,0,0,0,0.06666666666666667,0.16666666666666666,0.32222222222222224,0.6,6.0,1.073637202053876,dry-spell threshold,0.46808510638297873,0.0,2.635454403884594
2018-05-27,0.1,london,"London, United Kingdom",temperate maritime,0,54.29999999999999,5,2018,0–2,48.14758064516129,20.32479749389796,0.30270507525035945,0.0,0,1,1,1,0,1,1,1,0,1,1,1,0.3729281767955801,0.6215469613259669,0.8756906077348067,0.9668508287292817,0.0,0.0,season-matched placebo,0.7341772151898734,0.0,3.0
2018-05-29,0.0,nairobi,"Nairobi, Kenya",subtropical highland / bimodal rainfall,5,178.4,5,2018,3–5,106.88693548387096,59.75590066479438,1.1967531862215155,0.0,0,1,1,1,0,1,1,1,0,0,1,1,0.41333333333333333,0.6933333333333334,0.88,1.0,4.0,0.0,random drought day,0.6363636363636364,0.008044688429584501,3.16089376859169
2018-05-31,6.4,cape_town,"Cape Town, South Africa",Mediterranean winter-rainfall,1,64.99999999999999,5,2018,0–2,43.471774193548384,31.93177389758018,0.674194483385185,0.0,1,1,1,1,1,1,1,1,1,1,1,1,0.2743682310469314,0.5234657039711191,0.776173285198556,0.9638989169675091,0.0,0.0,season-matched placebo,0.5631067961165048,0.0,3.0
2018-05-31,1.0,nairobi,"Nairobi, Kenya",subtropical highland / bimodal rainfall,7,170.8,5,2018,6–9,106.88693548387096,59.75590066479438,1.069569093680884,0.0,1,1,1,1,1,1,1,1,0,0,1,1,0.2571428571428571,0.45714285714285713,0.5428571428571428,0.9142857142857143,6.0,0.0,dry-spell threshold,0.5421686746987951,0.0,3.0
2018-05-31,1.0,nairobi,"Nairobi, Kenya",subtropical highland / bimodal rainfall,7,170.8,5,2018,6–9,106.88693548387096,59.75590066479438,1.069569093680884,0.0,1,1,1,1,1,1,1,1,0,0,1,1,0.2571428571428571,0.45714285714285713,0.5428571428571428,0.9142857142857143,6.0,0.0,random drought day,0.6428571428571429,0.014538194923091052,3.290763898461821
2018-05-31,0.0,tucson,"Tucson, United States",hot semi-arid / monsoonal,28,1.200000000000007,5,2018,20+,3.128064516129042,4.821333126196855,-0.3999027790991748,0.3999027790991748,0,0,0,0,0,0,0,0,0,0,0,0,0.020689655172413793,0.052873563218390804,0.10804597701149425,0.2045977011494253,27.0,0.3999027790991748,random drought day,0.32142857142857145,0.0,2.9435120379385884
2018-06-01,0.6,mumbai,"Mumbai, India",tropical monsoon,177,1.200000000000001,6,2018,20+,177.036,162.86130462730597,-1.0796671462406955,1.0796671462406955,1,1,1,1,1,1,1,1,0,1,1,1,0.26666666666666666,0.5333333333333333,0.8666666666666667,1.0,176.0,0.30345069029663746,30-day deficit threshold,0.8260869565217391,0.4975592662563521,16.07462305216229
2018-06-01,0.6,mumbai,"Mumbai, India",tropical monsoon,177,1.200000000000001,6,2018,20+,177.036,162.86130462730597,-1.0796671462406955,1.0796671462406955,1,1,1,1,1,1,1,1,0,1,1,1,0.26666666666666666,0.5333333333333333,0.8666666666666667,1.0,176.0,0.30345069029663746,high prospective hazard,0.8421052631578947,0.5135775728925076,16.5073964799533
2018-06-01,3.1,nairobi,"Nairobi, Kenya",subtropical highland / bimodal rainfall,0,162.2,6,2018,0–2,54.527166666666666,41.728924227297085,2.5802925746860943,0.0,1,1,1,1,1,1,1,1,0,0,1,1,0.3273381294964029,0.5359712230215827,0.7086330935251799,0.8237410071942446,7.0,0.0,season-matched placebo,0.547945205479452,0.0,3.0
2018-06-02,0.2,london,"London, United Kingdom",temperate maritime,0,51.79999999999999,6,2018,0–2,54.81133333333334,25.599446432523536,-0.1176327519921491,0.1176327519921491,1,1,1,1,0,0,0,1,0,0,0,0,0.3937677053824363,0.6685552407932012,0.8583569405099151,0.9773371104815864,0.0,0.0,season-matched placebo,0.7375,0.0,2.995026770862853
2018-06-03,0.3,london,"London, United Kingdom",temperate maritime,1,51.999999999999986,6,2018,0–2,54.81133333333334,25.599446432523536,-0.10982008305310907,0.10982008305310907,0,0,1,1,0,0,0,1,0,0,0,0,0.3937677053824363,0.6685552407932012,0.8583569405099151,0.9773371104815864,0.0,0.1176327519921491,season-matched placebo,0.7283950617283951,0.0,2.9956645123211745
2018-06-04,0.6,nairobi,"Nairobi, Kenya",subtropical highland / bimodal rainfall,0,139.9,6,2018,0–2,54.527166666666666,41.728924227297085,2.045891067507714,0.0,1,1,1,1,1,1,1,1,1,1,1,1,0.3273381294964029,0.5359712230215827,0.7086330935251799,0.8237410071942446,0.0,0.0,season-matched placebo,0.5540540540540541,0.0,3.0
2018-06-07,0.0,london,"London, United Kingdom",temperate maritime,5,52.29999999999999,6,2018,3–5,54.81133333333334,25.599446432523536,-0.09810107964454862,0.09810107964454862,0,1,1,1,0,0,0,1,0,0,0,0,0.23931623931623933,0.452991452991453,0.8290598290598291,0.9316239316239316,4.0,0.09810107964454862,random drought day,0.7627118644067796,0.0,2.996539420622049
2018-06-08,18.6,tokyo,"Tokyo, Japan",humid subtropical,1,87.70000000000005,6,2018,0–2,141.02533333333335,50.96106823528811,-1.0463935545292995,1.0463935545292995,1,1,1,1,1,1,1,1,0,1,1,1,0.4896694214876033,0.8078512396694215,0.9772727272727273,1.0,0.0,0.3046508613526814,30-day deficit threshold,0.8823529411764706,0.0,2.6515991336838045
2018-06-08,18.6,tokyo,"Tokyo, Japan",humid subtropical,1,87.70000000000005,6,2018,0–2,141.02533333333335,50.96106823528811,-1.0463935545292995,1.0463935545292995,1,1,1,1,1,1,1,1,0,1,1,1,0.4896694214876033,0.8078512396694215,0.9772727272727273,1.0,0.0,0.3046508613526814,high prospective hazard,0.9354838709677419,0.0517344556480579,4.044603588695173
2018-06-09,0.5,london,"London, United Kingdom",temperate maritime,7,52.29999999999999,6,2018,6–9,54.81133333333334,25.599446432523536,-0.09810107964454862,0.09810107964454862,0,0,1,1,0,0,1,1,0,0,0,0,0.275,0.5875,0.7875,0.9375,6.0,0.09810107964454862,dry-spell threshold,0.7951807228915663,0.003816107676917424,3.076512858977253
2018-06-12,0.0,london,"London, United Kingdom",temperate maritime,10,46.599999999999994,6,2018,10–19,54.81133333333334,25.599446432523536,-0.320762144407194,0.320762144407194,0,0,1,1,0,0,1,1,0,0,0,0,0.17073170731707318,0.3902439024390244,0.7073170731707317,1.0,9.0,0.10200741411406876,random drought day,0.75,0.0,2.9634119311558957
2018-06-14,0.9,nairobi,"Nairobi, Kenya",subtropical highland / bimodal rainfall,7,85.7,6,2018,6–9,54.527166666666666,41.728924227297085,0.747031798939632,0.0,0,1,1,1,0,0,1,1,0,0,0,1,0.2,0.30526315789473685,0.5157894736842106,0.7263157894736842,6.0,0.0,dry-spell threshold,0.5476190476190477,0.0,3.0
2018-06-17,1.5,tucson,"Tucson, United States",hot semi-arid / monsoonal,0,30.90000000000001,6,2018,0–2,2.467166666666676,3.3015611179028084,8.611936086585068,0.0,0,0,0,0,0,0,0,0,0,0,0,0,0.11904761904761904,0.23809523809523808,0.30952380952380953,0.5476190476190477,0.0,0.26265352531698805,season-matched placebo,0.34444444444444444,0.0,3.0
2018-06-24,0.0,london,"London, United Kingdom",temperate maritime,7,39.699999999999996,6,2018,6–9,54.81133333333334,25.599446432523536,-0.5902992228040808,0.5902992228040808,0,0,0,1,0,0,0,0,0,0,0,0,0.275,0.5875,0.7875,0.9375,6.0,0.37935716144999554,dry-spell threshold,0.7976190476190477,0.006254432404398824,3.0350977799501138
2018-06-25,0.0,tucson,"Tucson, United States",hot semi-arid / monsoonal,7,32.400000000000006,6,2018,6–9,2.467166666666676,3.3015611179028084,9.066266612791656,0.0,0,0,0,1,0,0,0,1,0,0,0,0,0.023809523809523808,0.11904761904761904,0.19047619047619047,0.2619047619047619,6.0,0.0,dry-spell threshold,0.3979591836734694,0.0,3.0
2018-06-26,0.0,london,"London, United Kingdom",temperate maritime,9,28.69999999999999,6,2018,6–9,54.81133333333334,25.599446432523536,-1.0199960144512918,1.0199960144512918,0,0,0,1,0,0,0,0,0,0,0,0,0.275,0.5875,0.7875,0.9375,8.0,0.7699906084020054,30-day deficit threshold,0.96875,0.17738538478535115,7.42948273845793
2018-07-01,0.0,london,"London, United Kingdom",temperate maritime,14,3.799999999999989,7,2018,10–19,53.25306451612904,23.654472339833752,-2.0906433170716254,2.0906433170716254,0,1,1,1,0,0,0,1,0,0,0,0,0.3333333333333333,0.6666666666666666,0.9761904761904762,1.0,13.0,1.5629765057145855,high prospective hazard,0.7804878048780488,0.0,1.9678651071685258
2018-07-01,5.6,mumbai,"Mumbai, India",tropical monsoon,0,353.8,7,2018,0–2,554.1132258064516,175.14388136213014,-1.1437066727571312,1.1437066727571312,1,1,1,1,1,1,1,1,1,1,1,1,1.0,1.0,1.0,1.0,0.0,0.0,30-day deficit threshold,0.8333333333333334,0.5048056430679464,16.309536684566535
2018-07-01,5.6,mumbai,"Mumbai, India",tropical monsoon,0,353.8,7,2018,0–2,554.1132258064516,175.14388136213014,-1.1437066727571312,1.1437066727571312,1,1,1,1,1,1,1,1,1,1,1,1,1.0,1.0,1.0,1.0,0.0,0.0,high prospective hazard,0.85,0.521472309734613,16.76240245547524
2018-07-02,5.2,cape_town,"Cape Town, South Africa",Mediterranean winter-rainfall,0,122.1,7,2018,0–2,86.68548387096774,47.99031891727379,0.7379512561706489,0.0,0,0,0,1,0,0,0,1,0,0,0,1,0.32732732732732733,0.5495495495495496,0.8408408408408409,0.9669669669669669,0.0,0.0,season-matched placebo,0.5673076923076923,0.0,3.0
2018-07-02,0.6,nairobi,"Nairobi, Kenya",subtropical highland / bimodal rainfall,7,31.7,7,2018,6–9,21.771290322580644,22.31910042743049,0.44485259205235844,0.0,1,1,1,1,1,1,1,1,0,0,0,0,0.06976744186046512,0.20930232558139536,0.37209302325581395,0.627906976744186,6.0,0.0,dry-spell threshold,0.5529411764705883,0.0,3.0
2018-07-02,0.0,tokyo,"Tokyo, Japan",humid subtropical,7,200.10000000000008,7,2018,6–9,175.2385483870968,78.86270240028857,0.31524980575370565,0.0,0,1,1,1,0,1,1,1,0,1,1,1,0.31343283582089554,0.6119402985074627,0.9402985074626866,1.0,6.0,0.0,dry-spell threshold,0.88,0.0,3.0
2018-07-04,4.4,nairobi,"Nairobi, Kenya",subtropical highland / bimodal rainfall,0,30.0,7,2018,0–2,21.771290322580644,22.31910042743049,0.3686846476709319,0.0,1,1,1,1,0,0,0,0,0,0,0,0,0.19117647058823528,0.2647058823529412,0.4852941176470588,0.6838235294117647,8.0,0.0,season-matched placebo,0.56,0.0,3.0
2018-07-05,0.3,nairobi,"Nairobi, Kenya",subtropical highland / bimodal rainfall,0,33.8,7,2018,0–2,21.771290322580644,22.31910042743049,0.538942405700003,0.0,0,1,1,1,0,0,0,0,0,0,0,0,0.19117647058823528,0.2647058823529412,0.4852941176470588,0.6838235294117647,0.0,0.0,season-matched placebo,0.5526315789473685,0.0,3.0
2018-07-06,0.0,london,"London, United Kingdom",temperate maritime,19,2.3999999999999897,7,2018,10–19,53.25306451612904,23.654472339833752,-2.149828742131495,2.149828742131495,0,0,1,1,0,0,1,1,0,0,0,0,0.3333333333333333,0.6666666666666666,0.9761904761904762,1.0,18.0,2.149828742131495,random drought day,0.7540983606557377,0.0,1.929742408651979
2018-07-07,0.0,nairobi,"Nairobi, Kenya",subtropical highland / bimodal rainfall,2,26.200000000000003,7,2018,0–2,21.771290322580644,22.31910042743049,0.19842688964186084,0.0,1,1,1,1,0,0,0,0,0,0,0,0,0.19117647058823528,0.2647058823529412,0.4852941176470588,0.6838235294117647,1.0,0.0,season-matched placebo,0.5454545454545454,0.0,3.0
2018-07-08,0.2,tokyo,"Tokyo, Japan",humid subtropical,1,236.70000000000005,7,2018,0–2,175.2385483870968,78.86270240028857,0.7793475209730872,0.0,1,1,1,1,1,1,1,1,0,0,0,0,0.42452830188679247,0.6839622641509434,0.8891509433962265,0.9905660377358491,0.0,0.0,season-matched placebo,0.8382352941176471,0.0,3.0
2018-07-10,0.0,cape_town,"Cape Town, South Africa",Mediterranean winter-rainfall,7,106.39999999999999,7,2018,6–9,86.68548387096774,47.99031891727379,0.4108019403458505,0.0,0,1,1,1,0,1,1,1,0,1,1,1,0.37362637362637363,0.5494505494505495,0.7472527472527473,0.978021978021978,6.0,0.0,dry-spell threshold,0.6410256410256411,0.02226529027942592,3.4453058055885184
2018-07-10,0.3,nairobi,"Nairobi, Kenya",subtropical highland / bimodal rainfall,5,25.3,7,2018,3–5,21.771290322580644,22.31910042743049,0.1581026837928702,0.0,1,1,1,1,0,0,0,0,0,0,0,0,0.0967741935483871,0.26881720430107525,0.44086021505376344,0.6344086021505376,4.0,0.0,random drought day,0.6491228070175439,0.020803859083492027,3.4160771816698405
2018-07-11,0.2,tokyo,"Tokyo, Japan",humid subtropical,1,179.60000000000005,7,2018,0–2,175.2385483870968,78.86270240028857,0.055304364169078725,0.0,1,1,1,1,1,1,1,1,0,0,0,0,0.42452830188679247,0.6839622641509434,0.8891509433962265,0.9905660377358491,0.0,0.0,season-matched placebo,0.8405797101449275,0.0,3.0
2018-07-12,0.2,nairobi,"Nairobi, Kenya",subtropical highland / bimodal rainfall,7,26.200000000000003,7,2018,6–9,21.771290322580644,22.31910042743049,0.19842688964186084,0.0,0,1,1,1,0,0,0,0,0,0,0,0,0.06976744186046512,0.20930232558139536,0.37209302325581395,0.627906976744186,6.0,0.0,dry-spell threshold,0.5581395348837209,0.0,3.0
2018-07-13,2.9,london,"London, United Kingdom",temperate maritime,0,2.9999999999999893,7,2018,0–2,53.25306451612904,23.654472339833752,-2.1244635599629795,2.1244635599629795,1,1,1,1,0,0,0,1,0,0,0,1,0.380352644836272,0.6926952141057935,0.8589420654911839,0.9748110831234257,25.0,2.170966393938592,high prospective hazard,0.7710843373493976,0.0,1.946028268058242
2018-07-20,0.7,london,"London, United Kingdom",temperate maritime,6,4.39999999999999,7,2018,6–9,53.25306451612904,23.654472339833752,-2.0652781349031093,2.0652781349031093,1,1,1,1,0,0,1,1,0,0,1,1,0.14285714285714285,0.4603174603174603,0.9047619047619048,1.0,5.0,2.0652781349031093,high prospective hazard,0.7619047619047619,0.0,1.9843305972593397
2018-07-20,0.0,tokyo,"Tokyo, Japan",humid subtropical,7,139.60000000000005,7,2018,6–9,175.2385483870968,78.86270240028857,-0.45190625355702185,0.45190625355702185,0,0,1,1,0,0,1,1,0,0,1,1,0.31343283582089554,0.6119402985074627,0.9402985074626866,1.0,6.0,0.4151334837718795,dry-spell threshold,0.881578947368421,0.0,2.9282396472325773
2018-07-21,0.0,cape_town,"Cape Town, South Africa",Mediterranean winter-rainfall,7,82.3,7,2018,6–9,86.68548387096774,47.99031891727379,-0.09138267821323483,0.09138267821323483,0,0,1,1,0,0,1,1,0,0,0,0,0.37362637362637363,0.5494505494505495,0.7472527472527473,0.978021978021978,6.0,0.09138267821323483,dry-spell threshold,0.6440677966101694,0.02530744586395428,3.5257424093219147
2018-07-21,0.1,london,"London, United Kingdom",temperate maritime,7,5.09999999999999,7,2018,6–9,53.25306451612904,23.654472339833752,-2.0356854223731746,2.0356854223731746,1,1,1,1,0,0,1,1,0,0,1,1,0.14285714285714285,0.4603174603174603,0.9047619047619048,1.0,6.0,2.0652781349031093,dry-spell threshold,0.788235294117647,0.0,2.0036308239454064
2018-07-21,0.0,tokyo,"Tokyo, Japan",humid subtropical,8,76.40000000000006,7,2018,6–9,175.2385483870968,78.86270240028857,-1.2532990295642605,1.2532990295642605,0,1,1,1,0,1,1,1,0,0,1,1,0.31343283582089554,0.6119402985074627,0.9402985074626866,1.0,7.0,0.45190625355702185,30-day deficit threshold,0.8846153846153846,0.0008659692957005971,2.547913726504772
2018-07-28,0.0,cape_town,"Cape Town, South Africa",Mediterranean winter-rainfall,0,61.49999999999999,7,2018,0–2,86.68548387096774,47.99031891727379,-0.5248034278409933,0.5248034278409933,0,1,1,1,0,1,1,1,0,0,0,1,0.32732732732732733,0.5495495495495496,0.8408408408408409,0.9669669669669669,13.0,0.27475299536344056,high prospective hazard,0.8571428571428571,0.23838250639664194,8.730155972898071
2018-07-31,3.1,london,"London, United Kingdom",temperate maritime,1,17.599999999999987,7,2018,0–2,53.25306451612904,23.654472339833752,-1.5072441271957633,1.5072441271957633,0,0,1,1,0,0,1,1,0,0,1,1,0.380352644836272,0.6926952141057935,0.8589420654911839,0.9748110831234257,0.0,1.5114716575571823,random drought day,0.7580645161290323,0.0,2.357352322405318
2018-08-01,1.6,cape_town,"Cape Town, South Africa",Mediterranean winter-rainfall,0,23.399999999999995,8,2018,0–2,74.69370967741935,33.4152617533005,-1.5350383922206734,1.5350383922206734,0,1,1,1,0,0,1,1,0,0,1,1,0.2782608695652174,0.5681159420289855,0.8173913043478261,0.9536231884057971,3.0,0.70192248417926,30-day deficit threshold,0.8,0.18123964925378488,7.333314723472472
2018-08-01,0.0,darwin,"Darwin, Australia",tropical savanna / monsoon,2,2.8,8,2018,0–2,1.365483870967742,1.935645294395855,0.7411048569619222,0.0,1,1,1,1,0,0,0,0,0,0,0,0,0.02857142857142857,0.02857142857142857,0.05714285714285714,0.14285714285714285,1.0,0.0,season-matched placebo,0.5609756097560976,0.03145737497922663,3.6291474995845325
2018-08-03,0.0,london,"London, United Kingdom",temperate maritime,2,20.69999999999999,8,2018,0–2,55.292419354838714,24.80198980927015,-1.3947437129382756,1.3947437129382756,0,0,1,1,0,0,1,1,0,0,1,1,0.3815789473684211,0.6447368421052632,0.8289473684210527,0.95,1.0,1.3947437129382756,random drought day,0.7619047619047619,0.0,2.432227593563159
2018-08-06,0.0,darwin,"Darwin, Australia",tropical savanna / monsoon,7,3.8000000000000003,8,2018,6–9,1.365483870967742,1.935645294395855,1.2577284361348386,0.0,0,0,0,0,0,0,0,0,0,0,0,0,0.0,0.03125,0.125,0.25,6.0,0.0,dry-spell threshold,0.5526315789473685,0.023113344170497485,3.4622668834099497
2018-08-09,8.8,mumbai,"Mumbai, India",tropical monsoon,0,443.59999999999997,8,2018,0–2,556.4122580645161,206.81370296278826,-0.545477676035878,0.545477676035878,1,1,1,1,1,1,1,1,1,1,1,1,0.9805825242718447,0.9967637540453075,1.0,1.0,0.0,0.4129912904266514,high prospective hazard,0.8571428571428571,0.5286151668774701,15.888475003105691
2018-08-09,0.0,nairobi,"Nairobi, Kenya",subtropical highland / bimodal rainfall,7,23.3,8,2018,6–9,15.798225806451612,13.574939376533305,0.5526193513995752,0.0,1,1,1,1,0,0,0,0,0,0,0,0,0.07692307692307693,0.19230769230769232,0.4230769230769231,0.7019230769230769,6.0,0.0,dry-spell threshold,0.5517241379310345,0.0,3.0
2018-08-14,0.0,cape_town,"Cape Town, South Africa",Mediterranean winter-rainfall,1,26.899999999999995,8,2018,0–2,74.69370967741935,33.4152617533005,-1.430295833989649,1.430295833989649,0,1,1,1,0,1,1,1,0,1,1,1,0.2782608695652174,0.5681159420289855,0.8173913043478261,0.9536231884057971,0.0,1.4243105449478761,random drought day,0.5657894736842105,0.0,2.408691443725792
2018-08-15,0.0,cape_town,"Cape Town, South Africa",Mediterranean winter-rainfall,2,26.899999999999995,8,2018,0–2,74.69370967741935,33.4152617533005,-1.430295833989649,1.430295833989649,1,1,1,1,1,1,1,1,1,1,1,1,0.2782608695652174,0.5681159420289855,0.8173913043478261,0.9536231884057971,1.0,1.430295833989649,random drought day,0.5714285714285714,0.0,2.408691443725792
2018-08-15,8.4,mumbai,"Mumbai, India",tropical monsoon,0,339.6,8,2018,0–2,556.4122580645161,206.81370296278826,-1.0483457090052049,1.0483457090052049,1,1,1,1,1,1,1,1,1,1,1,1,0.9805825242718447,0.9967637540453075,1.0,1.0,0.0,0.8660560470538238,30-day deficit threshold,0.84,0.511472309734613,16.425228458511697
2018-08-17,7.6,brasilia,"Brasília, Brazil",tropical savanna,0,5.800000000000001,8,2018,0–2,2.3637096774193593,6.427210615565409,0.5346472253855566,0.0,0,0,0,1,0,0,0,0,0,0,0,0,0.3220338983050847,0.3559322033898305,0.559322033898305,0.864406779661017,88.0,0.1966186815722063,season-matched placebo,0.7692307692307693,0.1568364654622435,6.1367293092448705
2018-08-20,0.0,brasilia,"Brasília, Brazil",tropical savanna,2,13.399999999999999,8,2018,0–2,2.3637096774193593,6.427210615565409,1.717119755785343,0.0,0,0,1,1,0,0,0,0,0,0,0,0,0.3220338983050847,0.3559322033898305,0.559322033898305,0.864406779661017,1.0,0.0,season-matched placebo,0.75,0.13760569623147423,5.752113924629485
2018-08-20,13.9,mumbai,"Mumbai, India",tropical monsoon,0,283.7,8,2018,0–2,556.4122580645161,206.81370296278826,-1.3186372767262182,1.3186372767262182,1,1,1,1,1,1,1,1,1,1,1,1,0.9805825242718447,0.9967637540453075,1.0,1.0,0.0,1.2635152038815034,random drought day,0.36363636363636365,0.03510867337097662,3.446082058985279
2018-08-25,0.0,brasilia,"Brasília, Brazil",tropical savanna,7,13.399999999999999,8,2018,6–9,2.3637096774193593,6.427210615565409,1.717119755785343,0.0,0,1,1,1,0,0,0,0,0,0,0,0,0.23809523809523808,0.5714285714285714,0.7619047619047619,1.0,6.0,0.0,dry-spell threshold,0.4583333333333333,0.0,3.0
2018-08-26,0.5,nairobi,"Nairobi, Kenya",subtropical highland / bimodal rainfall,24,22.3,8,2018,20+,15.798225806451612,13.574939376533305,0.4789541973784326,0.0,1,1,1,1,1,1,1,1,1,1,1,1,0.08264462809917356,0.2231404958677686,0.4049586776859504,0.628099173553719,23.0,0.0,random drought day,0.6379310344827587,0.009612086548706822,3.1922417309741364
2018-08-28,8.5,mumbai,"Mumbai, India",tropical monsoon,0,366.0,8,2018,0–2,556.4122580645161,206.81370296278826,-0.9206945929437603,0.9206945929437603,1,1,1,1,1,1,1,1,1,1,1,1,0.9805825242718447,0.9967637540453075,1.0,1.0,0.0,0.9613108571451292,random drought day,0.391304347826087,0.06277665756069994,4.387238314184893
2018-08-30,0.0,nairobi,"Nairobi, Kenya",subtropical highland / bimodal rainfall,1,35.6,8,2018,0–2,15.798225806451612,13.574939376533305,1.4587007458596297,0.0,1,1,1,1,0,0,1,1,0,0,0,0,0.19078947368421054,0.34868421052631576,0.4473684210526316,0.625,0.0,0.0,season-matched placebo,0.5384615384615384,0.0,3.0
2018-08-31,0.5,nairobi,"Nairobi, Kenya",subtropical highland / bimodal rainfall,2,33.400000000000006,8,2018,0–2,15.798225806451612,13.574939376533305,1.2966374070131164,0.0,1,1,1,1,0,0,1,1,0,0,0,0,0.19078947368421054,0.34868421052631576,0.4473684210526316,0.625,1.0,0.0,season-matched placebo,0.5443037974683544,0.0,3.0
2018-09-03,0.5,tucson,"Tucson, United States",hot semi-arid / monsoonal,7,35.00000000000001,9,2018,6–9,30.822000000000013,23.461200506695302,0.17808125371963324,0.0,0,1,1,1,0,0,0,0,0,0,0,0,0.040983606557377046,0.16393442622950818,0.48360655737704916,0.7295081967213115,6.0,0.0,dry-spell threshold,0.3939393939393939,0.0,3.0
2018-09-06,0.7,london,"London, United Kingdom",temperate maritime,7,76.29999999999998,9,2018,6–9,47.54533333333333,27.251647633126485,1.0551533270125337,0.0,0,1,1,1,0,1,1,1,0,0,0,0,0.18421052631578946,0.4342105263157895,0.6973684210526315,0.9342105263157895,6.0,0.0,dry-spell threshold,0.7906976744186046,0.0,3.0
2018-09-07,0.0,london,"London, United Kingdom",temperate maritime,8,70.19999999999999,9,2018,6–9,47.54533333333333,27.251647633126485,0.8313136501562628,0.0,1,1,1,1,1,1,1,1,0,0,0,0,0.18421052631578946,0.4342105263157895,0.6973684210526315,0.9342105263157895,7.0,0.0,random drought day,0.765625,0.0,3.0
2018-09-07,0.0,nairobi,"Nairobi, Kenya",subtropical highland / bimodal rainfall,2,37.4,9,2018,0–2,16.460666666666665,12.814435967721733,1.634042527199589,0.0,0,1,1,1,0,0,0,0,0,0,0,0,0.14516129032258066,0.3064516129032258,0.5241935483870968,0.6532258064516129,1.0,0.0,season-matched placebo,0.55,0.0,3.0
2018-09-09,0.0,london,"London, United Kingdom",temperate maritime,0,54.89999999999999,9,2018,0–2,47.54533333333333,27.251647633126485,0.26987970656594334,0.0,0,1,1,1,0,1,1,1,0,0,0,1,0.40797546012269936,0.6993865030674846,0.8865030674846626,0.9570552147239264,9.0,0.0,season-matched placebo,0.7195121951219512,0.0,3.0
2018-09-09,0.0,tokyo,"Tokyo, Japan",humid subtropical,4,110.50000000000006,9,2018,3–5,146.19633333333337,85.48757314268123,-0.4175616644743804,0.4175616644743804,1,1,1,1,1,1,1,1,1,1,1,1,0.4563106796116505,0.8058252427184466,0.9320388349514563,1.0,3.0,0.4000152545710784,random drought day,0.9152542372881356,0.03150482196845161,3.6845567776432016
2018-09-10,0.0,london,"London, United Kingdom",temperate maritime,1,45.39999999999999,9,2018,0–2,47.54533333333333,27.251647633126485,-0.07872306886595444,0.07872306886595444,1,1,1,1,0,1,1,1,0,0,0,1,0.40797546012269936,0.6993865030674846,0.8865030674846626,0.9570552147239264,0.0,0.0,season-matched placebo,0.7228915662650602,0.0,2.997770622174752
2018-09-12,0.0,nairobi,"Nairobi, Kenya",subtropical highland / bimodal rainfall,7,37.2,9,2018,6–9,16.460666666666665,12.814435967721733,1.6184351293785866,0.0,0,1,1,1,0,0,0,0,0,0,0,0,0.08536585365853659,0.15853658536585366,0.24390243902439024,0.5365853658536586,6.0,0.0,dry-spell threshold,0.5454545454545454,0.0,3.0
2018-09-17,0.9,mumbai,"Mumbai, India",tropical monsoon,1,251.1,9,2018,0–2,332.65,143.16896726821696,-0.5696066791291566,0.5696066791291566,1,1,1,1,1,1,1,1,0,1,1,1,0.7931034482758621,0.9074410163339383,0.9600725952813067,0.9909255898366606,0.0,0.39917868439278104,high prospective hazard,0.8636363636363636,0.5351086733709767,16.122472446987516
2018-09-19,0.3,nairobi,"Nairobi, Kenya",subtropical highland / bimodal rainfall,14,37.5,9,2018,10–19,16.460666666666665,12.814435967721733,1.6418462261100906,0.0,0,1,1,1,0,0,0,1,0,0,0,0,0.05421686746987952,0.1566265060240964,0.39759036144578314,0.7349397590361446,13.0,0.0,random drought day,0.6440677966101694,0.01574884867611759,3.3149769735223518
2018-09-20,0.0,darwin,"Darwin, Australia",tropical savanna / monsoon,7,3.8,9,2018,6–9,7.027166666666667,8.393407778078227,-0.3844882498256943,0.3844882498256943,0,0,1,1,0,0,1,1,0,0,0,0,0.11267605633802817,0.29577464788732394,0.5492957746478874,0.7605633802816901,6.0,0.3844882498256943,dry-spell threshold,0.5384615384615384,0.008943303684667447,3.1572433316574027
2018-09-20,2.5,london,"London, United Kingdom",temperate maritime,7,29.799999999999986,9,2018,6–9,47.54533333333333,27.251647633126485,-0.6511655211541235,0.6511655211541235,1,1,1,1,1,1,1,1,0,1,1,1,0.18421052631578946,0.4342105263157895,0.6973684210526315,0.9342105263157895,6.0,0.6548350240534067,dry-spell threshold,0.7931034482758621,0.0017388330612132519,2.89861220199837
2018-09-21,1.6,london,"London, United Kingdom",temperate maritime,0,32.29999999999999,9,2018,0–2,47.54533333333333,27.251647633126485,-0.559427948672045,0.559427948672045,1,1,1,1,1,1,1,1,1,1,1,1,0.40797546012269936,0.6993865030674846,0.8865030674846626,0.9570552147239264,7.0,0.6511655211541235,high prospective hazard,0.7647058823529411,0.0,2.891412551798287
2018-09-21,0.0,tucson,"Tucson, United States",hot semi-arid / monsoonal,0,74.20000000000002,9,2018,0–2,30.822000000000013,23.461200506695302,1.848924993741087,0.0,0,0,0,1,0,0,0,1,0,0,0,0,0.12962962962962962,0.2654320987654321,0.38271604938271603,0.6481481481481481,0.0,0.0,season-matched placebo,0.34065934065934067,0.0,3.0
2018-09-22,2.2,mumbai,"Mumbai, India",tropical monsoon,0,173.7,9,2018,0–2,332.65,143.16896726821696,-1.1102266296453642,1.1102266296453642,1,1,1,1,0,1,1,1,0,0,0,1,0.7931034482758621,0.9074410163339383,0.9600725952813067,0.9909255898366606,0.0,0.9991690429114146,30-day deficit threshold,0.8461538461538461,0.5176261558884592,16.63833134846662
2018-09-22,0.0,tucson,"Tucson, United States",hot semi-arid / monsoonal,1,73.00000000000001,9,2018,0–2,30.822000000000013,23.461200506695302,1.7977767159853282,0.0,0,0,0,1,0,0,0,1,0,0,0,0,0.12962962962962962,0.2654320987654321,0.38271604938271603,0.6481481481481481,0.0,0.0,season-matched placebo,0.33695652173913043,0.0,3.0
2018-09-23,0.0,brasilia,"Brasília, Brazil",tropical savanna,1,21.5,9,2018,0–2,19.803000000000004,23.575053826836342,0.07198286852131124,0.0,0,0,0,1,0,0,0,1,0,0,0,0,0.45320197044334976,0.6551724137931034,0.7980295566502463,0.9507389162561576,0.0,0.0,season-matched placebo,0.7317073170731707,0.11931301330464494,5.386260266092899
2018-09-24,0.0,nairobi,"Nairobi, Kenya",subtropical highland / bimodal rainfall,19,37.1,9,2018,10–19,16.460666666666665,12.814435967721733,1.610631430468085,0.0,0,1,1,1,0,0,1,1,0,0,0,0,0.05421686746987952,0.1566265060240964,0.39759036144578314,0.7349397590361446,18.0,0.0,random drought day,0.6333333333333333,0.005014385399281451,3.100287707985629
2018-09-25,0.0,tucson,"Tucson, United States",hot semi-arid / monsoonal,4,58.10000000000001,9,2018,3–5,30.822000000000013,23.461200506695302,1.1626856005179897,0.0,0,0,1,1,0,0,1,1,0,0,0,1,0.1111111111111111,0.18803418803418803,0.3333333333333333,0.6752136752136753,3.0,0.0,random drought day,0.3157894736842105,0.0,3.0
2018-09-26,0.9,darwin,"Darwin, Australia",tropical savanna / monsoon,1,5.5,9,2018,0–2,7.027166666666667,8.393407778078227,-0.1819483464934585,0.1819483464934585,1,1,1,1,0,0,0,0,0,0,0,0,0.1910828025477707,0.35668789808917195,0.5923566878980892,0.8789808917197452,0.0,0.21769068237561784,season-matched placebo,0.5476190476190477,0.018100812842176683,3.3815168910327684
2018-09-26,0.0,london,"London, United Kingdom",temperate maritime,2,30.49999999999999,9,2018,0–2,47.54533333333333,27.251647633126485,-0.6254790008591415,0.6254790008591415,0,0,1,1,0,0,0,1,0,0,0,1,0.40797546012269936,0.6993865030674846,0.8865030674846626,0.9570552147239264,1.0,0.0,high prospective hazard,0.7674418604651163,0.0,2.865474900407359
2018-09-28,0.0,tucson,"Tucson, United States",hot semi-arid / monsoonal,7,54.900000000000006,9,2018,6–9,30.822000000000013,23.461200506695302,1.0262901931692996,0.0,0,1,1,1,0,1,1,1,0,0,0,1,0.040983606557377046,0.16393442622950818,0.48360655737704916,0.7295081967213115,6.0,0.0,dry-spell threshold,0.39,0.0,3.0
2018-09-29,0.0,brasilia,"Brasília, Brazil",tropical savanna,7,21.1,9,2018,6–9,19.803000000000004,23.575053826836342,0.05501578106784956,0.0,0,1,1,1,0,1,1,1,0,0,0,0,0.22413793103448276,0.39655172413793105,0.7758620689655172,0.8793103448275862,6.0,0.0,dry-spell threshold,0.4489795918367347,0.0,3.0
2018-10-01,0.2,cape_town,"Cape Town, South Africa",Mediterranean winter-rainfall,2,56.3,10,2018,0–2,35.513225806451615,24.33572772403693,0.8541669445543982,0.0,0,0,0,1,0,0,0,1,0,0,0,0,0.15767634854771784,0.3651452282157676,0.6846473029045643,0.8713692946058091,1.0,0.0,season-matched placebo,0.5619047619047619,0.0,3.0
2018-10-01,0.0,london,"London, United Kingdom",temperate maritime,7,25.69999999999999,10,2018,6–9,55.27048387096774,29.11101390576616,-1.0157833721178149,1.0157833721178149,1,1,1,1,0,0,1,1,0,0,1,1,0.21568627450980393,0.39215686274509803,0.6666666666666666,0.9215686274509803,6.0,0.7869371284275996,30-day deficit threshold,0.9393939393939394,0.1480293241792906,6.641862283866333
2018-10-01,0.0,london,"London, United Kingdom",temperate maritime,7,25.69999999999999,10,2018,6–9,55.27048387096774,29.11101390576616,-1.0157833721178149,1.0157833721178149,1,1,1,1,0,0,1,1,0,0,1,1,0.21568627450980393,0.39215686274509803,0.6666666666666666,0.9215686274509803,6.0,0.7869371284275996,dry-spell threshold,0.7954545454545454,0.0040899302398965665,2.7792255556014123
2018-10-01,0.0,nairobi,"Nairobi, Kenya",subtropical highland / bimodal rainfall,2,8.4,10,2018,0–2,16.683064516129033,14.609320070417443,-0.5669712537068369,0.5669712537068369,0,1,1,1,0,0,1,1,0,0,0,0,0.42066420664206644,0.6937269372693727,0.8523985239852399,0.9520295202952029,1.0,0.5900116622933087,high prospective hazard,0.875,0.24668105206594815,8.985613727279148
2018-10-02,0.0,darwin,"Darwin, Australia",tropical savanna / monsoon,7,7.1,10,2018,6–9,39.53387096774193,41.73645038000453,-0.7771113899825233,0.7771113899825233,0,1,1,1,0,0,0,1,0,0,0,1,0.24675324675324675,0.5194805194805194,0.7532467532467533,0.935064935064935,6.0,0.7771113899825233,dry-spell threshold,0.55,0.020481765223129056,3.327652285517958
2018-10-02,1.1,mumbai,"Mumbai, India",tropical monsoon,7,60.800000000000004,10,2018,6–9,146.12016129032259,126.6642379396545,-0.6735931362960624,0.6735931362960624,1,1,1,1,1,1,1,1,1,1,1,1,0.09574468085106383,0.22340425531914893,0.2765957446808511,0.3404255319148936,6.0,0.6088550528923897,dry-spell threshold,0.30434782608695654,0.0,2.845092331488648
2018-10-06,0.0,cape_town,"Cape Town, South Africa",Mediterranean winter-rainfall,7,33.599999999999994,10,2018,6–9,35.513225806451615,24.33572772403693,-0.07861798209395177,0.07861798209395177,0,0,0,1,0,0,0,1,0,0,0,0,0.20202020202020202,0.3838383838383838,0.6262626262626263,0.8080808080808081,6.0,0.0,dry-spell threshold,0.6470588235294118,0.028298472783196638,3.585557755631143
2018-10-06,6.0,london,"London, United Kingdom",temperate maritime,12,25.59999999999999,10,2018,10–19,55.27048387096774,29.11101390576616,-1.019218498091912,1.019218498091912,0,0,1,1,0,0,1,1,0,0,0,1,0.2,0.4909090909090909,0.8,0.9636363636363636,11.0,0.9986077422473292,30-day deficit threshold,0.9411764705882353,0.14981185537358643,6.689282905232182
2018-10-06,0.0,nairobi,"Nairobi, Kenya",subtropical highland / bimodal rainfall,7,4.5,10,2018,6–9,16.683064516129033,14.609320070417443,-0.8339241290769336,0.8339241290769336,1,1,1,1,0,1,1,1,0,0,0,0,0.171875,0.375,0.65625,0.9375,6.0,0.8202342380323133,dry-spell threshold,0.5393258426966292,0.0,2.7689286551735486
2018-10-07,0.0,london,"London, United Kingdom",temperate maritime,0,30.89999999999999,10,2018,0–2,55.27048387096774,29.11101390576616,-0.8371568214647641,0.8371568214647641,0,0,1,1,0,0,1,1,0,0,1,1,0.38213399503722084,0.6799007444168734,0.8660049627791563,0.9578163771712159,12.0,1.019218498091912,high prospective hazard,0.7586206896551724,0.0,2.76727294002414
2018-10-09,0.0,darwin,"Darwin, Australia",tropical savanna / monsoon,14,7.3,10,2018,10–19,39.53387096774193,41.73645038000453,-0.7723194156248809,0.7723194156248809,0,1,1,1,0,0,1,1,0,0,1,1,0.1774193548387097,0.43548387096774194,0.7258064516129032,0.9193548387096774,13.0,0.7723194156248809,random drought day,0.20689655172413793,0.0,2.799611445663641
2018-10-09,1.2,nairobi,"Nairobi, Kenya",subtropical highland / bimodal rainfall,0,5.4,10,2018,0–2,16.683064516129033,14.609320070417443,-0.772319619376142,0.772319619376142,0,0,1,1,0,0,0,1,0,0,0,0,0.42066420664206644,0.6937269372693727,0.8523985239852399,0.9520295202952029,9.0,0.8681488566884845,high prospective hazard,0.8787878787878788,0.25046893085382693,9.279591127305016
2018-10-10,0.0,london,"London, United Kingdom",temperate maritime,3,29.79999999999999,10,2018,3–5,55.27048387096774,29.11101390576616,-0.8749432071798325,0.8749432071798325,1,1,1,1,1,1,1,1,0,0,1,1,0.3425925925925926,0.6203703703703703,0.7962962962962963,0.9537037037037037,2.0,0.8749432071798325,random drought day,0.7692307692307693,0.0,2.7475972690409014
2018-10-11,1.9,london,"London, United Kingdom",temperate maritime,4,29.79999999999999,10,2018,3–5,55.27048387096774,29.11101390576616,-0.8749432071798325,0.8749432071798325,1,1,1,1,0,1,1,1,0,1,1,1,0.3425925925925926,0.6203703703703703,0.7962962962962963,0.9537037037037037,3.0,0.8749432071798325,random drought day,0.7727272727272727,0.0,2.7475972690409014
2018-10-12,0.8,london,"London, United Kingdom",temperate maritime,0,31.399999999999988,10,2018,0–2,55.27048387096774,29.11101390576616,-0.8199811915942785,0.8199811915942785,1,1,1,1,0,1,1,1,0,1,1,1,0.38213399503722084,0.6799007444168734,0.8660049627791563,0.9578163771712159,4.0,0.8749432071798325,high prospective hazard,0.7613636363636364,0.0,2.776018865111866
2018-10-15,0.9,tucson,"Tucson, United States",hot semi-arid / monsoonal,0,79.70000000000002,10,2018,0–2,15.33870967741937,15.940629497249008,4.037562652948426,0.0,1,1,1,1,1,1,1,1,0,0,0,0,0.12149532710280374,0.24299065420560748,0.3925233644859813,0.5233644859813084,1.0,0.0,season-matched placebo,0.3333333333333333,0.0,3.0
2018-10-16,0.0,cape_town,"Cape Town, South Africa",Mediterranean winter-rainfall,0,30.799999999999994,10,2018,0–2,35.513225806451615,24.33572772403693,-0.19367515366291124,0.19367515366291124,0,0,0,1,0,0,0,1,0,0,0,0,0.15767634854771784,0.3651452282157676,0.6846473029045643,0.8713692946058091,16.0,0.2388761853507168,season-matched placebo,0.5566037735849056,0.0,2.9865568867935703
2018-10-16,0.0,london,"London, United Kingdom",temperate maritime,0,50.29999999999999,10,2018,0–2,55.27048387096774,29.11101390576616,-0.17074238248992143,0.17074238248992143,1,1,1,1,0,0,0,1,0,0,0,0,0.38213399503722084,0.6799007444168734,0.8660049627791563,0.9578163771712159,0.0,0.3390635552206806,season-matched placebo,0.7261904761904762,0.0,2.9895415214500978
2018-10-16,0.0,mumbai,"Mumbai, India",tropical monsoon,7,27.7,10,2018,6–9,146.12016129032259,126.6642379396545,-0.9349139363767415,0.9349139363767415,1,1,1,1,1,1,1,1,0,0,0,0,0.09574468085106383,0.22340425531914893,0.2765957446808511,0.3404255319148936,6.0,0.9167556934708332,dry-spell threshold,0.3333333333333333,0.004805643067946286,2.8428604297486144
2018-10-17,0.2,london,"London, United Kingdom",temperate maritime,1,50.19999999999999,10,2018,0–2,55.27048387096774,29.11101390576616,-0.1741775084640186,0.1741775084640186,0,0,0,1,0,0,0,1,0,0,0,0,0.38213399503722084,0.6799007444168734,0.8660049627791563,0.9578163771712159,0.0,0.17074238248992143,season-matched placebo,0.7176470588235294,0.0,2.989118006690508
2018-10-17,0.3,nairobi,"Nairobi, Kenya",subtropical highland / bimodal rainfall,7,7.0,10,2018,6–9,16.683064516129033,14.609320070417443,-0.6628004910191794,0.6628004910191794,1,1,1,1,1,1,1,1,0,0,0,1,0.171875,0.375,0.65625,0.9375,6.0,0.6628004910191794,dry-spell threshold,0.5444444444444444,0.0,2.8497699894727293
2018-10-22,7.2,brasilia,"Brasília, Brazil",tropical savanna,0,90.30000000000001,10,2018,0–2,80.51935483870969,62.708403403517686,0.1559702468958358,0.0,1,1,1,1,1,1,1,1,1,1,1,1,0.6385542168674698,0.7590361445783133,0.9060240963855422,0.9783132530120482,0.0,0.22356421273393892,season-matched placebo,0.7142857142857143,0.10189141051718853,5.03782821034377
2018-10-22,0.0,cape_town,"Cape Town, South Africa",Mediterranean winter-rainfall,6,12.399999999999995,10,2018,6–9,35.513225806451615,24.33572772403693,-0.9497651382589305,0.9497651382589305,0,0,1,1,0,0,1,1,0,0,0,0,0.20202020202020202,0.3838383838383838,0.6262626262626263,0.8080808080808081,5.0,0.9497651382589305,random drought day,0.5769230769230769,0.0,2.706979100144309
2018-10-22,0.0,mumbai,"Mumbai, India",tropical monsoon,3,18.200000000000003,10,2018,3–5,146.12016129032259,126.6642379396545,-1.0099153744663623,1.0099153744663623,0,0,0,1,0,0,0,0,0,0,0,0,0.12,0.24,0.44,0.49,2.0,0.9941255980264421,30-day deficit threshold,0.8518518518518519,0.5233241615864648,16.70683946247936
2018-10-23,0.0,cape_town,"Cape Town, South Africa",Mediterranean winter-rainfall,7,12.399999999999995,10,2018,6–9,35.513225806451615,24.33572772403693,-0.9497651382589305,0.9497651382589305,0,0,1,1,0,0,1,1,0,0,0,0,0.20202020202020202,0.3838383838383838,0.6262626262626263,0.8080808080808081,6.0,0.9497651382589305,dry-spell threshold,0.6416666666666667,0.02290631592045156,3.316665254804876
2018-10-23,0.0,london,"London, United Kingdom",temperate maritime,7,40.19999999999999,10,2018,6–9,55.27048387096774,29.11101390576616,-0.5176901058737313,0.5176901058737313,0,1,1,1,0,1,1,1,0,0,0,1,0.21568627450980393,0.39215686274509803,0.6666666666666666,0.9215686274509803,6.0,0.3115825474279037,dry-spell threshold,0.797752808988764,0.006388193774115147,3.0623486701173372
2018-10-24,0.9,darwin,"Darwin, Australia",tropical savanna / monsoon,0,54.300000000000004,10,2018,0–2,39.53387096774193,41.73645038000453,0.35379455842110524,0.0,1,1,1,1,1,1,1,1,1,1,1,1,0.48863636363636365,0.7215909090909091,0.8892045454545454,0.9715909090909091,0.0,0.0,season-matched placebo,0.5348837209302325,0.005365486153361521,3.1073097230672304
2018-10-24,0.0,london,"London, United Kingdom",temperate maritime,8,29.29999999999999,10,2018,6–9,55.27048387096774,29.11101390576616,-0.8921188370503181,0.8921188370503181,0,1,1,1,0,1,1,1,0,0,0,1,0.21568627450980393,0.39215686274509803,0.6666666666666666,0.9215686274509803,7.0,0.5176901058737313,random drought day,0.7761194029850746,0.0,2.7384627774430506
2018-10-26,0.0,cape_town,"Cape Town, South Africa",Mediterranean winter-rainfall,10,8.299999999999994,10,2018,10–19,35.513225806451615,24.33572772403693,-1.1182417109134783,1.1182417109134783,0,1,1,1,0,1,1,1,0,0,0,0,0.13043478260869565,0.29347826086956524,0.5,0.75,9.0,0.9497651382589305,30-day deficit threshold,0.8055555555555556,0.18679520480934042,7.673302833328246
2018-10-26,0.0,mumbai,"Mumbai, India",tropical monsoon,7,13.7,10,2018,6–9,146.12016129032259,126.6642379396545,-1.0454423714561827,1.0454423714561827,0,0,0,1,0,0,0,0,0,0,0,0,0.09574468085106383,0.22340425531914893,0.2765957446808511,0.3404255319148936,6.0,1.0438633938121906,dry-spell threshold,0.36,0.03147230973461296,3.499497999444643
2018-10-27,1.3,london,"London, United Kingdom",temperate maritime,0,30.599999999999987,10,2018,0–2,55.27048387096774,29.11101390576616,-0.8474621993870556,0.8474621993870556,0,0,1,1,0,0,1,1,0,0,1,1,0.38213399503722084,0.6799007444168734,0.8660049627791563,0.9578163771712159,10.0,0.8921188370503181,high prospective hazard,0.7640449438202247,0.0,2.761965368694895
2018-10-28,1.1,nairobi,"Nairobi, Kenya",subtropical highland / bimodal rainfall,0,36.6,10,2018,0–2,16.683064516129033,14.609320070417443,1.3633033835846315,0.0,1,1,1,1,0,0,1,1,0,0,0,0,0.42066420664206644,0.6937269372693727,0.8523985239852399,0.9520295202952029,0.0,0.0,season-matched placebo,0.5432098765432098,0.0,3.0
2018-10-28,4.1,tokyo,"Tokyo, Japan",humid subtropical,0,96.00000000000006,10,2018,0–2,213.705,122.12749392753865,-0.9637878925922883,0.9637878925922883,0,0,1,1,0,0,1,1,0,0,1,1,0.3720430107526882,0.7118279569892473,0.9354838709677419,0.989247311827957,0.0,0.949049196643381,random drought day,0.9166666666666666,0.032917251346982646,3.5768938432856077
2018-10-30,4.1,brasilia,"Brasília, Brazil",tropical savanna,0,142.5,10,2018,0–2,80.51935483870969,62.708403403517686,0.9883945659157614,0.0,1,1,1,1,1,1,1,1,0,0,1,1,0.6385542168674698,0.7590361445783133,0.9060240963855422,0.9783132530120482,2.0,0.0,season-matched placebo,0.7209302325581395,0.10853592878961371,5.170718575792274
2018-10-30,0.5,nairobi,"Nairobi, Kenya",subtropical highland / bimodal rainfall,1,37.1,10,2018,0–2,16.683064516129033,14.609320070417443,1.3975281111961826,0.0,1,1,1,1,0,1,1,1,0,0,0,0,0.42066420664206644,0.6937269372693727,0.8523985239852399,0.9520295202952029,0.0,0.0,season-matched placebo,0.5487804878048781,0.0,3.0
2018-10-30,0.0,tokyo,"Tokyo, Japan",humid subtropical,1,84.10000000000007,10,2018,0–2,213.705,122.12749392753865,-1.0612270491433968,1.0612270491433968,0,0,1,1,0,0,1,1,0,0,1,1,0.3720430107526882,0.7118279569892473,0.9354838709677419,0.989247311827957,0.0,0.932672867811262,30-day deficit threshold,0.8867924528301887,0.0030430375105047203,2.724899533033624
2018-10-31,0.0,tucson,"Tucson, United States",hot semi-arid / monsoonal,7,37.10000000000001,10,2018,6–9,15.33870967741937,15.940629497249008,1.3651462338006253,0.0,0,0,0,0,0,0,0,0,0,0,0,0,0.05813953488372093,0.12790697674418605,0.29069767441860467,0.38372093023255816,6.0,0.0,dry-spell threshold,0.39603960396039606,0.0,3.0
2018-11-01,0.5,darwin,"Darwin, Australia",tropical savanna / monsoon,3,65.9,11,2018,3–5,124.88149999999999,77.89839455474686,-0.7571593784073161,0.7571593784073161,1,1,1,1,0,0,1,1,0,0,1,1,0.4444444444444444,0.8888888888888888,1.0,1.0,2.0,0.0,high prospective hazard,0.975,0.445481765223129,14.298948415980938
2018-11-01,1.7,nairobi,"Nairobi, Kenya",subtropical highland / bimodal rainfall,3,37.7,11,2018,3–5,63.99816666666667,38.63788369894818,-0.6806316534200493,0.6806316534200493,1,1,1,1,0,1,1,1,0,0,0,0,0.36231884057971014,0.7971014492753623,0.9130434782608695,1.0,2.0,0.0,high prospective hazard,0.8529411764705882,0.22462222853653635,8.546201526917107
2018-11-02,0.0,london,"London, United Kingdom",temperate maritime,0,40.39999999999999,11,2018,0–2,59.218666666666664,29.995154615196395,-0.6273902204568935,0.6273902204568935,0,1,1,1,0,0,1,1,0,0,1,1,0.39690721649484534,0.7371134020618557,0.8969072164948454,0.961340206185567,4.0,0.8840983487790247,high prospective hazard,0.7666666666666667,0.0,2.864688669050503
2018-11-05,7.5,darwin,"Darwin, Australia",tropical savanna / monsoon,7,67.50000000000001,11,2018,6–9,124.88149999999999,77.89839455474686,-0.7366198023461492,0.7366198023461492,1,1,1,1,1,1,1,1,0,1,1,1,0.7083333333333334,0.915,0.995,1.0,6.0,0.7391872493537951,dry-spell threshold,0.5365853658536586,0.007067131076787581,2.998179878226454
2018-11-08,0.0,london,"London, United Kingdom",temperate maritime,0,42.999999999999986,11,2018,0–2,59.218666666666664,29.995154615196395,-0.5407095537507195,0.5407095537507195,1,1,1,1,1,1,1,1,0,1,1,1,0.39690721649484534,0.7371134020618557,0.8969072164948454,0.961340206185567,5.0,0.8007515538692419,high prospective hazard,0.7692307692307693,0.0,2.8983154470007086
2018-11-08,0.0,mumbai,"Mumbai, India",tropical monsoon,20,3.0,11,2018,20+,20.42516666666667,27.409647899395537,-0.635731138562015,0.635731138562015,0,0,0,0,0,0,0,0,0,0,0,0,0.03216374269005848,0.05555555555555555,0.09941520467836257,0.14912280701754385,19.0,0.5810058824950417,random drought day,0.4166666666666667,0.08813897640127966,5.076885182659383
2018-11-10,3.0,darwin,"Darwin, Australia",tropical savanna / monsoon,0,121.30000000000001,11,2018,0–2,124.88149999999999,77.89839455474686,-0.04597655728941763,0.04597655728941763,1,1,1,1,1,1,1,1,1,1,1,1,0.7279411764705882,0.9136029411764706,0.9944852941176471,1.0,0.0,0.3848795622986689,season-matched placebo,0.5454545454545454,0.015936310677674426,3.325209703684074
2018-11-12,0.0,cape_town,"Cape Town, South Africa",Mediterranean winter-rainfall,7,12.299999999999994,11,2018,6–9,30.023833333333332,22.611931534444818,-0.7838265964291716,0.7838265964291716,0,0,0,1,0,0,0,1,0,0,0,0,0.20161290322580644,0.43548387096774194,0.6290322580645161,0.7258064516129032,6.0,0.7838265964291716,dry-spell threshold,0.6446280991735537,0.02586774842733852,3.4646762097920347
2018-11-12,1.3,nairobi,"Nairobi, Kenya",subtropical highland / bimodal rainfall,0,40.8,11,2018,0–2,63.99816666666667,38.63788369894818,-0.6003995158590476,0.6003995158590476,1,1,1,1,0,0,1,1,0,0,0,1,0.6334012219959266,0.8431771894093686,0.9755600814663951,0.9877800407331976,1.0,0.6314571174955643,random drought day,0.639344262295082,0.011025314361030158,3.1504226574148024
2018-11-13,0.3,nairobi,"Nairobi, Kenya",subtropical highland / bimodal rainfall,0,41.7,11,2018,0–2,63.99816666666667,38.63788369894818,-0.5771063146316597,0.5771063146316597,1,1,1,1,0,0,1,1,0,0,1,1,0.6334012219959266,0.8431771894093686,0.9755600814663951,0.9877800407331976,0.0,0.6003995158590476,random drought day,0.6451612903225806,0.016842342388528775,3.302073718027781
2018-11-18,0.0,london,"London, United Kingdom",temperate maritime,7,34.89999999999999,11,2018,6–9,59.218666666666664,29.995154615196395,-0.8107531692584158,0.8107531692584158,1,1,1,1,1,1,1,1,0,0,0,1,0.18181818181818182,0.41818181818181815,0.7818181818181819,0.9272727272727272,6.0,0.8107531692584158,dry-spell threshold,0.8,0.008635384785351197,3.005639095685594
2018-11-20,3.8,london,"London, United Kingdom",temperate maritime,0,36.49999999999999,11,2018,0–2,59.218666666666664,29.995154615196395,-0.7574112205161547,0.7574112205161547,1,1,1,1,0,0,1,1,0,0,1,1,0.39690721649484534,0.7371134020618557,0.8969072164948454,0.961340206185567,8.0,0.8107531692584158,high prospective hazard,0.7717391304347826,0.0,2.806779579281243
2018-11-23,0.0,london,"London, United Kingdom",temperate maritime,2,40.699999999999996,11,2018,0–2,59.218666666666664,29.995154615196395,-0.6173886050677194,0.6173886050677194,1,1,1,1,1,1,1,1,0,0,1,1,0.39690721649484534,0.7371134020618557,0.8969072164948454,0.961340206185567,1.0,0.6173886050677194,random drought day,0.7794117647058824,0.0,2.8687812492344076
2018-11-25,0.1,london,"London, United Kingdom",temperate maritime,0,44.199999999999996,11,2018,0–2,59.218666666666664,29.995154615196395,-0.5007030921940234,0.5007030921940234,0,1,1,1,0,1,1,1,0,1,1,1,0.39690721649484534,0.7371134020618557,0.8969072164948454,0.961340206185567,3.0,0.6173886050677194,high prospective hazard,0.7741935483870968,0.0,2.9123826275889657
2018-11-25,2.4,nairobi,"Nairobi, Kenya",subtropical highland / bimodal rainfall,1,33.7,11,2018,0–2,63.99816666666667,38.63788369894818,-0.7841569922084387,0.7841569922084387,1,1,1,1,1,1,1,1,1,1,1,1,0.6334012219959266,0.8431771894093686,0.9755600814663951,0.9877800407331976,0.0,0.4244064399187854,high prospective hazard,0.8571428571428571,0.22882390920880524,8.72687586032201
2018-11-26,0.0,tucson,"Tucson, United States",hot semi-arid / monsoonal,33,0.0,11,2018,20+,15.756500000000011,21.924639277056514,-0.7186663279102942,0.7186663279102942,0,0,1,1,0,0,1,1,0,0,1,1,0.05263157894736842,0.12440191387559808,0.22966507177033493,0.3014354066985646,32.0,0.7186663279102942,random drought day,0.3275862068965517,0.0,2.8249179289724022
2018-11-30,0.0,cape_town,"Cape Town, South Africa",Mediterranean winter-rainfall,2,6.699999999999994,11,2018,0–2,30.023833333333332,22.611931534444818,-1.031483458093975,1.031483458093975,1,1,1,1,0,1,1,1,0,0,1,1,0.1683673469387755,0.34183673469387754,0.5408163265306123,0.8214285714285714,1.0,0.8811203635117729,30-day deficit threshold,0.8108108108108109,0.1920504600645957,7.82315660475533
2018-11-30,0.0,london,"London, United Kingdom",temperate maritime,0,54.099999999999994,11,2018,0–2,59.218666666666664,29.995154615196395,-0.17064978435128347,0.17064978435128347,1,1,1,1,1,1,1,1,1,1,1,1,0.39690721649484534,0.7371134020618557,0.8969072164948454,0.961340206185567,0.0,0.2906691690213708,season-matched placebo,0.7093023255813954,0.0,2.9895528227037165
2018-12-01,5.9,brasilia,"Brasília, Brazil",tropical savanna,0,201.7,12,2018,0–2,239.62129032258068,67.26353902146869,-0.5637718572981604,0.5637718572981604,1,1,1,1,1,1,1,1,1,1,1,1,0.8259325044404974,0.9325044404973357,0.9911190053285968,1.0,2.0,0.0,high prospective hazard,0.8936170212765957,0.28122271750806993,9.834803153553905
2018-12-01,0.0,tucson,"Tucson, United States",hot semi-arid / monsoonal,0,6.100000000000007,12,2018,0–2,25.111129032258077,25.327839224007104,-0.7506020890340415,0.7506020890340415,1,1,1,1,0,0,1,1,0,0,0,0,0.16666666666666666,0.3563218390804598,0.6379310344827587,0.7873563218390804,37.0,0.7186663279102942,high prospective hazard,0.4642857142857143,0.043353951590901496,3.9269966604363793
2018-12-05,7.2,brasilia,"Brasília, Brazil",tropical savanna,0,247.1,12,2018,0–2,239.62129032258068,67.26353902146869,0.11118519462724548,0.0,1,1,1,1,1,1,1,1,0,1,1,1,0.8259325044404974,0.9325044404973357,0.9911190053285968,1.0,0.0,0.19655954050173893,season-matched placebo,0.7272727272727273,0.11487842350420152,5.29756847008403
2018-12-06,0.1,darwin,"Darwin, Australia",tropical savanna / monsoon,0,184.29999999999998,12,2018,0–2,235.83209677419353,95.03366235738179,-0.5422509823982467,0.5422509823982467,0,1,1,1,0,1,1,1,0,0,0,0,0.8347826086956521,0.9652173913043478,0.9982608695652174,1.0,0.0,0.47911545914085063,high prospective hazard,0.975609756097561,0.44609152132068997,13.852007215322452
2018-12-08,0.3,tucson,"Tucson, United States",hot semi-arid / monsoonal,0,9.800000000000006,12,2018,0–2,25.111129032258077,25.327839224007104,-0.6045177757503036,0.6045177757503036,0,0,0,1,0,0,0,0,0,0,0,0,0.16666666666666666,0.3563218390804598,0.6379310344827587,0.7873563218390804,6.0,0.7387574149840088,high prospective hazard,0.4827586206896552,0.06182685799484239,4.416609874342861
2018-12-09,0.0,mumbai,"Mumbai, India",tropical monsoon,51,0.0,12,2018,20+,8.210322580645165,22.833093699906243,-0.3595799451687477,0.3595799451687477,0,0,0,0,0,0,0,0,0,0,0,0,0.004032258064516129,0.010080645161290322,0.020161290322580645,0.05443548387096774,50.0,0.3595799451687477,random drought day,0.4,0.071472309734613,4.6148436263650385
2018-12-10,0.0,london,"London, United Kingdom",temperate maritime,2,54.79999999999999,12,2018,0–2,58.340161290322584,25.556611744344465,-0.13852232548416799,0.13852232548416799,0,0,1,1,0,0,1,1,0,0,1,1,0.42592592592592593,0.6904761904761905,0.8571428571428571,0.9682539682539683,1.0,0.0,season-matched placebo,0.7126436781609196,0.0,2.993108033050183
2018-12-11,0.0,london,"London, United Kingdom",temperate maritime,3,44.999999999999986,12,2018,3–5,58.340161290322584,25.556611744344465,-0.5219847381871621,0.5219847381871621,0,0,1,1,0,0,1,1,0,0,1,1,0.25510204081632654,0.42857142857142855,0.6938775510204082,0.9489795918367347,2.0,0.13852232548416799,random drought day,0.782608695652174,0.0,2.9050170736360745
2018-12-12,0.0,darwin,"Darwin, Australia",tropical savanna / monsoon,2,128.29999999999998,12,2018,0–2,235.83209677419353,95.03366235738179,-1.131515866133943,1.131515866133943,1,1,1,1,0,0,1,1,0,0,0,1,0.8347826086956521,0.9652173913043478,0.9982608695652174,1.0,1.0,0.9926177149676716,30-day deficit threshold,0.8095238095238095,0.28000557474693855,10.201124560396444
2018-12-14,0.0,cape_town,"Cape Town, South Africa",Mediterranean winter-rainfall,1,21.399999999999995,12,2018,0–2,15.709032258064516,12.469926953350525,0.4563753872196005,0.0,0,0,1,1,0,0,1,1,0,0,0,0,0.0851063829787234,0.23404255319148937,0.44680851063829785,0.6666666666666666,0.0,0.0,season-matched placebo,0.5514018691588785,0.0,3.0
2018-12-15,8.0,london,"London, United Kingdom",temperate maritime,7,44.399999999999984,12,2018,6–9,58.340161290322584,25.556611744344465,-0.5454620287608148,0.5454620287608148,1,1,1,1,1,1,1,1,0,1,1,1,0.16176470588235295,0.47058823529411764,0.7794117647058824,0.9705882352941176,6.0,0.5454620287608148,dry-spell threshold,0.8021978021978022,0.010833186983153387,3.162830666214081
2018-12-15,0.0,tucson,"Tucson, United States",hot semi-arid / monsoonal,7,10.100000000000007,12,2018,6–9,25.111129032258077,25.327839224007104,-0.5926731017002708,0.5926731017002708,0,1,1,1,0,0,0,1,0,0,0,1,0.189873417721519,0.3291139240506329,0.45569620253164556,0.569620253164557,6.0,0.5926731017002708,dry-spell threshold,0.39215686274509803,0.0,2.878660519214836
2018-12-17,0.0,brasilia,"Brasília, Brazil",tropical savanna,3,193.9,12,2018,3–5,239.62129032258068,67.26353902146869,-0.6797336415496615,0.6797336415496615,0,1,1,1,0,0,1,1,0,0,1,1,0.6296296296296297,0.8148148148148148,0.8518518518518519,1.0,2.0,0.3719889064206767,random drought day,0.4523809523809524,0.0,2.8424042094808724
2018-12-17,0.4,darwin,"Darwin, Australia",tropical savanna / monsoon,7,99.0,12,2018,6–9,235.83209677419353,95.03366235738179,-1.4398276713742268,1.4398276713742268,1,1,1,1,1,1,1,1,0,0,1,1,0.8217821782178217,0.9620462046204621,0.9983498349834984,1.0,6.0,1.3956328050940496,dry-spell threshold,0.5476190476190477,0.018100812842176683,2.9009582796282967
2018-12-17,0.0,nairobi,"Nairobi, Kenya",subtropical highland / bimodal rainfall,1,76.2,12,2018,0–2,57.59387096774193,34.13512578169223,0.5450728130094409,0.0,1,1,1,1,0,1,1,1,0,0,0,0,0.38292011019283745,0.6060606060606061,0.8126721763085399,0.9090909090909091,0.0,0.0,season-matched placebo,0.5542168674698795,0.0,3.0
2018-12-20,0.2,brasilia,"Brasília, Brazil",tropical savanna,6,171.8,12,2018,6–9,239.62129032258068,67.26353902146869,-1.008292030262249,1.008292030262249,0,1,1,1,0,1,1,1,0,0,1,1,0.8052805280528053,0.9191419141914191,0.9851485148514851,1.0,5.0,0.9830183080535885,30-day deficit threshold,0.6470588235294118,0.034664519760886026,3.6032227924684768
2018-12-20,0.2,brasilia,"Brasília, Brazil",tropical savanna,6,171.8,12,2018,6–9,239.62129032258068,67.26353902146869,-1.008292030262249,1.008292030262249,0,1,1,1,0,1,1,1,0,0,1,1,0.8052805280528053,0.9191419141914191,0.9851485148514851,1.0,5.0,0.9830183080535885,high prospective hazard,0.8958333333333334,0.2834390295648076,10.273342967330727
2018-12-21,0.0,brasilia,"Brasília, Brazil",tropical savanna,7,158.3,12,2018,6–9,239.62129032258068,67.26353902146869,-1.2089951183898475,1.2089951183898475,1,1,1,1,1,1,1,1,0,1,1,1,0.8052805280528053,0.9191419141914191,0.9851485148514851,1.0,6.0,1.008292030262249,dry-spell threshold,0.46,0.0,2.5523219544242575
2018-12-22,0.0,london,"London, United Kingdom",temperate maritime,0,61.79999999999999,12,2018,0–2,58.340161290322584,25.556611744344465,0.13537939787511344,0.0,1,1,1,1,1,1,1,1,1,1,1,1,0.42592592592592593,0.6904761904761905,0.8571428571428571,0.9682539682539683,2.0,0.12287079843506624,season-matched placebo,0.7159090909090909,0.0,3.0
2018-12-23,0.7,brasilia,"Brasília, Brazil",tropical savanna,0,148.6,12,2018,0–2,239.62129032258068,67.26353902146869,-1.3532040039333817,1.3532040039333817,1,1,1,1,1,1,1,1,1,1,1,1,0.8259325044404974,0.9325044404973357,0.9911190053285968,1.0,8.0,1.2446756673903097,random drought day,0.46511627906976744,0.0,2.459541910554991
2018-12-23,0.0,tucson,"Tucson, United States",hot semi-arid / monsoonal,15,10.200000000000006,12,2018,10–19,25.111129032258077,25.327839224007104,-0.5887248770169266,0.5887248770169266,0,1,1,1,0,1,1,1,0,1,1,1,0.060240963855421686,0.1566265060240964,0.3493975903614458,0.5421686746987951,14.0,0.5887248770169266,random drought day,0.3389830508474576,0.0,2.880207455034461
2018-12-26,4.3,cape_town,"Cape Town, South Africa",Mediterranean winter-rainfall,7,23.099999999999994,12,2018,6–9,15.709032258064516,12.469926953350525,0.5927033710449772,0.0,1,1,1,1,1,1,1,1,0,0,0,0,0.1326530612244898,0.23469387755102042,0.40816326530612246,0.6224489795918368,6.0,0.0,dry-spell threshold,0.639344262295082,0.02058391154886685,3.411678230977337
2018-12-27,0.2,nairobi,"Nairobi, Kenya",subtropical highland / bimodal rainfall,7,52.8,12,2018,6–9,57.59387096774193,34.13512578169223,-0.14043806366499575,0.14043806366499575,1,1,1,1,0,1,1,1,0,0,0,0,0.234375,0.421875,0.546875,0.75,6.0,0.0,dry-spell threshold,0.5494505494505495,0.0,2.992916538823489
2018-12-29,0.0,tucson,"Tucson, United States",hot semi-arid / monsoonal,0,27.000000000000007,12,2018,0–2,25.111129032258077,25.327839224007104,0.07457686978491064,0.0,0,1,1,1,0,1,1,1,0,1,1,1,0.16666666666666666,0.3563218390804598,0.6379310344827587,0.7873563218390804,1.0,0.30840092449948353,season-matched placebo,0.3404255319148936,0.0,3.0
2018-12-30,0.0,london,"London, United Kingdom",temperate maritime,6,52.19999999999999,12,2018,6–9,58.340161290322584,25.556611744344465,-0.2402572513033297,0.2402572513033297,0,0,0,1,0,0,0,0,0,0,0,0,0.16176470588235295,0.47058823529411764,0.7794117647058824,0.9705882352941176,5.0,0.09939350786141349,random drought day,0.7857142857142857,0.0,2.9793624756827217
2018-12-30,0.0,tokyo,"Tokyo, Japan",humid subtropical,7,38.00000000000006,12,2018,6–9,77.44306451612907,50.27902436482055,-0.7844834901714344,0.7844834901714344,0,0,0,1,0,0,0,1,0,0,0,0,0.17708333333333334,0.3854166666666667,0.7083333333333334,0.9375,6.0,0.7546499757198388,dry-spell threshold,0.8831168831168831,0.0,2.7936869934051294
2018-12-30,0.0,tucson,"Tucson, United States",hot semi-arid / monsoonal,1,27.000000000000007,12,2018,0–2,25.111129032258077,25.327839224007104,0.07457686978491064,0.0,0,1,1,1,0,1,1,1,0,1,1,1,0.16666666666666666,0.3563218390804598,0.6379310344827587,0.7873563218390804,0.0,0.0,season-matched placebo,0.3473684210526316,0.0,3.0
2018-12-31,0.0,london,"London, United Kingdom",temperate maritime,7,52.19999999999999,12,2018,6–9,58.340161290322584,25.556611744344465,-0.2402572513033297,0.2402572513033297,0,0,1,1,0,0,0,0,0,0,0,0,0.16176470588235295,0.47058823529411764,0.7794117647058824,0.9705882352941176,6.0,0.2402572513033297,dry-spell threshold,0.8043478260869565,0.012983210872307693,3.2682189403427104
2019-01-01,0.0,nairobi,"Nairobi, Kenya",subtropical highland / bimodal rainfall,0,48.7,1,2019,0–2,38.80621848739496,39.3988033067764,0.2511188331170293,0.0,0,1,1,1,0,1,1,1,0,0,0,1,0.3453815261044177,0.5220883534136547,0.678714859437751,0.8112449799196787,1.0,0.25468987644406843,season-matched placebo,0.5595238095238095,0.0,3.0
2019-01-02,0.0,tokyo,"Tokyo, Japan",humid subtropical,10,36.800000000000054,1,2019,10–19,56.298487394958,37.50707562065987,-0.5198615747109241,0.5198615747109241,0,0,1,1,0,0,0,1,0,0,0,0,0.25757575757575757,0.6212121212121212,0.9545454545454546,0.9848484848484849,9.0,0.4878676114348586,random drought day,0.9180327868852459,0.03428337156556194,3.7425208357414856
2019-01-03,0.0,tucson,"Tucson, United States",hot semi-arid / monsoonal,1,30.300000000000008,1,2019,0–2,30.94554621848741,34.211305053009895,-0.018869383014975302,0.018869383014975302,0,1,1,1,0,1,1,1,0,1,1,1,0.18848167539267016,0.36649214659685864,0.6649214659685864,0.8272251308900523,0.0,0.021792393401309673,season-matched placebo,0.3541666666666667,0.0,2.999871826174879
2019-01-04,0.0,cape_town,"Cape Town, South Africa",Mediterranean winter-rainfall,7,23.599999999999994,1,2019,6–9,13.84655462184874,12.698939511184065,0.7680519597373711,0.0,0,0,1,1,0,0,1,1,0,0,1,1,0.1271186440677966,0.2796610169491525,0.3389830508474576,0.5677966101694916,6.0,0.0,dry-spell threshold,0.6422764227642277,0.023516072018012535,3.4703214403602507
2019-01-06,0.7,brasilia,"Brasília, Brazil",tropical savanna,0,107.79999999999998,1,2019,0–2,238.4326050420168,65.85281015382101,-1.9837058545699293,1.9837058545699293,0,0,1,1,0,0,1,1,0,0,1,1,0.8050089445438283,0.9159212880143113,0.9838998211091234,0.9964221824686941,3.0,2.0231878446919427,high prospective hazard,0.8979591836734694,0.2855648799049436,9.76495085342986
2019-01-09,0.0,tucson,"Tucson, United States",hot semi-arid / monsoonal,2,44.80000000000001,1,2019,0–2,30.94554621848741,34.211305053009895,0.40496712300350235,0.0,0,0,1,1,0,0,0,0,0,0,0,0,0.18848167539267016,0.36649214659685864,0.6649214659685864,0.8272251308900523,1.0,0.0,season-matched placebo,0.36082474226804123,0.0,3.0
2019-01-11,4.0,brasilia,"Brasília, Brazil",tropical savanna,0,77.8,1,2019,0–2,238.4326050420168,65.85281015382101,-2.4392672790547016,2.4392672790547016,1,1,1,1,1,1,1,1,1,1,1,1,0.8050089445438283,0.9159212880143113,0.9838998211091234,0.9964221824686941,4.0,2.459008274115708,high prospective hazard,0.9,0.28760569623147425,9.199275451396948
2019-01-11,0.0,tokyo,"Tokyo, Japan",humid subtropical,19,12.900000000000057,1,2019,10–19,56.298487394958,37.50707562065987,-1.1570746766258935,1.1570746766258935,1,1,1,1,1,1,1,1,0,0,0,0,0.25757575757575757,0.6212121212121212,0.9545454545454546,0.9848484848484849,18.0,0.8264703894398842,30-day deficit threshold,0.8888888888888888,0.005139473569204855,2.7245367178510453
2019-01-12,0.0,cape_town,"Cape Town, South Africa",Mediterranean winter-rainfall,0,15.299999999999992,1,2019,0–2,13.84655462184874,12.698939511184065,0.11445407522976145,0.0,0,0,1,1,0,0,1,1,0,0,0,0,0.1,0.23846153846153847,0.4461538461538462,0.5846153846153846,14.0,0.24778089690698588,season-matched placebo,0.5555555555555556,0.0,3.0
2019-01-12,0.0,nairobi,"Nairobi, Kenya",subtropical highland / bimodal rainfall,7,11.9,1,2019,6–9,38.80621848739496,39.3988033067764,-0.6829196886486961,0.6829196886486961,0,1,1,1,0,1,1,1,0,1,1,1,0.14130434782608695,0.2608695652173913,0.40217391304347827,0.5543478260869565,6.0,0.6448474662941149,dry-spell threshold,0.5543478260869565,0.0,2.8410018643165396
2019-01-12,0.0,tucson,"Tucson, United States",hot semi-arid / monsoonal,5,44.80000000000001,1,2019,3–5,30.94554621848741,34.211305053009895,0.40496712300350235,0.0,1,1,1,1,0,0,0,0,0,0,0,0,0.18811881188118812,0.43564356435643564,0.6534653465346535,0.8118811881188119,4.0,0.0,random drought day,0.35,0.0,3.0
2019-01-14,0.0,cape_town,"Cape Town, South Africa",Mediterranean winter-rainfall,2,15.299999999999992,1,2019,0–2,13.84655462184874,12.698939511184065,0.11445407522976145,0.0,0,1,1,1,0,0,1,1,0,0,0,0,0.1,0.23846153846153847,0.4461538461538462,0.5846153846153846,1.0,0.0,season-matched placebo,0.5596330275229358,0.0,3.0
2019-01-14,0.0,tucson,"Tucson, United States",hot semi-arid / monsoonal,7,45.00000000000001,1,2019,6–9,30.94554621848741,34.211305053009895,0.4108131437761709,0.0,0,0,0,0,0,0,0,0,0,0,0,0,0.225,0.3625,0.55,0.8,6.0,0.0,dry-spell threshold,0.3883495145631068,0.0,3.0
2019-01-15,0.0,london,"London, United Kingdom",temperate maritime,22,22.599999999999987,1,2019,20+,54.43781512605042,29.21881165985792,-1.089634154074466,1.089634154074466,1,1,1,1,1,1,1,1,0,0,1,1,0.3338709677419355,0.6161290322580645,0.8129032258064516,0.9629032258064516,21.0,0.8158379404183593,30-day deficit threshold,0.9428571428571428,0.151492527642494,6.722734469440678
2019-01-17,22.5,darwin,"Darwin, Australia",tropical savanna / monsoon,0,234.20000000000002,1,2019,0–2,372.3450420168067,155.95621003757034,-0.8857937877788074,0.8857937877788074,1,1,1,1,0,1,1,1,0,1,1,1,0.9016393442622951,0.9852459016393442,1.0,1.0,0.0,0.9633796690789816,random drought day,0.23333333333333334,0.0,2.7418401836511848
2019-01-17,0.4,london,"London, United Kingdom",temperate maritime,0,22.499999999999993,1,2019,0–2,54.43781512605042,29.21881165985792,-1.0930566067451672,1.0930566067451672,0,1,1,1,0,1,1,1,0,0,1,1,0.37755102040816324,0.6938775510204082,0.8596938775510204,0.9693877551020408,23.0,1.1683505655005966,high prospective hazard,0.776595744680851,0.0,2.623816296022165
2019-01-19,0.3,brasilia,"Brasília, Brazil",tropical savanna,6,84.8,1,2019,6–9,238.4326050420168,65.85281015382101,-2.332969613341588,2.332969613341588,0,0,1,1,0,0,1,1,0,0,1,1,0.7709677419354839,0.9032258064516129,0.9774193548387097,0.9967741935483871,5.0,2.3466364560761312,high prospective hazard,0.9019607843137255,0.28956648054519973,9.404481652030134
2019-01-20,0.0,brasilia,"Brasília, Brazil",tropical savanna,7,84.89999999999999,1,2019,6–9,238.4326050420168,65.85281015382101,-2.3314510752599724,2.3314510752599724,0,0,1,1,0,0,1,1,0,0,1,1,0.7709677419354839,0.9032258064516129,0.9774193548387097,0.9967741935483871,6.0,2.332969613341588,dry-spell threshold,0.47058823529411764,0.0,1.8156732246769118
2019-01-20,0.0,tokyo,"Tokyo, Japan",humid subtropical,7,7.8000000000000576,1,2019,6–9,56.298487394958,37.50707562065987,-1.2930490205491714,1.2930490205491714,0,0,0,1,0,0,0,1,0,0,0,1,0.21568627450980393,0.46078431372549017,0.7941176470588235,0.9803921568627451,6.0,1.2930490205491714,dry-spell threshold,0.8717948717948718,0.0,2.4986734285712924
2019-01-21,0.0,cape_town,"Cape Town, South Africa",Mediterranean winter-rainfall,2,15.199999999999992,1,2019,0–2,13.84655462184874,12.698939511184065,0.10657940192244088,0.0,0,0,0,1,0,0,0,1,0,0,0,0,0.1,0.23846153846153847,0.4461538461538462,0.5846153846153846,1.0,0.0,season-matched placebo,0.5636363636363636,0.0,3.0
2019-01-22,0.0,tokyo,"Tokyo, Japan",humid subtropical,9,4.1000000000000565,1,2019,6–9,56.298487394958,37.50707562065987,-1.3916970739837062,1.3916970739837062,0,0,0,1,0,0,0,1,0,0,0,1,0.21568627450980393,0.46078431372549017,0.7941176470588235,0.9803921568627451,8.0,1.2930490205491714,random drought day,0.9032258064516129,0.019476391131928894,2.970241212187178
2019-01-25,0.0,nairobi,"Nairobi, Kenya",subtropical highland / bimodal rainfall,7,22.099999999999998,1,2019,6–9,38.80621848739496,39.3988033067764,-0.424028576637544,0.424028576637544,1,1,1,1,0,0,0,0,0,0,0,0,0.14130434782608695,0.2608695652173913,0.40217391304347827,0.5543478260869565,6.0,0.424028576637544,dry-spell threshold,0.5591397849462365,0.0,2.936638994659039
2019-01-26,0.0,cape_town,"Cape Town, South Africa",Mediterranean winter-rainfall,7,10.899999999999993,1,2019,6–9,13.84655462184874,12.698939511184065,-0.23203155029234462,0.23203155029234462,0,0,1,1,0,0,1,1,0,0,0,0,0.1271186440677966,0.2796610169491525,0.3389830508474576,0.5677966101694916,6.0,0.0,dry-spell threshold,0.6451612903225806,0.026400939576365468,3.566237137885863
2019-01-27,2.3,london,"London, United Kingdom",temperate maritime,0,14.899999999999991,1,2019,0–2,54.43781512605042,29.21881165985792,-1.3531630097184686,1.3531630097184686,0,1,1,1,0,1,1,1,0,1,1,1,0.37755102040816324,0.6938775510204082,0.8596938775510204,0.9693877551020408,3.0,1.428456968473898,high prospective hazard,0.7789473684210526,0.0,2.459568756732124
2019-01-29,0.0,brasilia,"Brasília, Brazil",tropical savanna,1,68.60000000000001,1,2019,0–2,238.4326050420168,65.85281015382101,-2.578972782563365,2.578972782563365,0,0,1,1,0,0,1,1,0,0,1,1,0.8050089445438283,0.9159212880143113,0.9838998211091234,0.9964221824686941,0.0,2.431674588646622,random drought day,0.4772727272727273,0.0,1.6683980248569483
2019-01-30,0.0,tokyo,"Tokyo, Japan",humid subtropical,17,3.200000000000057,1,2019,10–19,56.298487394958,37.50707562065987,-1.4156925464407553,1.4156925464407553,1,1,1,1,1,1,1,1,1,1,1,1,0.25757575757575757,0.6212121212121212,0.9545454545454546,0.9848484848484849,16.0,1.4156925464407553,random drought day,0.8888888888888888,0.005139473569204855,2.559889452062903
2019-02-01,0.0,brasilia,"Brasília, Brazil",tropical savanna,4,54.4,2,2019,3–5,233.41380530973456,101.62431886591932,-1.7615252658757896,1.7615252658757896,0,1,1,1,0,1,1,1,0,1,1,1,0.5208333333333334,0.8541666666666666,1.0,1.0,3.0,2.7733456570102013,high prospective hazard,0.9038461538461539,0.2914518500776281,10.17449507818645
2019-02-02,0.0,tokyo,"Tokyo, Japan",humid subtropical,1,15.500000000000057,2,2019,0–2,65.73982300884958,35.926938123744165,-1.39838866412181,1.39838866412181,1,1,1,1,0,1,1,1,0,0,1,1,0.2696245733788396,0.5358361774744027,0.8805460750853242,1.0,0.0,1.39838866412181,random drought day,0.890625,0.006875584680316016,2.619070808351653
2019-02-04,7.0,brasilia,"Brasília, Brazil",tropical savanna,7,54.3,2,2019,6–9,233.41380530973456,101.62431886591932,-1.7625092823111859,1.7625092823111859,1,1,1,1,1,1,1,1,1,1,1,1,0.7539823008849558,0.8973451327433628,0.9964601769911504,1.0,6.0,1.7625092823111859,dry-spell threshold,0.4807692307692308,0.0,2.1853581816664382
2019-02-04,0.0,cape_town,"Cape Town, South Africa",Mediterranean winter-rainfall,0,11.999999999999993,2,2019,0–2,11.802123893805309,12.848555776895664,0.015400649662937674,0.0,0,0,0,0,0,0,0,0,0,0,0,0,0.06140350877192982,0.15789473684210525,0.42105263157894735,0.6578947368421053,0.0,0.0624291093671165,season-matched placebo,0.5585585585585585,0.0,3.0
2019-02-08,1.2,tokyo,"Tokyo, Japan",humid subtropical,1,29.10000000000006,2,2019,0–2,65.73982300884958,35.926938123744165,-1.019842628465859,1.019842628465859,1,1,1,1,1,1,1,1,1,1,1,1,0.2696245733788396,0.5358361774744027,0.8805460750853242,1.0,0.0,0.9975752146037443,30-day deficit threshold,0.8909090909090909,0.007159675589406889,2.8593384010468696
2019-02-11,0.0,cape_town,"Cape Town, South Africa",Mediterranean winter-rainfall,7,5.699999999999993,2,2019,6–9,11.802123893805309,12.848555776895664,-0.47492683222640364,0.47492683222640364,0,0,0,0,0,0,0,0,0,0,0,0,0.06329113924050633,0.17721518987341772,0.35443037974683544,0.5063291139240507,6.0,0.0,dry-spell threshold,0.648,0.02923964925378486,3.6255289669170265
2019-02-13,8.6,darwin,"Darwin, Australia",tropical savanna / monsoon,2,329.1,2,2019,0–2,399.70690265486724,117.59011199112142,-0.6004493189036026,0.6004493189036026,1,1,1,1,0,1,1,1,0,1,1,1,0.9537366548042705,0.994661921708185,1.0,1.0,1.0,0.3844447623136932,high prospective hazard,0.9761904761904762,0.4466722414136052,14.009373549441309
2019-02-13,0.0,tucson,"Tucson, United States",hot semi-arid / monsoonal,6,23.000000000000007,2,2019,6–9,30.121769911504437,27.801130207843915,-0.25616835928112974,0.25616835928112974,1,1,1,1,1,1,1,1,0,1,1,1,0.17582417582417584,0.3626373626373626,0.6153846153846154,0.8351648351648352,5.0,0.2489744071466381,random drought day,0.3442622950819672,0.0,2.976560575485156
2019-02-14,4.4,tucson,"Tucson, United States",hot semi-arid / monsoonal,7,23.000000000000007,2,2019,6–9,30.121769911504437,27.801130207843915,-0.25616835928112974,0.25616835928112974,1,1,1,1,1,1,1,1,1,1,1,1,0.17582417582417584,0.3626373626373626,0.6153846153846154,0.8351648351648352,6.0,0.25616835928112974,dry-spell threshold,0.38461538461538464,0.0,2.976560575485156
2019-02-16,13.9,darwin,"Darwin, Australia",tropical savanna / monsoon,0,281.3,2,2019,0–2,399.70690265486724,117.59011199112142,-1.0069460828798893,1.0069460828798893,1,1,1,1,1,1,1,1,1,1,1,1,0.9537366548042705,0.994661921708185,1.0,1.0,1.0,0.9108495675465831,30-day deficit threshold,0.8181818181818182,0.28866358340494724,10.412981215907937
2019-02-17,0.0,cape_town,"Cape Town, South Africa",Mediterranean winter-rainfall,13,5.299999999999993,2,2019,10–19,11.802123893805309,12.848555776895664,-0.5060587358384253,0.5060587358384253,0,0,0,1,0,0,0,1,0,0,0,0,0.0916030534351145,0.17557251908396945,0.32061068702290074,0.6335877862595419,12.0,0.47492683222640364,random drought day,0.5822784810126582,0.0,2.910554432400441
2019-02-17,0.0,tucson,"Tucson, United States",hot semi-arid / monsoonal,1,39.900000000000006,2,2019,0–2,30.121769911504437,27.801130207843915,0.3517205960834176,0.0,1,1,1,1,1,1,1,1,0,0,1,1,0.22099447513812154,0.43646408839779005,0.6077348066298343,0.856353591160221,0.0,0.0,season-matched placebo,0.35714285714285715,0.0,3.0
2019-02-18,1.7,london,"London, United Kingdom",temperate maritime,7,59.29999999999999,2,2019,6–9,45.498407079646014,27.221080971026016,0.5070185469505903,0.0,0,0,0,1,0,0,0,1,0,0,0,0,0.0847457627118644,0.2542372881355932,0.6779661016949152,0.9830508474576272,6.0,0.0,dry-spell threshold,0.7956989247311828,0.004334309516533907,3.086686190330678
2019-02-19,0.0,london,"London, United Kingdom",temperate maritime,0,59.69999999999999,2,2019,0–2,45.498407079646014,27.221080971026016,0.5217130405464089,0.0,0,0,0,1,0,0,0,1,0,0,0,0,0.39143730886850153,0.6972477064220184,0.8746177370030581,0.944954128440367,7.0,0.0,season-matched placebo,0.7191011235955056,0.0,3.0
2019-02-20,0.0,london,"London, United Kingdom",temperate maritime,1,59.69999999999999,2,2019,0–2,45.498407079646014,27.221080971026016,0.5217130405464089,0.0,0,0,0,1,0,0,0,1,0,0,0,1,0.39143730886850153,0.6972477064220184,0.8746177370030581,0.944954128440367,0.0,0.0,season-matched placebo,0.7111111111111111,0.0,3.0
2019-02-20,0.0,tucson,"Tucson, United States",hot semi-arid / monsoonal,1,41.900000000000006,2,2019,0–2,30.121769911504437,27.801130207843915,0.4236601174283344,0.0,1,1,1,1,1,1,1,1,0,1,1,1,0.22099447513812154,0.43646408839779005,0.6077348066298343,0.856353591160221,0.0,0.0,season-matched placebo,0.36363636363636365,0.0,3.0
2019-02-26,0.0,london,"London, United Kingdom",temperate maritime,7,49.69999999999999,2,2019,6–9,45.498407079646014,27.221080971026016,0.15435070065094508,0.0,0,1,1,1,0,1,1,1,0,0,0,1,0.0847457627118644,0.2542372881355932,0.6779661016949152,0.9830508474576272,6.0,0.0,dry-spell threshold,0.7872340425531915,0.0,3.0
2019-03-01,0.0,nairobi,"Nairobi, Kenya",subtropical highland / bimodal rainfall,5,11.3,3,2019,3–5,34.05548387096774,29.879996154646307,-0.7615624765543783,0.7615624765543783,0,1,1,1,0,0,0,0,0,0,0,0,0.23711340206185566,0.5360824742268041,0.8350515463917526,0.9587628865979382,4.0,0.5176591052041849,high prospective hazard,0.8611111111111112,0.2327921631770593,8.815187852862183
2019-03-03,0.4,nairobi,"Nairobi, Kenya",subtropical highland / bimodal rainfall,7,11.3,3,2019,6–9,34.05548387096774,29.879996154646307,-0.7615624765543783,0.7615624765543783,1,1,1,1,0,0,0,0,0,0,0,0,0.296875,0.546875,0.765625,0.9375,6.0,0.7615624765543783,dry-spell threshold,0.5531914893617021,0.0,2.804793946039801
2019-03-03,16.2,tokyo,"Tokyo, Japan",humid subtropical,2,60.70000000000006,3,2019,0–2,86.56790322580649,40.11320514013068,-0.6448725085776618,0.6448725085776618,1,1,1,1,1,1,1,1,1,1,1,1,0.3674832962138085,0.7060133630289532,0.9732739420935412,1.0,1.0,0.34073326172912993,high prospective hazard,0.9375,0.053750584680316016,4.21146840802126
2019-03-03,0.0,tucson,"Tucson, United States",hot semi-arid / monsoonal,7,75.80000000000001,3,2019,6–9,26.86919354838711,20.47341795216967,2.389967643210618,0.0,0,0,1,1,0,0,0,1,0,0,0,1,0.12149532710280374,0.2336448598130841,0.411214953271028,0.5514018691588785,6.0,0.0,dry-spell threshold,0.3904761904761905,0.0,3.0
2019-03-05,0.4,darwin,"Darwin, Australia",tropical savanna / monsoon,0,207.9,3,2019,0–2,394.08193548387095,143.27892247180256,-1.2994370160796802,1.2994370160796802,1,1,1,1,1,1,1,1,0,0,1,1,0.7495652173913043,0.8921739130434783,0.9617391304347827,0.9982608695652174,0.0,1.3043225916264793,random drought day,0.25806451612903225,0.0,2.4945444581882232
2019-03-06,0.0,nairobi,"Nairobi, Kenya",subtropical highland / bimodal rainfall,10,12.3,3,2019,10–19,34.05548387096774,29.879996154646307,-0.7280952701054745,0.7280952701054745,0,0,0,1,0,0,0,1,0,0,0,0,0.19101123595505617,0.42696629213483145,0.7752808988764045,0.9213483146067416,9.0,0.7381354320401456,random drought day,0.6507936507936508,0.02247470285959896,3.3970301604927373
2019-03-11,13.9,brasilia,"Brasília, Brazil",tropical savanna,0,179.1,3,2019,0–2,215.29435483870967,72.0131469131794,-0.502607598614547,0.502607598614547,1,1,1,1,1,1,1,1,1,1,1,1,0.7554744525547445,0.8886861313868614,0.968978102189781,0.9927007299270073,2.0,0.4373417381229007,high prospective hazard,0.9056603773584906,0.2932660735899648,10.035097818289513
2019-03-11,9.4,cape_town,"Cape Town, South Africa",Mediterranean winter-rainfall,0,10.499999999999993,3,2019,0–2,11.060483870967742,9.490236616741582,-0.05905899859008869,0.05905899859008869,1,1,1,1,0,0,0,0,0,0,0,0,0.06722689075630252,0.11764705882352941,0.29411764705882354,0.5630252100840336,5.0,0.7650477184267082,season-matched placebo,0.5535714285714286,0.0,2.998744857833874
2019-03-13,6.7,tucson,"Tucson, United States",hot semi-arid / monsoonal,0,69.60000000000001,3,2019,0–2,26.86919354838711,20.47341795216967,2.087135941416392,0.0,0,0,0,0,0,0,0,0,0,0,0,0,0.15789473684210525,0.2807017543859649,0.49707602339181284,0.6140350877192983,16.0,0.0,season-matched placebo,0.37,0.0,3.0
2019-03-14,0.0,cape_town,"Cape Town, South Africa",Mediterranean winter-rainfall,2,20.199999999999992,3,2019,0–2,11.060483870967742,9.490236616741582,0.9630440734121812,0.0,0,0,0,0,0,0,0,0,0,0,0,0,0.06722689075630252,0.11764705882352941,0.29411764705882354,0.5630252100840336,1.0,0.0,season-matched placebo,0.5486725663716814,0.0,3.0
2019-03-14,3.8,darwin,"Darwin, Australia",tropical savanna / monsoon,0,217.3,3,2019,0–2,394.08193548387095,143.27892247180256,-1.233830715879803,1.233830715879803,1,1,1,1,1,1,1,1,0,1,1,1,0.7495652173913043,0.8921739130434783,0.9617391304347827,0.9982608695652174,0.0,1.255466836158486,random drought day,0.28125,0.0,2.5366105014282754
2019-03-15,2.9,london,"London, United Kingdom",temperate maritime,0,43.79999999999999,3,2019,0–2,43.66516129032258,22.75797034071517,0.005924900492386049,0.0,1,1,1,1,1,1,1,1,0,0,0,0,0.4197860962566845,0.6764705882352942,0.8181818181818182,0.9278074866310161,1.0,0.10392672346932431,season-matched placebo,0.7032967032967034,0.0,3.0
2019-03-16,0.0,tucson,"Tucson, United States",hot semi-arid / monsoonal,2,76.30000000000001,3,2019,0–2,26.86919354838711,20.47341795216967,2.4143895546456364,0.0,0,0,0,0,0,0,0,0,0,0,0,0,0.15789473684210525,0.2807017543859649,0.49707602339181284,0.6140350877192983,1.0,0.0,season-matched placebo,0.36633663366336633,0.0,3.0
2019-03-19,0.0,cape_town,"Cape Town, South Africa",Mediterranean winter-rainfall,7,20.199999999999992,3,2019,6–9,11.060483870967742,9.490236616741582,0.9630440734121812,0.0,0,0,0,0,0,0,0,0,0,0,0,0,0.06382978723404255,0.14893617021276595,0.3404255319148936,0.6595744680851063,6.0,0.0,dry-spell threshold,0.6428571428571429,0.024096792110927745,3.481935842218555
2019-03-20,0.0,cape_town,"Cape Town, South Africa",Mediterranean winter-rainfall,8,20.199999999999992,3,2019,6–9,11.060483870967742,9.490236616741582,0.9630440734121812,0.0,0,0,0,0,0,0,0,0,0,0,0,0,0.06382978723404255,0.14893617021276595,0.3404255319148936,0.6595744680851063,7.0,0.0,random drought day,0.575,0.0,3.0
2019-03-21,0.0,nairobi,"Nairobi, Kenya",subtropical highland / bimodal rainfall,0,11.5,3,2019,0–2,34.05548387096774,29.879996154646307,-0.7548690352645975,0.7548690352645975,0,0,1,1,0,0,1,1,0,0,0,0,0.42948717948717946,0.6538461538461539,0.8653846153846154,0.9711538461538461,24.0,0.7950296830032821,high prospective hazard,0.8378378378378378,0.20951888990378598,8.210540261363818
2019-03-21,0.0,tucson,"Tucson, United States",hot semi-arid / monsoonal,7,58.00000000000001,3,2019,6–9,26.86919354838711,20.47341795216967,1.5205475961239687,0.0,0,0,0,0,0,0,0,0,0,0,0,0,0.12149532710280374,0.2336448598130841,0.411214953271028,0.5514018691588785,6.0,0.0,dry-spell threshold,0.3867924528301887,0.0,3.0
2019-03-26,0.0,london,"London, United Kingdom",temperate maritime,7,51.399999999999984,3,2019,6–9,43.66516129032258,22.75797034071517,0.3398738373359853,0.0,0,0,1,1,0,0,1,1,0,0,1,1,0.1643835616438356,0.4246575342465753,0.7123287671232876,0.8767123287671232,6.0,0.0,dry-spell threshold,0.7894736842105263,0.0,3.0
2019-03-26,0.5,nairobi,"Nairobi, Kenya",subtropical highland / bimodal rainfall,5,3.9999999999999996,3,2019,3–5,34.05548387096774,29.879996154646307,-1.005873083631376,1.005873083631376,1,1,1,1,1,1,1,1,0,0,0,0,0.23711340206185566,0.5360824742268041,0.8350515463917526,0.9587628865979382,4.0,0.8920845817051032,30-day deficit threshold,0.875,0.24668105206594815,9.2873125584503
2019-03-28,0.8,darwin,"Darwin, Australia",tropical savanna / monsoon,0,230.9,3,2019,0–2,394.08193548387095,143.27892247180256,-1.1389109623991298,1.1389109623991298,1,1,1,1,1,1,1,1,0,0,1,1,0.7495652173913043,0.8921739130434783,0.9617391304347827,0.9982608695652174,0.0,0.9714055150802945,30-day deficit threshold,0.8260869565217391,0.29656872174486815,10.651134494668641
2019-03-28,1.0,nairobi,"Nairobi, Kenya",subtropical highland / bimodal rainfall,0,5.0,3,2019,0–2,34.05548387096774,29.879996154646307,-0.9724058771824723,0.9724058771824723,1,1,1,1,0,0,1,1,0,0,0,0,0.42948717948717946,0.6538461538461539,0.8653846153846154,0.9711538461538461,6.0,1.0192599662109376,high prospective hazard,0.8421052631578947,0.21378631522384284,8.401310519746085
2019-04-01,1.8,nairobi,"Nairobi, Kenya",subtropical highland / bimodal rainfall,3,6.9,4,2019,3–5,73.29916666666666,43.25617656077162,-1.5350216303417596,1.5350216303417596,1,1,1,1,0,1,1,1,0,0,0,0,0.3968253968253968,0.746031746031746,0.9206349206349206,0.9523809523809523,2.0,0.9088181849295551,30-day deficit threshold,0.88,0.25168105206594815,9.27455353558332
2019-04-02,0.0,cape_town,"Cape Town, South Africa",Mediterranean winter-rainfall,21,17.89999999999999,4,2019,20+,24.096833333333333,28.520224613284682,-0.21727855994678472,0.21727855994678472,0,1,1,1,0,1,1,1,0,1,1,1,0.11475409836065574,0.36065573770491804,0.6229508196721312,0.8688524590163934,20.0,0.21377227620056832,random drought day,0.5679012345679012,0.0,2.9831001508294626
2019-04-02,0.0,mumbai,"Mumbai, India",tropical monsoon,165,0.0,4,2019,20+,0.29383333333333367,0.8885350094362512,-0.330694154099524,0.330694154099524,0,0,0,0,0,0,0,0,0,0,0,0,0.0034542314335060447,0.0069084628670120895,0.02072538860103627,0.05699481865284974,164.0,0.330694154099524,random drought day,0.38461538461538464,0.05608769434999761,4.251440807602896
2019-04-05,2.9,darwin,"Darwin, Australia",tropical savanna / monsoon,0,170.4,4,2019,0–2,181.1625,124.65235065823825,-0.08634012871131282,0.08634012871131282,1,1,1,1,1,1,1,1,1,1,1,1,0.4807692307692308,0.6121794871794872,0.7275641025641025,0.8012820512820513,3.0,0.19865249126261414,season-matched placebo,0.5555555555555556,0.02603732077868459,3.5400602962562835
2019-04-05,0.0,london,"London, United Kingdom",temperate maritime,0,47.59999999999999,4,2019,0–2,46.335166666666666,27.704570357072942,0.045654320461620546,0.0,0,1,1,1,0,1,1,1,0,0,1,1,0.4583333333333333,0.6861111111111111,0.8694444444444445,0.9583333333333334,0.0,0.008488370822420677,season-matched placebo,0.7065217391304348,0.0,3.0
2019-04-05,0.0,tokyo,"Tokyo, Japan",humid subtropical,3,81.90000000000005,4,2019,3–5,116.1426666666667,43.41530714367366,-0.7887233540315143,0.7887233540315143,0,1,1,1,0,1,1,1,0,1,1,1,0.4566929133858268,0.7480314960629921,0.9763779527559056,1.0,2.0,0.784116683869349,high prospective hazard,0.9393939393939394,0.055644524074255464,4.235584823224091
2019-04-06,0.0,tokyo,"Tokyo, Japan",humid subtropical,4,71.20000000000005,4,2019,3–5,116.1426666666667,43.41530714367366,-1.0351802077073538,1.0351802077073538,1,1,1,1,1,1,1,1,1,1,1,1,0.4566929133858268,0.7480314960629921,0.9763779527559056,1.0,3.0,0.7887233540315143,30-day deficit threshold,0.8928571428571429,0.00910772753745892,2.9031187697491214
2019-04-10,22.3,tokyo,"Tokyo, Japan",humid subtropical,0,44.300000000000054,4,2019,0–2,116.1426666666667,43.41530714367366,-1.6547773445185756,1.6547773445185756,0,0,1,1,0,0,1,1,0,0,1,1,0.33031674208144796,0.7036199095022625,0.9524886877828054,1.0,0.0,0.9822035008424533,30-day deficit threshold,0.8947368421052632,0.01098742678557918,2.5602738931069
2019-04-11,0.0,cape_town,"Cape Town, South Africa",Mediterranean winter-rainfall,6,7.799999999999993,4,2019,6–9,24.096833333333333,28.520224613284682,-0.5714132183146375,0.5714132183146375,0,1,1,1,0,1,1,1,0,0,0,0,0.08928571428571429,0.3125,0.7857142857142857,0.9464285714285714,5.0,0.24182254617029927,high prospective hazard,0.8620689655172413,0.24330861477102617,8.90746157091564
2019-04-12,0.0,cape_town,"Cape Town, South Africa",Mediterranean winter-rainfall,7,7.499999999999993,4,2019,6–9,24.096833333333333,28.520224613284682,-0.5819320695532867,0.5819320695532867,1,1,1,1,1,1,1,1,0,0,0,0,0.08928571428571429,0.3125,0.7857142857142857,0.9464285714285714,6.0,0.5714132183146375,dry-spell threshold,0.6377952755905512,0.019034924844336,3.3551252873624895
2019-04-14,0.7,nairobi,"Nairobi, Kenya",subtropical highland / bimodal rainfall,0,21.3,4,2019,0–2,73.29916666666666,43.25617656077162,-1.2021211951919009,1.2021211951919009,1,1,1,1,0,0,1,1,0,0,0,1,0.650390625,0.88671875,0.9765625,0.9921875,1.0,1.2367983238533444,random drought day,0.640625,0.012306052065948148,2.8924677004059594
2019-04-14,11.5,tokyo,"Tokyo, Japan",humid subtropical,3,59.400000000000055,4,2019,3–5,116.1426666666667,43.41530714367366,-1.3069737472751015,1.3069737472751015,0,0,1,1,0,0,1,1,0,0,0,1,0.4566929133858268,0.7480314960629921,0.9763779527559056,1.0,2.0,1.3069737472751015,high prospective hazard,0.9411764705882353,0.0574270552685513,4.0657031261616545
2019-04-14,0.0,tucson,"Tucson, United States",hot semi-arid / monsoonal,31,1.000000000000007,4,2019,20+,13.29966666666668,12.691907161700495,-0.9690952281610237,0.9690952281610237,0,1,1,1,0,0,0,0,0,0,0,0,0.05217391304347826,0.12608695652173912,0.2565217391304348,0.39565217391304347,30.0,0.9690952281610237,random drought day,0.3548387096774194,0.0,2.6961506501372647
2019-04-17,0.0,darwin,"Darwin, Australia",tropical savanna / monsoon,7,175.4,4,2019,6–9,181.1625,124.65235065823825,-0.04622857065727662,0.04622857065727662,0,0,0,1,0,0,0,1,0,0,0,0,0.14606741573033707,0.3258426966292135,0.5280898876404494,0.6292134831460674,6.0,0.04382187717403459,dry-spell threshold,0.5581395348837209,0.028621300106849934,3.584737915154997
2019-04-17,0.0,london,"London, United Kingdom",temperate maritime,7,26.299999999999986,4,2019,6–9,46.335166666666666,27.704570357072942,-0.7231718957717649,0.7231718957717649,0,0,1,1,0,0,1,1,0,0,0,0,0.32,0.46,0.6,0.88,6.0,0.7267814085240342,dry-spell threshold,0.7916666666666666,0.00030205145201778194,2.830585449188133
2019-04-17,0.0,tokyo,"Tokyo, Japan",humid subtropical,2,69.40000000000006,4,2019,0–2,116.1426666666667,43.41530714367366,-1.0766402391668404,1.0766402391668404,0,1,1,1,0,1,1,1,0,0,1,1,0.33031674208144796,0.7036199095022625,0.9524886877828054,1.0,1.0,1.0720335690046754,random drought day,0.8923076923076924,0.008558276988008373,2.864815799998075
2019-04-18,0.0,tokyo,"Tokyo, Japan",humid subtropical,3,69.40000000000006,4,2019,3–5,116.1426666666667,43.41530714367366,-1.0766402391668404,1.0766402391668404,1,1,1,1,1,1,1,1,0,0,1,1,0.4566929133858268,0.7480314960629921,0.9763779527559056,1.0,2.0,1.0766402391668404,high prospective hazard,0.9428571428571428,0.059107727537458854,4.230127693630053
2019-04-19,1.3,tokyo,"Tokyo, Japan",humid subtropical,4,69.40000000000006,4,2019,3–5,116.1426666666667,43.41530714367366,-1.0766402391668404,1.0766402391668404,0,0,1,1,0,0,1,1,0,0,1,1,0.4566929133858268,0.7480314960629921,0.9763779527559056,1.0,3.0,1.0766402391668404,random drought day,0.8939393939393939,0.010189978619709938,2.908887132532966
2019-04-21,0.0,cape_town,"Cape Town, South Africa",Mediterranean winter-rainfall,1,17.599999999999994,4,2019,0–2,24.096833333333333,28.520224613284682,-0.22779741118543373,0.22779741118543373,0,0,0,1,0,0,0,1,0,0,0,0,0.20192307692307693,0.35096153846153844,0.5432692307692307,0.8798076923076923,0.0,0.23831626242408285,season-matched placebo,0.543859649122807,0.0,2.9814346088814494
2019-04-21,2.0,nairobi,"Nairobi, Kenya",subtropical highland / bimodal rainfall,7,21.6,4,2019,6–9,73.29916666666666,43.25617656077162,-1.195185769459612,1.195185769459612,1,1,1,1,0,1,1,1,0,1,1,1,0.42857142857142855,0.7619047619047619,1.0,1.0,6.0,1.20674481234676,dry-spell threshold,0.5473684210526316,0.0,2.5610024753729785
2019-04-23,0.0,tokyo,"Tokyo, Japan",humid subtropical,3,64.00000000000006,4,2019,3–5,116.1426666666667,43.41530714367366,-1.2010203335453014,1.2010203335453014,1,1,1,1,1,1,1,1,1,1,1,1,0.4566929133858268,0.7480314960629921,0.9763779527559056,1.0,2.0,1.148043626680401,high prospective hazard,0.9444444444444444,0.060695029124760436,4.213524494909125
2019-04-25,2.8,london,"London, United Kingdom",temperate maritime,0,27.89999999999999,4,2019,0–2,46.335166666666666,27.704570357072942,-0.665419691735454,0.665419691735454,1,1,1,1,1,1,1,1,0,0,0,1,0.4583333333333333,0.6861111111111111,0.8694444444444445,0.9583333333333334,14.0,0.7700955615512671,high prospective hazard,0.78125,0.0,2.8486403333120864
2019-04-27,0.0,cape_town,"Cape Town, South Africa",Mediterranean winter-rainfall,7,17.599999999999994,4,2019,6–9,24.096833333333333,28.520224613284682,-0.22779741118543373,0.22779741118543373,0,1,1,1,0,1,1,1,0,0,0,1,0.08928571428571429,0.3125,0.7857142857142857,0.9464285714285714,6.0,0.22779741118543373,dry-spell threshold,0.640625,0.02186464925378484,3.465520297693548
2019-04-29,3.3,nairobi,"Nairobi, Kenya",subtropical highland / bimodal rainfall,0,66.0,4,2019,0–2,73.29916666666666,43.25617656077162,-0.1687427610808804,0.1687427610808804,1,1,1,1,1,1,1,1,0,0,0,1,0.650390625,0.88671875,0.9765625,0.9921875,0.0,0.18492542112288748,season-matched placebo,0.5647058823529412,0.0,2.989784223239498
2019-05-01,0.6,brasilia,"Brasília, Brazil",tropical savanna,7,123.7,5,2019,6–9,47.016935483870974,41.55680838789718,1.8452587552046436,0.0,1,1,1,1,1,1,1,1,1,1,1,1,0.06666666666666667,0.16666666666666666,0.32222222222222224,0.6,6.0,0.5377896225493303,dry-spell threshold,0.49056603773584906,0.0,3.0
2019-05-01,0.0,london,"London, United Kingdom",temperate maritime,2,37.499999999999986,5,2019,0–2,48.14758064516129,20.32479749389796,-0.5238714259444892,0.5238714259444892,1,1,1,1,1,1,1,1,0,0,1,1,0.3729281767955801,0.6215469613259669,0.8756906077348067,0.9668508287292817,1.0,0.3116874420130515,high prospective hazard,0.7835051546391752,0.0,2.9043511417740415
2019-05-01,4.5,nairobi,"Nairobi, Kenya",subtropical highland / bimodal rainfall,0,73.69999999999999,5,2019,0–2,106.88693548387096,59.75590066479438,-0.5553750360158707,0.5553750360158707,1,1,1,1,0,1,1,1,0,0,0,1,0.5518672199170125,0.7863070539419087,0.9315352697095436,0.970954356846473,0.0,0.1017003123354229,high prospective hazard,0.8461538461538461,0.2178348982197943,8.260743927819792
2019-05-02,3.2,darwin,"Darwin, Australia",tropical savanna / monsoon,0,98.80000000000001,5,2019,0–2,39.95,59.091811180795744,0.9959078732574993,0.0,1,1,1,1,1,1,1,1,1,1,1,1,0.12941176470588237,0.25882352941176473,0.4470588235294118,0.5411764705882353,0.0,0.0,season-matched placebo,0.5652173913043478,0.035699156527476794,3.713983130549536
2019-05-03,14.8,brasilia,"Brasília, Brazil",tropical savanna,0,129.1,5,2019,0–2,47.016935483870974,41.55680838789718,1.975201361710793,0.0,1,1,1,1,1,1,1,1,0,0,0,1,0.2482758620689655,0.33793103448275863,0.36551724137931035,0.5310344827586206,8.0,0.0,season-matched placebo,0.7333333333333333,0.12093902956480751,5.41878059129615
2019-05-03,6.5,darwin,"Darwin, Australia",tropical savanna / monsoon,0,102.00000000000001,5,2019,0–2,39.95,59.091811180795744,1.0500608927039563,0.0,0,0,1,1,0,0,0,1,0,0,0,0,0.12941176470588237,0.25882352941176473,0.4470588235294118,0.5411764705882353,0.0,0.0,season-matched placebo,0.574468085106383,0.04494985032951204,3.898997006590241
2019-05-03,2.7,london,"London, United Kingdom",temperate maritime,0,34.89999999999999,5,2019,0–2,48.14758064516129,20.32479749389796,-0.6517939797008345,0.6517939797008345,1,1,1,1,0,0,1,1,0,0,1,1,0.3729281767955801,0.6215469613259669,0.8756906077348067,0.9668508287292817,3.0,0.5238714259444892,high prospective hazard,0.7857142857142857,0.0,2.8544780060881965
2019-05-05,0.5,brasilia,"Brasília, Brazil",tropical savanna,0,139.29999999999998,5,2019,0–2,47.016935483870974,41.55680838789718,2.2206485073335207,0.0,0,1,1,1,0,0,0,1,0,0,0,1,0.2482758620689655,0.33793103448275863,0.36551724137931035,0.5310344827586206,0.0,0.0,season-matched placebo,0.7391304347826086,0.12673613101408288,5.5347226202816575
2019-05-05,3.3,nairobi,"Nairobi, Kenya",subtropical highland / bimodal rainfall,1,76.4,5,2019,0–2,106.88693548387096,59.75590066479438,-0.5101912136659091,0.5101912136659091,1,1,1,1,1,1,1,1,0,0,1,1,0.5518672199170125,0.7863070539419087,0.9315352697095436,0.970954356846473,0.0,0.4850890901381529,high prospective hazard,0.85,0.22168105206594813,8.305201913230663
2019-05-08,6.0,cape_town,"Cape Town, South Africa",Mediterranean winter-rainfall,7,12.599999999999993,5,2019,6–9,43.471774193548384,31.93177389758018,-0.9668042336942604,0.9668042336942604,0,0,0,1,0,0,0,1,0,0,0,1,0.17307692307692307,0.40384615384615385,0.7403846153846154,0.9423076923076923,6.0,0.9668042336942604,dry-spell threshold,0.6434108527131783,0.024650501966963168,3.3550159314083237
2019-05-10,1.5,london,"London, United Kingdom",temperate maritime,0,44.79999999999999,5,2019,0–2,48.14758064516129,20.32479749389796,-0.16470425578244177,0.16470425578244177,1,1,1,1,1,1,1,1,0,0,0,0,0.3729281767955801,0.6215469613259669,0.8756906077348067,0.9668508287292817,0.0,0.39594887218814356,season-matched placebo,0.7096774193548387,0.0,2.990265790687855
2019-05-11,0.0,darwin,"Darwin, Australia",tropical savanna / monsoon,7,15.799999999999999,5,2019,6–9,39.95,59.091811180795744,-0.40868606863498064,0.40868606863498064,0,0,1,1,0,0,1,1,0,0,0,0,0.038461538461538464,0.07692307692307693,0.20512820512820512,0.38461538461538464,6.0,0.420532041638893,dry-spell threshold,0.5454545454545454,0.015936310677674426,3.3173660058771217
2019-05-11,0.0,tokyo,"Tokyo, Japan",humid subtropical,3,79.50000000000006,5,2019,3–5,112.75661290322584,46.35753486316777,-0.7173939037394546,0.7173939037394546,0,1,1,1,0,1,1,1,0,0,0,1,0.4507042253521127,0.8098591549295775,0.9929577464788732,1.0,2.0,0.2363502057554638,high prospective hazard,0.9459459459459459,0.06219653062626196,4.4173178862857
2019-05-12,0.0,brasilia,"Brasília, Brazil",tropical savanna,7,72.89999999999999,5,2019,6–9,47.016935483870974,41.55680838789718,0.6228357162208609,0.0,0,0,1,1,0,0,1,1,0,0,1,1,0.06666666666666667,0.16666666666666666,0.32222222222222224,0.6,6.0,0.0,dry-spell threshold,0.5,0.0,3.0
2019-05-13,0.0,cape_town,"Cape Town, South Africa",Mediterranean winter-rainfall,4,18.599999999999994,5,2019,3–5,43.471774193548384,31.93177389758018,-0.7789036172347819,0.7789036172347819,0,0,1,1,0,0,1,1,0,0,1,1,0.22131147540983606,0.45901639344262296,0.7049180327868853,0.9508196721311475,3.0,0.7789036172347819,random drought day,0.573170731707317,0.0,2.796413018742471
2019-05-13,0.0,tucson,"Tucson, United States",hot semi-arid / monsoonal,0,4.200000000000007,5,2019,0–2,3.128064516129042,4.821333126196855,0.22233176090790585,0.0,0,0,1,1,0,0,1,1,0,0,0,0,0.10526315789473684,0.23684210526315788,0.2631578947368421,0.42105263157894735,59.0,0.17175011442991187,season-matched placebo,0.3627450980392157,0.0,3.0
2019-05-15,0.0,cape_town,"Cape Town, South Africa",Mediterranean winter-rainfall,6,10.899999999999993,5,2019,6–9,43.471774193548384,31.93177389758018,-1.0200427416911126,1.0200427416911126,0,0,1,1,0,0,1,1,0,0,1,1,0.17307692307692307,0.40384615384615385,0.7403846153846154,0.9423076923076923,5.0,0.901039017933443,30-day deficit threshold,0.8157894736842105,0.19702912293799535,7.956879925471606
2019-05-16,0.0,cape_town,"Cape Town, South Africa",Mediterranean winter-rainfall,7,10.899999999999993,5,2019,6–9,43.471774193548384,31.93177389758018,-1.0200427416911126,1.0200427416911126,0,1,1,1,0,1,1,1,0,1,1,1,0.17307692307692307,0.40384615384615385,0.7403846153846154,0.9423076923076923,6.0,1.0200427416911126,dry-spell threshold,0.6384615384615384,0.019701187715323254,3.195943673486379
2019-05-17,5.6,brasilia,"Brasília, Brazil",tropical savanna,0,45.9,5,2019,0–2,47.016935483870974,41.55680838789718,-0.02687731630988934,0.02687731630988934,0,0,1,1,0,0,0,0,0,0,0,0,0.2482758620689655,0.33793103448275863,0.36551724137931035,0.5310344827586206,11.0,0.09184861956296428,season-matched placebo,0.723404255319149,0.11100995155062321,5.249580457411817
2019-05-19,6.1,cape_town,"Cape Town, South Africa",Mediterranean winter-rainfall,10,10.899999999999993,5,2019,10–19,43.471774193548384,31.93177389758018,-1.0200427416911126,1.0200427416911126,1,1,1,1,1,1,1,1,1,1,1,1,0.24489795918367346,0.4897959183673469,0.7653061224489796,0.9183673469387755,9.0,1.0200427416911126,random drought day,0.5783132530120482,0.0,2.66700220307864
2019-05-19,0.7,london,"London, United Kingdom",temperate maritime,7,46.89999999999999,5,2019,6–9,48.14758064516129,20.32479749389796,-0.06138219313308564,0.06138219313308564,1,1,1,1,0,0,1,1,0,0,0,0,0.2857142857142857,0.6071428571428571,0.7619047619047619,0.9285714285714286,6.0,0.08598268424007517,dry-spell threshold,0.7938144329896907,0.0024498177750418293,3.049121499427895
2019-05-20,0.0,brasilia,"Brasília, Brazil",tropical savanna,2,49.0,5,2019,0–2,47.016935483870974,41.55680838789718,0.04771936520290055,0.0,0,1,1,1,0,0,0,0,0,0,0,0,0.2482758620689655,0.33793103448275863,0.36551724137931035,0.5310344827586206,1.0,0.0,season-matched placebo,0.7083333333333334,0.0959390295648076,4.9187805912961515
2019-05-20,2.5,tucson,"Tucson, United States",hot semi-arid / monsoonal,7,2.9000000000000066,5,2019,6–9,3.128064516129042,4.821333126196855,-0.047303206428495906,0.047303206428495906,0,1,1,1,0,0,0,0,0,0,0,0,0.02857142857142857,0.08571428571428572,0.22857142857142856,0.3142857142857143,6.0,0.047303206428495906,dry-spell threshold,0.38317757009345793,0.0,2.9991946826349025
2019-05-23,0.3,tucson,"Tucson, United States",hot semi-arid / monsoonal,2,5.400000000000007,5,2019,0–2,3.128064516129042,4.821333126196855,0.47122557691073796,0.0,0,0,0,1,0,0,0,0,0,0,0,0,0.10526315789473684,0.23684210526315788,0.2631578947368421,0.42105263157894735,1.0,0.0,season-matched placebo,0.36893203883495146,0.0,3.0
2019-05-25,0.0,brasilia,"Brasília, Brazil",tropical savanna,7,36.3,5,2019,6–9,47.016935483870974,41.55680838789718,-0.25788639454304507,0.25788639454304507,0,0,0,0,0,0,0,0,0,0,0,0,0.06666666666666667,0.16666666666666666,0.32222222222222224,0.6,6.0,0.25788639454304507,dry-spell threshold,0.509090909090909,0.0,2.9762476180813024
2019-05-25,0.0,darwin,"Darwin, Australia",tropical savanna / monsoon,7,16.7,5,2019,6–9,39.95,59.091811180795744,-0.39345553191566457,0.39345553191566457,0,0,0,1,0,0,0,0,0,0,0,0,0.038461538461538464,0.07692307692307693,0.20512820512820512,0.38461538461538464,6.0,0.39345553191566457,dry-spell threshold,0.5555555555555556,0.02603732077868459,3.557111690698211
2019-05-25,0.0,tucson,"Tucson, United States",hot semi-arid / monsoonal,4,5.300000000000007,5,2019,3–5,3.128064516129042,4.821333126196855,0.45048442557716867,0.0,0,0,0,1,0,0,0,0,0,0,0,0,0.0,0.0,0.11538461538461539,0.34615384615384615,3.0,0.0,random drought day,0.3492063492063492,0.0,3.0
2019-05-28,0.0,cape_town,"Cape Town, South Africa",Mediterranean winter-rainfall,7,34.39999999999999,5,2019,6–9,43.471774193548384,31.93177389758018,-0.28409866055815525,0.28409866055815525,0,0,1,1,0,0,1,1,0,0,1,1,0.17307692307692307,0.40384615384615385,0.7403846153846154,0.9423076923076923,6.0,0.29662536832212044,dry-spell threshold,0.6412213740458015,0.022461023299586325,3.4793330405000815
2019-05-28,0.0,tucson,"Tucson, United States",hot semi-arid / monsoonal,7,5.300000000000007,5,2019,6–9,3.128064516129042,4.821333126196855,0.45048442557716867,0.0,0,0,0,1,0,0,0,1,0,0,0,0,0.02857142857142857,0.08571428571428572,0.22857142857142856,0.3142857142857143,6.0,0.0,dry-spell threshold,0.37962962962962965,0.0,3.0
2019-05-31,0.0,tokyo,"Tokyo, Japan",humid subtropical,1,87.20000000000006,5,2019,0–2,112.75661290322584,46.35753486316777,-0.5512936134041752,0.5512936134041752,0,1,1,1,0,0,1,1,0,0,1,1,0.34831460674157305,0.6921348314606741,0.9707865168539326,1.0,0.0,0.3420503905142777,high prospective hazard,0.9473684210526315,0.06361900573294754,4.460431424022554
2019-06-01,0.0,cape_town,"Cape Town, South Africa",Mediterranean winter-rainfall,11,32.89999999999999,6,2019,10–19,74.97083333333333,32.39451662165692,-1.2987023027597038,1.2987023027597038,0,1,1,1,0,1,1,1,0,1,1,1,0.2413793103448276,0.5517241379310345,0.9310344827586207,1.0,10.0,0.3310738146730249,30-day deficit threshold,0.8205128205128205,0.20175246976660532,8.029982486711338
2019-06-01,0.0,cape_town,"Cape Town, South Africa",Mediterranean winter-rainfall,11,32.89999999999999,6,2019,10–19,74.97083333333333,32.39451662165692,-1.2987023027597038,1.2987023027597038,0,1,1,1,0,1,1,1,0,1,1,1,0.2413793103448276,0.5517241379310345,0.9310344827586207,1.0,10.0,0.3310738146730249,high prospective hazard,0.8666666666666667,0.24790631592045154,9.296186670873741
2019-06-01,0.0,mumbai,"Mumbai, India",tropical monsoon,225,0.0,6,2019,20+,177.036,162.86130462730597,-1.087035379000135,1.087035379000135,0,1,1,1,0,0,0,1,0,0,0,1,0.26666666666666666,0.5333333333333333,0.8666666666666667,1.0,224.0,0.3244244009495084,30-day deficit threshold,0.8214285714285714,0.49290088116318437,15.953813551163442
2019-06-01,0.0,mumbai,"Mumbai, India",tropical monsoon,225,0.0,6,2019,20+,177.036,162.86130462730597,-1.087035379000135,1.087035379000135,0,1,1,1,0,0,0,1,0,0,0,1,0.26666666666666666,0.5333333333333333,0.8666666666666667,1.0,224.0,0.3244244009495084,high prospective hazard,0.8695652173913043,0.5410375271259174,17.255266110262983
2019-06-01,0.0,tokyo,"Tokyo, Japan",humid subtropical,2,72.70000000000006,6,2019,0–2,141.02533333333335,50.96106823528811,-1.3407358930914492,1.3407358930914492,1,1,1,1,0,0,1,1,0,0,1,1,0.4896694214876033,0.8078512396694215,0.9772727272727273,1.0,1.0,0.5512936134041752,30-day deficit threshold,0.896551724137931,0.012802308818247066,2.8195004661212435
2019-06-06,0.0,tokyo,"Tokyo, Japan",humid subtropical,7,69.50000000000006,6,2019,6–9,141.02533333333335,50.96106823528811,-1.4035289253180414,1.4035289253180414,1,1,1,1,1,1,1,1,1,1,1,1,0.5,0.9090909090909091,1.0,1.0,6.0,1.3937175140326363,dry-spell threshold,0.8607594936708861,0.0,2.4264243173316293
2019-06-09,0.1,london,"London, United Kingdom",temperate maritime,0,40.79999999999999,6,2019,0–2,54.81133333333334,25.599446432523536,-0.5473295436393599,0.5473295436393599,1,1,1,1,1,1,1,1,1,1,1,1,0.3937677053824363,0.6685552407932012,0.8583569405099151,0.9773371104815864,0.0,0.30123047205959386,high prospective hazard,0.7878787878787878,0.0,2.895897255893276
2019-06-12,0.0,tucson,"Tucson, United States",hot semi-arid / monsoonal,1,4.600000000000007,6,2019,0–2,2.467166666666676,3.3015611179028084,0.6460075270961916,0.0,0,0,0,0,0,0,0,0,0,0,0,0,0.11904761904761904,0.23809523809523808,0.30952380952380953,0.5476190476190477,0.0,0.0,season-matched placebo,0.36538461538461536,0.0,3.0
2019-06-18,0.0,tucson,"Tucson, United States",hot semi-arid / monsoonal,7,4.600000000000007,6,2019,6–9,2.467166666666676,3.3015611179028084,0.6460075270961916,0.0,0,0,0,1,0,0,0,0,0,0,0,0,0.023809523809523808,0.11904761904761904,0.19047619047619047,0.2619047619047619,6.0,0.0,dry-spell threshold,0.3761467889908257,0.0,3.0
2019-06-19,0.0,cape_town,"Cape Town, South Africa",Mediterranean winter-rainfall,7,50.49999999999999,6,2019,6–9,74.97083333333333,32.39451662165692,-0.7554004777763436,0.7554004777763436,0,1,1,1,0,1,1,1,0,1,1,1,0.44594594594594594,0.6891891891891891,0.8378378378378378,0.9864864864864865,6.0,0.5670970043446107,dry-spell threshold,0.6439393939393939,0.025179043193178763,3.4570593146619637
2019-06-20,0.0,cape_town,"Cape Town, South Africa",Mediterranean winter-rainfall,8,31.09999999999999,6,2019,6–9,74.97083333333333,32.39451662165692,-1.3542672621330019,1.3542672621330019,1,1,1,1,1,1,1,1,1,1,1,1,0.44594594594594594,0.6891891891891891,0.8378378378378378,0.9864864864864865,7.0,0.7554004777763436,30-day deficit threshold,0.825,0.2062396492537848,8.128803190309341
2019-06-27,7.7,tokyo,"Tokyo, Japan",humid subtropical,2,161.30000000000007,6,2019,0–2,141.02533333333335,50.96106823528811,0.3978461866823168,0.0,1,1,1,1,1,1,1,1,1,1,1,1,0.4896694214876033,0.8078512396694215,0.9772727272727273,1.0,1.0,0.0,season-matched placebo,0.8428571428571429,0.0,3.0
2019-06-30,0.0,darwin,"Darwin, Australia",tropical savanna / monsoon,43,0.5,6,2019,20+,9.110999999999999,21.38688875653665,-0.40262985878991625,0.40262985878991625,0,0,0,0,0,0,0,0,0,0,0,0,0.014527845036319613,0.04116222760290557,0.09443099273607748,0.14769975786924938,42.0,0.40262985878991625,random drought day,0.30303030303030304,0.0,2.942753739327555
2019-07-01,46.3,mumbai,"Mumbai, India",tropical monsoon,0,333.3,7,2019,0–2,554.1132258064516,175.14388136213014,-1.2607532965990107,1.2607532965990107,1,1,1,1,1,1,1,1,1,1,1,1,1.0,1.0,1.0,1.0,0.0,0.0,30-day deficit threshold,0.7931034482758621,0.46457575801047507,15.241506460133712
2019-07-01,46.3,mumbai,"Mumbai, India",tropical monsoon,0,333.3,7,2019,0–2,554.1132258064516,175.14388136213014,-1.2607532965990107,1.2607532965990107,1,1,1,1,1,1,1,1,1,1,1,1,1.0,1.0,1.0,1.0,0.0,0.0,high prospective hazard,0.8333333333333334,0.5048056430679464,16.343172190662234
2019-07-03,0.0,london,"London, United Kingdom",temperate maritime,7,103.49999999999999,7,2019,6–9,53.25306451612904,23.654472339833752,2.1242044532634075,0.0,0,1,1,1,0,1,1,1,0,0,0,0,0.14285714285714285,0.4603174603174603,0.9047619047619048,1.0,6.0,0.0,dry-spell threshold,0.7959183673469388,0.004553752132289923,3.0910750426457985
2019-07-05,0.0,cape_town,"Cape Town, South Africa",Mediterranean winter-rainfall,0,62.0,7,2019,0–2,86.68548387096774,47.99031891727379,-0.5143846598210952,0.5143846598210952,1,1,1,1,1,1,1,1,1,1,1,1,0.32732732732732733,0.5495495495495496,0.8408408408408409,0.9669669669669669,1.0,0.28725551698731805,high prospective hazard,0.8709677419354839,0.2522073911892687,9.05399078949352
2019-07-05,0.0,cape_town,"Cape Town, South Africa",Mediterranean winter-rainfall,0,62.0,7,2019,0–2,86.68548387096774,47.99031891727379,-0.5143846598210952,0.5143846598210952,1,1,1,1,1,1,1,1,1,1,1,1,0.32732732732732733,0.5495495495495496,0.8408408408408409,0.9669669669669669,1.0,0.28725551698731805,random drought day,0.5833333333333334,0.0,2.9076783360008713
2019-07-06,0.6,nairobi,"Nairobi, Kenya",subtropical highland / bimodal rainfall,7,56.1,7,2019,6–9,21.771290322580644,22.31910042743049,1.5380866172916576,0.0,1,1,1,1,0,0,0,0,0,0,0,0,0.06976744186046512,0.20930232558139536,0.37209302325581395,0.627906976744186,6.0,0.0,dry-spell threshold,0.5520833333333334,0.0,3.0
2019-07-09,0.0,london,"London, United Kingdom",temperate maritime,1,79.39999999999999,7,2019,0–2,53.25306451612904,23.654472339833752,1.1053696361613585,0.0,1,1,1,1,0,0,0,1,0,0,0,1,0.380352644836272,0.6926952141057935,0.8589420654911839,0.9748110831234257,0.0,0.0,season-matched placebo,0.7127659574468085,0.0,3.0
2019-07-10,0.4,london,"London, United Kingdom",temperate maritime,2,79.3,7,2019,0–2,53.25306451612904,23.654472339833752,1.1011421057999395,0.0,1,1,1,1,0,0,0,1,0,0,0,1,0.380352644836272,0.6926952141057935,0.8589420654911839,0.9748110831234257,1.0,0.0,season-matched placebo,0.7052631578947368,0.0,3.0
2019-07-13,28.4,tokyo,"Tokyo, Japan",humid subtropical,0,232.40000000000006,7,2019,0–2,175.2385483870968,78.86270240028857,0.7248223795675316,0.0,1,1,1,1,1,1,1,1,1,1,1,1,0.42452830188679247,0.6839622641509434,0.8891509433962265,0.9905660377358491,0.0,0.0,season-matched placebo,0.8450704225352113,0.0,3.0
2019-07-14,0.0,cape_town,"Cape Town, South Africa",Mediterranean winter-rainfall,7,54.19999999999999,7,2019,6–9,86.68548387096774,47.99031891727379,-0.6769174409315047,0.6769174409315047,0,0,1,1,0,0,1,1,0,0,1,1,0.37362637362637363,0.5494505494505495,0.7472527472527473,0.978021978021978,6.0,0.6769174409315047,dry-spell threshold,0.6466165413533834,0.027856190607168263,3.550461321959728
2019-07-14,0.3,london,"London, United Kingdom",temperate maritime,6,33.99999999999999,7,2019,6–9,53.25306451612904,23.654472339833752,-0.8139291479229994,0.8139291479229994,0,1,1,1,0,0,1,1,0,0,1,1,0.14285714285714285,0.4603174603174603,0.9047619047619048,1.0,5.0,0.6025526298520348,high prospective hazard,0.79,0.0,2.7790703570053417
2019-07-15,0.0,london,"London, United Kingdom",temperate maritime,7,33.99999999999999,7,2019,6–9,53.25306451612904,23.654472339833752,-0.8139291479229994,0.8139291479229994,0,1,1,1,0,1,1,1,0,0,1,1,0.14285714285714285,0.4603174603174603,0.9047619047619048,1.0,6.0,0.8139291479229994,dry-spell threshold,0.797979797979798,0.0066151827651491635,2.951508482300419
2019-07-17,0.0,cape_town,"Cape Town, South Africa",Mediterranean winter-rainfall,10,54.19999999999999,7,2019,10–19,86.68548387096774,47.99031891727379,-0.6769174409315047,0.6769174409315047,1,1,1,1,1,1,1,1,1,1,1,1,0.21739130434782608,0.5,0.8695652173913043,1.0,9.0,0.6769174409315047,high prospective hazard,0.875,0.25623964925378484,9.345454099729976
2019-07-22,3.8,cape_town,"Cape Town, South Africa",Mediterranean winter-rainfall,3,57.699999999999996,7,2019,3–5,86.68548387096774,47.99031891727379,-0.6039860647922183,0.6039860647922183,1,1,1,1,1,1,1,1,1,1,1,1,0.20270270270270271,0.5472972972972973,0.7905405405405406,0.9527027027027027,2.0,0.4539558053056867,high prospective hazard,0.8787878787878788,0.2600275280416636,9.361282048241556
2019-07-22,0.4,nairobi,"Nairobi, Kenya",subtropical highland / bimodal rainfall,0,31.4,7,2019,0–2,21.771290322580644,22.31910042743049,0.4314111901026949,0.0,0,1,1,1,0,0,0,1,0,0,0,0,0.19117647058823528,0.2647058823529412,0.4852941176470588,0.6838235294117647,22.0,0.0,season-matched placebo,0.5697674418604651,0.0,3.0
2019-07-23,0.0,nairobi,"Nairobi, Kenya",subtropical highland / bimodal rainfall,1,29.900000000000002,7,2019,0–2,21.771290322580644,22.31910042743049,0.3642041803543775,0.0,1,1,1,1,0,0,1,1,0,0,0,0,0.19117647058823528,0.2647058823529412,0.4852941176470588,0.6838235294117647,0.0,0.0,season-matched placebo,0.5632183908045977,0.0,3.0
2019-07-23,2.8,tucson,"Tucson, United States",hot semi-arid / monsoonal,0,3.800000000000007,7,2019,0–2,14.544838709677434,14.835603895577684,-0.724260285277658,0.724260285277658,1,1,1,1,1,1,1,1,0,0,0,0,0.32677165354330706,0.5433070866141733,0.7677165354330708,0.9212598425196851,41.0,0.8186278627523654,high prospective hazard,0.4666666666666667,0.04573490397185387,3.9944986915337877
2019-07-26,0.0,cape_town,"Cape Town, South Africa",Mediterranean winter-rainfall,2,94.1,7,2019,0–2,86.68548387096774,47.99031891727379,0.1545002470563588,0.0,0,1,1,1,0,1,1,1,0,0,1,1,0.32732732732732733,0.5495495495495496,0.8408408408408409,0.9669669669669669,1.0,0.0,season-matched placebo,0.5391304347826087,0.0,3.0
2019-07-26,1.4,london,"London, United Kingdom",temperate maritime,1,27.89999999999999,7,2019,0–2,53.25306451612904,23.654472339833752,-1.0718084999695763,1.0718084999695763,1,1,1,1,1,1,1,1,1,1,1,1,0.380352644836272,0.6926952141057935,0.8589420654911839,0.9748110831234257,0.0,0.37003845997397383,30-day deficit threshold,0.9444444444444444,0.15307982922979557,6.769170056649941
2019-07-26,1.4,london,"London, United Kingdom",temperate maritime,1,27.89999999999999,7,2019,0–2,53.25306451612904,23.654472339833752,-1.0718084999695763,1.0718084999695763,1,1,1,1,1,1,1,1,1,1,1,1,0.380352644836272,0.6926952141057935,0.8589420654911839,0.9748110831234257,0.0,0.37003845997397383,high prospective hazard,0.7920792079207921,0.0007145927061432689,2.65583639546811
2019-07-29,0.4,nairobi,"Nairobi, Kenya",subtropical highland / bimodal rainfall,7,6.4,7,2019,6–9,21.771290322580644,22.31910042743049,-0.6887056390359313,0.6887056390359313,1,1,1,1,1,1,1,1,0,0,0,0,0.06976744186046512,0.20930232558139536,0.37209302325581395,0.627906976744186,6.0,0.6259790966041682,dry-spell threshold,0.5463917525773195,0.0,2.838441971795851
2019-08-01,0.0,tucson,"Tucson, United States",hot semi-arid / monsoonal,0,12.700000000000006,8,2019,0–2,33.28145161290324,19.113990033841972,-1.076774214931737,1.076774214931737,1,1,1,1,0,1,1,1,0,0,0,0,0.28823529411764703,0.5647058823529412,0.7941176470588235,0.9470588235294117,5.0,0.2591629391523137,30-day deficit threshold,0.43478260869565216,0.013850846000839356,3.007689955222025
2019-08-01,0.0,tucson,"Tucson, United States",hot semi-arid / monsoonal,0,12.700000000000006,8,2019,0–2,33.28145161290324,19.113990033841972,-1.076774214931737,1.076774214931737,1,1,1,1,0,1,1,1,0,0,0,0,0.28823529411764703,0.5647058823529412,0.7941176470588235,0.9470588235294117,5.0,0.2591629391523137,high prospective hazard,0.4838709677419355,0.06293920504712269,4.333556037303726
2019-08-02,0.0,london,"London, United Kingdom",temperate maritime,2,52.19999999999999,8,2019,0–2,55.292419354838714,24.80198980927015,-0.12468432487150215,0.12468432487150215,1,1,1,1,0,0,1,1,0,0,1,1,0.3815789473684211,0.6447368421052632,0.8289473684210527,0.95,1.0,0.12468432487150215,season-matched placebo,0.6979166666666666,0.0,2.9944137961834696
2019-08-04,0.1,tokyo,"Tokyo, Japan",humid subtropical,7,142.60000000000005,8,2019,6–9,104.671935483871,67.34377615546884,0.5632007392720136,0.0,0,0,1,1,0,0,1,1,0,0,0,1,0.37142857142857144,0.6428571428571429,0.7714285714285715,0.9428571428571428,6.0,0.0,dry-spell threshold,0.8625,0.0,3.0
2019-08-07,0.4,london,"London, United Kingdom",temperate maritime,7,46.99999999999999,8,2019,6–9,55.292419354838714,24.80198980927015,-0.3343449222666519,0.3343449222666519,1,1,1,1,1,1,1,1,0,1,1,1,0.19696969696969696,0.45454545454545453,0.7121212121212122,0.8636363636363636,6.0,0.16500367052441559,dry-spell threshold,0.8,0.008635384785351197,3.159200934174602
2019-08-09,0.0,tokyo,"Tokyo, Japan",humid subtropical,12,109.00000000000006,8,2019,10–19,104.671935483871,67.34377615546884,0.06426821843398497,0.0,1,1,1,1,0,1,1,1,0,0,1,1,0.3548387096774194,0.5806451612903226,0.8064516129032258,0.9354838709677419,11.0,0.0,random drought day,0.8955223880597015,0.01177297274001754,3.235459454800351
2019-08-10,0.0,nairobi,"Nairobi, Kenya",subtropical highland / bimodal rainfall,7,9.000000000000002,8,2019,6–9,15.798225806451612,13.574939376533305,-0.5007923511027645,0.5007923511027645,1,1,1,1,0,0,0,0,0,0,0,0,0.07692307692307693,0.19230769230769232,0.4230769230769231,0.7019230769230769,6.0,0.4934258357006503,dry-spell threshold,0.5510204081632653,0.0,2.912352298952677
2019-08-12,0.0,cape_town,"Cape Town, South Africa",Mediterranean winter-rainfall,0,76.3,8,2019,0–2,74.69370967741935,33.4152617533005,0.04807055932823843,0.0,1,1,1,1,0,1,1,1,0,0,0,0,0.2782608695652174,0.5681159420289855,0.8173913043478261,0.9536231884057971,3.0,0.1673998461755833,season-matched placebo,0.5431034482758621,0.0,3.0
2019-08-12,1.5,tokyo,"Tokyo, Japan",humid subtropical,0,100.40000000000006,8,2019,0–2,104.671935483871,67.34377615546884,-0.0634347482090818,0.0634347482090818,1,1,1,1,1,1,1,1,1,1,1,1,0.36220472440944884,0.6299212598425197,0.8976377952755905,0.973753280839895,14.0,0.04858556604128355,season-matched placebo,0.8472222222222222,0.0,2.998552070949369
2019-08-13,0.0,london,"London, United Kingdom",temperate maritime,0,66.49999999999999,8,2019,0–2,55.292419354838714,24.80198980927015,0.45188231796516,0.0,1,1,1,1,1,1,1,1,1,1,1,1,0.3815789473684211,0.6447368421052632,0.8289473684210527,0.95,2.0,0.0,season-matched placebo,0.7010309278350515,0.0,3.0
2019-08-17,0.0,cape_town,"Cape Town, South Africa",Mediterranean winter-rainfall,2,77.89999999999999,8,2019,0–2,74.69370967741935,33.4152617533005,0.09595287166242084,0.0,0,0,0,1,0,0,0,1,0,0,0,0,0.2782608695652174,0.5681159420289855,0.8173913043478261,0.9536231884057971,1.0,0.0,season-matched placebo,0.5470085470085471,0.0,3.0
2019-08-19,0.0,tucson,"Tucson, United States",hot semi-arid / monsoonal,7,24.700000000000006,8,2019,6–9,33.28145161290324,19.113990033841972,-0.4489618126675529,0.4489618126675529,0,0,1,1,0,0,0,1,0,0,0,0,0.21686746987951808,0.46987951807228917,0.7831325301204819,0.9397590361445783,6.0,0.4489618126675529,dry-spell threshold,0.37272727272727274,0.0,2.9291497118085372
2019-08-22,0.0,cape_town,"Cape Town, South Africa",Mediterranean winter-rainfall,7,63.4,8,2019,6–9,74.69370967741935,33.4152617533005,-0.33798058386610863,0.33798058386610863,0,1,1,1,0,0,1,1,0,0,0,0,0.1951219512195122,0.47560975609756095,0.8048780487804879,0.9878048780487805,6.0,0.22426009207242528,dry-spell threshold,0.6492537313432836,0.03049338059706841,3.662721807656457
2019-08-22,0.0,tucson,"Tucson, United States",hot semi-arid / monsoonal,10,22.700000000000006,8,2019,10–19,33.28145161290324,19.113990033841972,-0.5535972130449169,0.5535972130449169,0,1,1,1,0,0,1,1,0,0,0,0,0.15789473684210525,0.43859649122807015,0.7894736842105263,0.9298245614035088,9.0,0.48035243278076223,high prospective hazard,0.5,0.0790682373051872,4.841048057475596
2019-08-23,0.0,cape_town,"Cape Town, South Africa",Mediterranean winter-rainfall,8,29.699999999999992,8,2019,6–9,74.69370967741935,33.4152617533005,-1.3465017874048295,1.3465017874048295,0,1,1,1,0,0,1,1,0,0,0,0,0.1951219512195122,0.47560975609756095,0.8048780487804879,0.9878048780487805,7.0,0.33798058386610863,30-day deficit threshold,0.8292682926829268,0.21050794193671163,8.249766457974207
2019-08-23,0.0,cape_town,"Cape Town, South Africa",Mediterranean winter-rainfall,8,29.699999999999992,8,2019,6–9,74.69370967741935,33.4152617533005,-1.3465017874048295,1.3465017874048295,0,1,1,1,0,0,1,1,0,0,0,0,0.1951219512195122,0.47560975609756095,0.8048780487804879,0.9878048780487805,7.0,0.33798058386610863,high prospective hazard,0.8823529411764706,0.2635925904302554,9.70880500136343
2019-08-26,0.0,london,"London, United Kingdom",temperate maritime,7,59.79999999999998,8,2019,6–9,55.292419354838714,24.80198980927015,0.1817427020906398,0.0,1,1,1,1,0,1,1,1,0,0,0,0,0.19696969696969696,0.45454545454545453,0.7121212121212122,0.8636363636363636,6.0,0.0,dry-spell threshold,0.801980198019802,0.010615582805153179,3.2123116561030636
2019-08-29,0.0,darwin,"Darwin, Australia",tropical savanna / monsoon,103,0.2,8,2019,20+,1.365483870967742,1.935645294395855,-0.6021164488876602,0.6021164488876602,0,0,0,0,0,0,0,0,0,0,0,0,0.02575107296137339,0.07510729613733906,0.18240343347639484,0.351931330472103,102.0,0.6021164488876602,random drought day,0.29411764705882354,0.0,2.874925486514716
2019-09-07,0.0,cape_town,"Cape Town, South Africa",Mediterranean winter-rainfall,7,12.799999999999994,9,2019,6–9,54.838166666666666,32.362710563712156,-1.2989692746504202,1.2989692746504202,0,1,1,1,0,0,1,1,0,0,1,1,0.2727272727272727,0.5227272727272727,0.7613636363636364,0.9204545454545454,6.0,1.1290205928435546,dry-spell threshold,0.6518518518518519,0.033091501105636745,3.402703926829457
2019-09-09,0.0,tucson,"Tucson, United States",hot semi-arid / monsoonal,7,11.400000000000007,9,2019,6–9,30.822000000000013,23.461200506695302,-0.8278348754769561,0.8278348754769561,0,0,1,1,0,0,1,1,0,0,0,0,0.040983606557377046,0.16393442622950818,0.48360655737704916,0.7295081967213115,6.0,0.8534090143548355,dry-spell threshold,0.36936936936936937,0.0,2.7720353788569483
2019-09-10,0.3,cape_town,"Cape Town, South Africa",Mediterranean winter-rainfall,10,12.799999999999994,9,2019,10–19,54.838166666666666,32.362710563712156,-1.2989692746504202,1.2989692746504202,1,1,1,1,0,1,1,1,0,1,1,1,0.24528301886792453,0.5471698113207547,0.7924528301886793,0.9433962264150944,9.0,1.2989692746504202,high prospective hazard,0.8857142857142857,0.2669539349680705,9.818660281868796
2019-09-10,0.0,london,"London, United Kingdom",temperate maritime,0,31.09999999999999,9,2019,0–2,47.54533333333333,27.251647633126485,-0.6034619834634427,0.6034619834634427,1,1,1,1,0,0,0,1,0,0,0,1,0.40797546012269936,0.6993865030674846,0.8865030674846626,0.9570552147239264,4.0,0.7355640878376355,high prospective hazard,0.7941176470588235,0.002753031844174636,2.9430624162336683
2019-09-11,0.0,tucson,"Tucson, United States",hot semi-arid / monsoonal,9,7.200000000000006,9,2019,6–9,30.822000000000013,23.461200506695302,-1.0068538476221118,1.0068538476221118,0,0,1,1,0,0,1,1,0,0,0,1,0.040983606557377046,0.16393442622950818,0.48360655737704916,0.7295081967213115,8.0,0.8661960837937752,30-day deficit threshold,0.4583333333333333,0.03740157063852051,3.677268760189011
2019-09-13,0.2,tokyo,"Tokyo, Japan",humid subtropical,4,155.20000000000005,9,2019,3–5,146.19633333333337,85.48757314268123,0.10532135064402044,0.0,0,1,1,1,0,1,1,1,0,1,1,1,0.4563106796116505,0.8058252427184466,0.9320388349514563,1.0,3.0,0.0,random drought day,0.8970588235294118,0.013309408209727813,3.2661881641945563
2019-09-14,0.0,tokyo,"Tokyo, Japan",humid subtropical,5,145.30000000000004,9,2019,3–5,146.19633333333337,85.48757314268123,-0.010484954717773129,0.010484954717773129,1,1,1,1,1,1,1,1,1,1,1,1,0.4563106796116505,0.8058252427184466,0.9320388349514563,1.0,4.0,0.0,random drought day,0.8985507246376812,0.014801309317997169,3.2975345954903967
2019-09-16,0.0,london,"London, United Kingdom",temperate maritime,6,13.899999999999988,9,2019,6–9,47.54533333333333,27.251647633126485,-1.2346164821401417,1.2346164821401417,0,0,1,1,0,0,1,1,0,0,0,1,0.18421052631578946,0.4342105263157895,0.6973684210526315,0.9342105263157895,5.0,0.9704122733917562,30-day deficit threshold,0.9459459459459459,0.1545813307312971,6.7630593988821595
2019-09-16,0.0,nairobi,"Nairobi, Kenya",subtropical highland / bimodal rainfall,7,36.0,9,2019,6–9,16.460666666666665,12.814435967721733,1.5247907424525697,0.0,0,0,1,1,0,0,0,1,0,0,0,1,0.08536585365853659,0.15853658536585366,0.24390243902439024,0.5365853658536586,6.0,0.0,dry-spell threshold,0.5454545454545454,0.0,3.0
2019-09-17,0.0,london,"London, United Kingdom",temperate maritime,7,13.899999999999988,9,2019,6–9,47.54533333333333,27.251647633126485,-1.2346164821401417,1.2346164821401417,0,0,1,1,0,0,1,1,0,0,1,1,0.18421052631578946,0.4342105263157895,0.6973684210526315,0.9342105263157895,6.0,1.2346164821401417,dry-spell threshold,0.803921568627451,0.012556953412802163,2.879474904080085
2019-09-17,0.0,london,"London, United Kingdom",temperate maritime,7,13.899999999999988,9,2019,6–9,47.54533333333333,27.251647633126485,-1.2346164821401417,1.2346164821401417,0,0,1,1,0,0,1,1,0,0,1,1,0.18421052631578946,0.4342105263157895,0.6973684210526315,0.9342105263157895,6.0,1.2346164821401417,random drought day,0.7746478873239436,0.0,2.5361113879243273
2019-09-21,2.5,cape_town,"Cape Town, South Africa",Mediterranean winter-rainfall,7,12.599999999999994,9,2019,6–9,54.838166666666666,32.362710563712156,-1.3051492267161244,1.3051492267161244,0,0,0,1,0,0,0,1,0,0,0,0,0.2727272727272727,0.5227272727272727,0.7613636363636364,0.9204545454545454,6.0,1.3051492267161244,dry-spell threshold,0.6544117647058824,0.0356514139596672,3.46919515208923
2019-09-23,2.9,london,"London, United Kingdom",temperate maritime,0,12.79999999999999,9,2019,0–2,47.54533333333333,27.251647633126485,-1.2749810140322562,1.2749810140322562,1,1,1,1,1,1,1,1,1,1,1,1,0.40797546012269936,0.6993865030674846,0.8865030674846626,0.9570552147239264,12.0,1.3153455459243708,high prospective hazard,0.7864077669902912,0.0,2.51031490415522
2019-09-28,6.6,london,"London, United Kingdom",temperate maritime,0,50.69999999999999,9,2019,0–2,47.54533333333333,27.251647633126485,0.11576058479605159,0.0,1,1,1,1,1,1,1,1,1,1,1,1,0.40797546012269936,0.6993865030674846,0.8865030674846626,0.9570552147239264,0.0,0.04569754277240628,season-matched placebo,0.7040816326530612,0.0,3.0
2019-09-28,0.0,nairobi,"Nairobi, Kenya",subtropical highland / bimodal rainfall,0,41.6,9,2019,0–2,16.460666666666665,12.814435967721733,1.961797881440648,0.0,1,1,1,1,0,1,1,1,0,0,1,1,0.14516129032258066,0.3064516129032258,0.5241935483870968,0.6532258064516129,0.0,0.0,season-matched placebo,0.5681818181818182,0.0,3.0
2019-09-29,2.1,cape_town,"Cape Town, South Africa",Mediterranean winter-rainfall,7,13.499999999999993,9,2019,6–9,54.838166666666666,32.362710563712156,-1.2773394424204556,1.2773394424204556,1,1,1,1,0,0,0,1,0,0,0,0,0.2727272727272727,0.5227272727272727,0.7613636363636364,0.9204545454545454,6.0,1.2773394424204556,dry-spell threshold,0.6496350364963503,0.03087468575013519,3.3549897002233195
2019-09-29,0.0,tucson,"Tucson, United States",hot semi-arid / monsoonal,1,33.20000000000001,9,2019,0–2,30.822000000000013,23.461200506695302,0.10135883708599518,0.0,0,0,0,0,0,0,0,0,0,0,0,0,0.12962962962962962,0.2654320987654321,0.38271604938271603,0.6481481481481481,0.0,0.0,season-matched placebo,0.3619047619047619,0.0,3.0
2019-09-30,0.1,brasilia,"Brasília, Brazil",tropical savanna,3,4.1,9,2019,3–5,19.803000000000004,23.575053826836342,-0.6660854357042744,0.6660854357042744,1,1,1,1,0,0,1,1,0,0,0,0,0.18032786885245902,0.39344262295081966,0.639344262295082,0.9344262295081968,2.0,0.6915360668844669,random drought day,0.4888888888888889,0.0,2.8483526322605575
2019-10-01,0.3,brasilia,"Brasília, Brazil",tropical savanna,4,4.2,10,2019,3–5,80.51935483870969,62.708403403517686,-1.2170514747059957,1.2170514747059957,0,0,1,1,0,0,1,1,0,0,0,0,0.3068181818181818,0.5909090909090909,0.8522727272727273,0.9318181818181818,3.0,0.6660854357042744,30-day deficit threshold,0.6571428571428571,0.04474855337433137,3.7695607290320132
2019-10-02,0.0,tokyo,"Tokyo, Japan",humid subtropical,7,151.10000000000005,10,2019,6–9,213.705,122.12749392753865,-0.5126200332674075,0.5126200332674075,1,1,1,1,1,1,1,1,0,0,1,1,0.375,0.6875,0.9375,1.0,6.0,0.5126200332674075,dry-spell threshold,0.8641975308641975,0.0,2.90829134874278
2019-10-03,2.0,london,"London, United Kingdom",temperate maritime,1,78.49999999999999,10,2019,0–2,55.27048387096774,29.11101390576616,0.7979631422054683,0.0,1,1,1,1,1,1,1,1,0,1,1,1,0.38213399503722084,0.6799007444168734,0.8660049627791563,0.9578163771712159,0.0,0.0,season-matched placebo,0.7070707070707071,0.0,3.0
2019-10-04,0.0,brasilia,"Brasília, Brazil",tropical savanna,7,4.5,10,2019,6–9,80.51935483870969,62.708403403517686,-1.2122674268955365,1.2122674268955365,0,1,1,1,0,1,1,1,0,0,0,0,0.3076923076923077,0.5769230769230769,0.75,0.9038461538461539,6.0,1.2122674268955365,dry-spell threshold,0.5,0.0,2.5502590653643487
2019-10-05,0.0,tucson,"Tucson, United States",hot semi-arid / monsoonal,7,29.300000000000008,10,2019,6–9,15.33870967741937,15.940629497249008,0.8758305514214505,0.0,0,0,0,0,0,0,0,0,0,0,0,0,0.05813953488372093,0.12790697674418605,0.29069767441860467,0.38372093023255816,6.0,0.0,dry-spell threshold,0.375,0.0,3.0
2019-10-07,0.0,cape_town,"Cape Town, South Africa",Mediterranean winter-rainfall,7,13.399999999999993,10,2019,6–9,35.513225806451615,24.33572772403693,-0.9086732912700165,0.9086732912700165,1,1,1,1,1,1,1,1,0,0,0,0,0.20202020202020202,0.3838383838383838,0.6262626262626263,0.8080808080808081,6.0,0.9086732912700165,dry-spell threshold,0.644927536231884,0.026167185485668876,3.4220525564869795
2019-10-07,0.0,cape_town,"Cape Town, South Africa",Mediterranean winter-rainfall,7,13.399999999999993,10,2019,6–9,35.513225806451615,24.33572772403693,-0.9086732912700165,0.9086732912700165,1,1,1,1,1,1,1,1,0,0,0,0,0.20202020202020202,0.3838383838383838,0.6262626262626263,0.8080808080808081,6.0,0.9086732912700165,random drought day,0.5882352941176471,0.0,2.729549523856004
2019-10-07,3.2,london,"London, United Kingdom",temperate maritime,0,85.39999999999999,10,2019,0–2,55.27048387096774,29.11101390576616,1.0349868344181703,0.0,1,1,1,1,0,0,1,1,0,0,1,1,0.38213399503722084,0.6799007444168734,0.8660049627791563,0.9578163771712159,1.0,0.0,season-matched placebo,0.71,0.0,3.0
2019-10-08,0.3,brasilia,"Brasília, Brazil",tropical savanna,0,9.9,10,2019,0–2,80.51935483870969,62.708403403517686,-1.1261545663072683,1.1261545663072683,1,1,1,1,1,1,1,1,0,0,0,1,0.6385542168674698,0.7590361445783133,0.9060240963855422,0.9783132530120482,0.0,1.1612375835839701,random drought day,0.5,0.0,2.603744252408808
2019-10-09,0.0,tokyo,"Tokyo, Japan",humid subtropical,0,77.70000000000006,10,2019,0–2,213.705,122.12749392753865,-1.1136313014061778,1.1136313014061778,1,1,1,1,1,1,1,1,1,1,1,1,0.3720430107526882,0.7118279569892473,0.9354838709677419,0.989247311827957,0.0,0.5150764825922252,30-day deficit threshold,0.8983050847457628,0.014555669426078777,3.005872974500405
2019-10-13,0.0,cape_town,"Cape Town, South Africa",Mediterranean winter-rainfall,4,7.399999999999993,10,2019,3–5,35.513225806451615,24.33572772403693,-1.155224373203501,1.155224373203501,0,0,0,1,0,0,0,1,0,0,0,1,0.2064516129032258,0.44516129032258067,0.7096774193548387,0.8387096774193549,3.0,0.8675814442811024,30-day deficit threshold,0.8333333333333334,0.2145729825871182,8.421582941157705
2019-10-13,0.0,cape_town,"Cape Town, South Africa",Mediterranean winter-rainfall,4,7.399999999999993,10,2019,3–5,35.513225806451615,24.33572772403693,-1.155224373203501,1.155224373203501,0,0,0,1,0,0,0,1,0,0,0,1,0.2064516129032258,0.44516129032258067,0.7096774193548387,0.8387096774193549,3.0,0.8675814442811024,random drought day,0.5930232558139535,0.0,2.5858832101964695
2019-10-14,0.4,mumbai,"Mumbai, India",tropical monsoon,0,232.99999999999997,10,2019,0–2,146.12016129032259,126.6642379396545,0.6859066151810644,0.0,0,0,1,1,0,0,1,1,0,0,1,1,0.48148148148148145,0.5962962962962963,0.6962962962962963,0.7666666666666667,0.0,0.0,season-matched placebo,0.5238095238095238,0.1952818335441368,6.905636670882736
2019-10-16,0.0,cape_town,"Cape Town, South Africa",Mediterranean winter-rainfall,7,6.399999999999993,10,2019,6–9,35.513225806451615,24.33572772403693,-1.1963162201924151,1.1963162201924151,0,0,1,1,0,0,0,1,0,0,0,1,0.20202020202020202,0.3838383838383838,0.6262626262626263,0.8080808080808081,6.0,1.1963162201924151,dry-spell threshold,0.6474820143884892,0.02872166364227402,3.343773237739851
2019-10-17,0.0,brasilia,"Brasília, Brazil",tropical savanna,7,11.700000000000001,10,2019,6–9,80.51935483870969,62.708403403517686,-1.0974502794445122,1.0974502794445122,0,0,1,1,0,0,1,1,0,0,1,1,0.3076923076923077,0.5769230769230769,0.75,0.9038461538461539,6.0,1.0974502794445122,dry-spell threshold,0.5087719298245614,0.0,2.6211686452234746
2019-10-23,0.0,tucson,"Tucson, United States",hot semi-arid / monsoonal,25,23.500000000000007,10,2019,20+,15.33870967741937,15.940629497249008,0.5119804286266795,0.0,0,0,0,1,0,0,0,0,0,0,0,0,0.09473684210526316,0.22631578947368422,0.45789473684210524,0.7157894736842105,24.0,0.0,random drought day,0.34375,0.0,3.0
2019-10-24,15.0,mumbai,"Mumbai, India",tropical monsoon,0,229.7,10,2019,0–2,146.12016129032259,126.6642379396545,0.6598534840551963,0.0,1,1,1,1,1,1,1,1,0,1,1,1,0.48148148148148145,0.5962962962962963,0.6962962962962963,0.7666666666666667,0.0,0.0,season-matched placebo,0.5454545454545454,0.21692685518915839,7.3385371037831675
2019-10-24,17.5,tokyo,"Tokyo, Japan",humid subtropical,1,233.60000000000008,10,2019,0–2,213.705,122.12749392753865,0.16290353105750519,0.0,1,1,1,1,1,1,1,1,1,1,1,1,0.3720430107526882,0.7118279569892473,0.9354838709677419,0.989247311827957,0.0,0.0,season-matched placebo,0.8493150684931506,0.0,3.0
2019-10-30,0.2,cape_town,"Cape Town, South Africa",Mediterranean winter-rainfall,1,47.39999999999999,10,2019,0–2,35.513225806451615,24.33572772403693,0.48844950635306256,0.0,0,0,1,1,0,0,1,1,0,0,0,0,0.15767634854771784,0.3651452282157676,0.6846473029045643,0.8713692946058091,0.0,0.0,season-matched placebo,0.5423728813559322,0.0,3.0
2019-11-01,0.0,brasilia,"Brasília, Brazil",tropical savanna,1,54.0,11,2019,0–2,181.40016666666668,77.34286898141298,-1.6472128373888413,1.6472128373888413,0,1,1,1,0,1,1,1,0,1,1,1,0.7877094972067039,0.9124767225325885,0.9851024208566108,1.0,0.0,0.4181154903592856,30-day deficit threshold,0.6666666666666666,0.05427236289814086,3.756366207946353
2019-11-01,0.0,brasilia,"Brasília, Brazil",tropical savanna,1,54.0,11,2019,0–2,181.40016666666668,77.34286898141298,-1.6472128373888413,1.6472128373888413,0,1,1,1,0,1,1,1,0,1,1,1,0.7877094972067039,0.9124767225325885,0.9851024208566108,1.0,0.0,0.4181154903592856,high prospective hazard,0.9074074074074074,0.29501310363888167,10.380042764047719
2019-11-01,8.3,darwin,"Darwin, Australia",tropical savanna / monsoon,0,79.3,11,2019,0–2,124.88149999999999,77.89839455474686,-0.5851404288950447,0.5851404288950447,1,1,1,1,0,1,1,1,0,1,1,1,0.7279411764705882,0.9136029411764706,0.9944852941176471,1.0,0.0,0.0,high prospective hazard,0.9767441860465116,0.4472259512696406,13.986749244670987
2019-11-05,0.0,cape_town,"Cape Town, South Africa",Mediterranean winter-rainfall,7,47.4,11,2019,6–9,30.023833333333332,22.611931534444818,0.7684512329341482,0.0,1,1,1,1,1,1,1,1,0,0,0,0,0.20161290322580644,0.43548387096774194,0.6290322580645161,0.7258064516129032,6.0,0.0,dry-spell threshold,0.6428571428571429,0.024096792110927745,3.481935842218555
2019-11-08,2.1,mumbai,"Mumbai, India",tropical monsoon,0,174.5,11,2019,0–2,20.42516666666667,27.409647899395537,5.621189805095276,0.0,1,1,1,1,0,0,0,0,0,0,0,0,0.23333333333333334,0.31666666666666665,0.4166666666666667,0.5166666666666667,5.0,0.0,season-matched placebo,0.5652173913043478,0.23668970103896075,7.733794020779215
2019-11-10,14.5,tokyo,"Tokyo, Japan",humid subtropical,6,329.80000000000007,11,2019,6–9,127.82533333333335,90.86569530095744,2.2227823822588255,0.0,1,1,1,1,0,1,1,1,0,0,0,1,0.2714285714285714,0.5142857142857142,0.8142857142857143,1.0,5.0,0.0,random drought day,0.9,0.016250584680316038,3.3250116936063208
2019-11-11,0.0,mumbai,"Mumbai, India",tropical monsoon,2,166.1,11,2019,0–2,20.42516666666667,27.409647899395537,5.314728371120224,0.0,0,0,0,0,0,0,0,0,0,0,0,0,0.23333333333333334,0.31666666666666665,0.4166666666666667,0.5166666666666667,1.0,0.0,season-matched placebo,0.5416666666666666,0.2131389764012796,7.262779528025592
2019-11-12,0.4,cape_town,"Cape Town, South Africa",Mediterranean winter-rainfall,0,53.3,11,2019,0–2,30.023833333333332,22.611931534444818,1.0293754264738515,0.0,0,0,0,0,0,0,0,0,0,0,0,0,0.1683673469387755,0.34183673469387754,0.5408163265306123,0.8214285714285714,4.0,0.0,season-matched placebo,0.5462184873949579,0.0,3.0
2019-11-13,0.0,cape_town,"Cape Town, South Africa",Mediterranean winter-rainfall,1,53.699999999999996,11,2019,0–2,30.023833333333332,22.611931534444818,1.0470652023070517,0.0,0,0,0,0,0,0,0,0,0,0,0,0,0.1683673469387755,0.34183673469387754,0.5408163265306123,0.8214285714285714,0.0,0.0,season-matched placebo,0.5416666666666666,0.0,3.0
2019-11-15,4.0,brasilia,"Brasília, Brazil",tropical savanna,7,78.5,11,2019,6–9,181.40016666666668,77.34286898141298,-1.3304415522961222,1.3304415522961222,1,1,1,1,1,1,1,1,0,1,1,1,0.7666666666666667,0.9066666666666666,0.985,1.0,6.0,1.3394921604416286,dry-spell threshold,0.5172413793103449,0.0,2.474412580185353
2019-11-16,0.0,mumbai,"Mumbai, India",tropical monsoon,7,156.5,11,2019,6–9,20.42516666666667,27.409647899395537,4.964486732291595,0.0,0,0,0,0,0,0,0,0,0,0,0,0,0.0425531914893617,0.10638297872340426,0.19148936170212766,0.3617021276595745,6.0,0.0,dry-spell threshold,0.34615384615384615,0.017626155888459116,3.3525231177691825
2019-11-19,0.0,cape_town,"Cape Town, South Africa",Mediterranean winter-rainfall,7,53.699999999999996,11,2019,6–9,30.023833333333332,22.611931534444818,1.0470652023070517,0.0,0,0,0,1,0,0,0,0,0,0,0,0,0.20161290322580644,0.43548387096774194,0.6290322580645161,0.7258064516129032,6.0,0.0,dry-spell threshold,0.6453900709219859,0.0266297201757707,3.532594403515414
2019-11-23,0.0,tucson,"Tucson, United States",hot semi-arid / monsoonal,0,31.800000000000004,11,2019,0–2,15.756500000000011,21.924639277056514,0.7317566230970579,0.0,0,1,1,1,0,1,1,1,0,0,1,1,0.15841584158415842,0.32673267326732675,0.504950495049505,0.7425742574257426,0.0,0.0,season-matched placebo,0.3584905660377358,0.0,3.0
2019-11-29,19.1,tucson,"Tucson, United States",hot semi-arid / monsoonal,0,43.00000000000001,11,2019,0–2,15.756500000000011,21.924639277056514,1.2425974108732323,0.0,0,0,1,1,0,0,0,1,0,0,0,1,0.15841584158415842,0.32673267326732675,0.504950495049505,0.7425742574257426,1.0,0.0,season-matched placebo,0.3644859813084112,0.0,3.0
2019-11-30,1.9,brasilia,"Brasília, Brazil",tropical savanna,0,167.3,11,2019,0–2,181.40016666666668,77.34286898141298,-0.18230726183761317,0.18230726183761317,1,1,1,1,1,1,1,1,1,1,1,1,0.7877094972067039,0.9124767225325885,0.9851024208566108,1.0,0.0,0.16808487760896057,season-matched placebo,0.6938775510204082,0.08148324725188238,4.759233511330351
2019-12-01,5.9,brasilia,"Brasília, Brazil",tropical savanna,0,169.2,12,2019,0–2,239.62129032258068,67.26353902146869,-1.046945958346083,1.046945958346083,1,1,1,1,1,1,1,1,0,1,1,1,0.8259325044404974,0.9325044404973357,0.9911190053285968,1.0,0.0,0.18230726183761317,30-day deficit threshold,0.6756756756756757,0.06328137190714989,4.355291214062428
2019-12-01,5.9,brasilia,"Brasília, Brazil",tropical savanna,0,169.2,12,2019,0–2,239.62129032258068,67.26353902146869,-1.046945958346083,1.046945958346083,1,1,1,1,1,1,1,1,0,1,1,1,0.8259325044404974,0.9325044404973357,0.9911190053285968,1.0,0.0,0.18230726183761317,high prospective hazard,0.9090909090909091,0.2966966053223833,10.640609842761371
2019-12-01,2.5,darwin,"Darwin, Australia",tropical savanna / monsoon,0,117.3,12,2019,0–2,235.83209677419353,95.03366235738179,-1.2472643254391689,1.2472643254391689,1,1,1,1,1,1,1,1,0,0,0,1,0.8347826086956521,0.9652173913043478,0.9982608695652174,1.0,3.0,0.08705570941175114,30-day deficit threshold,0.8333333333333334,0.3038150985564624,10.841740982384417
2019-12-01,2.5,darwin,"Darwin, Australia",tropical savanna / monsoon,0,117.3,12,2019,0–2,235.83209677419353,95.03366235738179,-1.2472643254391689,1.2472643254391689,1,1,1,1,1,1,1,1,0,0,0,1,0.8347826086956521,0.9652173913043478,0.9982608695652174,1.0,3.0,0.08705570941175114,high prospective hazard,0.9772727272727273,0.4477544924958563,14.780538146589116
2019-12-05,2.3,mumbai,"Mumbai, India",tropical monsoon,0,7.0,12,2019,0–2,8.210322580645165,22.833093699906243,-0.053007384656339196,0.053007384656339196,0,0,0,0,0,0,0,0,0,0,0,0,0.00825082508250825,0.019801980198019802,0.036303630363036306,0.066006600660066,25.0,0.14059954480274162,season-matched placebo,0.52,0.191472309734613,6.928604513545476
2019-12-06,4.6,london,"London, United Kingdom",temperate maritime,7,67.69999999999999,12,2019,6–9,58.340161290322584,25.556611744344465,0.36623942184936487,0.0,0,1,1,1,0,1,1,1,0,0,1,1,0.16176470588235295,0.47058823529411764,0.7794117647058824,0.9705882352941176,6.0,0.0,dry-spell threshold,0.8058252427184466,0.01446062750379773,3.2892125500759546
2019-12-07,0.0,tucson,"Tucson, United States",hot semi-arid / monsoonal,7,62.10000000000001,12,2019,6–9,25.111129032258077,25.327839224007104,1.460403733638749,0.0,0,1,1,1,0,1,1,1,0,1,1,1,0.189873417721519,0.3291139240506329,0.45569620253164556,0.569620253164557,6.0,0.0,dry-spell threshold,0.37168141592920356,0.0,3.0
2019-12-09,0.7,tokyo,"Tokyo, Japan",humid subtropical,1,145.80000000000007,12,2019,0–2,77.44306451612907,50.27902436482055,1.359551748416568,0.0,1,1,1,1,0,0,1,1,0,0,1,1,0.24161073825503357,0.4966442953020134,0.7315436241610739,0.9261744966442953,0.0,0.0,season-matched placebo,0.8513513513513513,0.0,3.0
2019-12-10,4.7,nairobi,"Nairobi, Kenya",subtropical highland / bimodal rainfall,0,337.7,12,2019,0–2,57.59387096774193,34.13512578169223,8.20580333652932,0.0,1,1,1,1,0,1,1,1,0,0,0,1,0.38292011019283745,0.6060606060606061,0.8126721763085399,0.9090909090909091,0.0,0.0,season-matched placebo,0.5730337078651685,0.0,3.0
2019-12-12,0.0,cape_town,"Cape Town, South Africa",Mediterranean winter-rainfall,30,1.3999999999999928,12,2019,20+,15.709032258064516,12.469926953350525,-1.147483246020126,1.147483246020126,0,1,1,1,0,1,1,1,0,0,1,1,0.10619469026548672,0.2831858407079646,0.5575221238938053,0.7256637168141593,29.0,0.89086586470177,30-day deficit threshold,0.813953488372093,0.19519313762587787,7.896047369694783
2019-12-13,0.0,mumbai,"Mumbai, India",tropical monsoon,7,4.699999999999999,12,2019,6–9,8.210322580645165,22.833093699906243,-0.15373836882470202,0.15373836882470202,0,0,0,1,0,0,0,1,0,0,0,0,0.00825082508250825,0.019801980198019802,0.036303630363036306,0.066006600660066,6.0,0.15373836882470202,dry-spell threshold,0.3333333333333333,0.004805643067946286,3.0947235432074494
2019-12-14,4.4,cape_town,"Cape Town, South Africa",Mediterranean winter-rainfall,32,0.9999999999999928,12,2019,20+,15.709032258064516,12.469926953350525,-1.1795604186849207,1.1795604186849207,0,1,1,1,0,0,1,1,0,0,1,1,0.10619469026548672,0.2831858407079646,0.5575221238938053,0.7256637168141593,31.0,1.1795604186849207,random drought day,0.5862068965517241,0.0,2.5707744185762933
2019-12-15,0.0,tokyo,"Tokyo, Japan",humid subtropical,7,130.10000000000005,12,2019,6–9,77.44306451612907,50.27902436482055,1.047294297156534,0.0,1,1,1,1,1,1,1,1,1,1,1,1,0.17708333333333334,0.3854166666666667,0.7083333333333334,0.9375,6.0,0.0,dry-spell threshold,0.8658536585365854,0.0,3.0
2019-12-16,0.3,nairobi,"Nairobi, Kenya",subtropical highland / bimodal rainfall,0,312.40000000000003,12,2019,0–2,57.59387096774193,34.13512578169223,7.464631320295847,0.0,1,1,1,1,1,1,1,1,0,0,1,1,0.38292011019283745,0.6060606060606061,0.8126721763085399,0.9090909090909091,0.0,0.0,season-matched placebo,0.5777777777777777,0.0,3.0
2019-12-17,0.0,tucson,"Tucson, United States",hot semi-arid / monsoonal,7,84.9,12,2019,6–9,25.111129032258077,25.327839224007104,2.360598961441242,0.0,0,0,1,1,0,0,1,1,0,0,1,1,0.189873417721519,0.3291139240506329,0.45569620253164556,0.569620253164557,6.0,0.0,dry-spell threshold,0.37719298245614036,0.0,3.0
2019-12-18,0.0,tucson,"Tucson, United States",hot semi-arid / monsoonal,8,84.9,12,2019,6–9,25.111129032258077,25.327839224007104,2.360598961441242,0.0,0,0,1,1,0,0,1,1,0,0,1,1,0.189873417721519,0.3291139240506329,0.45569620253164556,0.569620253164557,7.0,0.0,random drought day,0.3384615384615385,0.0,3.0
2019-12-19,6.9,brasilia,"Brasília, Brazil",tropical savanna,5,199.8,12,2019,3–5,239.62129032258068,67.26353902146869,-0.5920189585901925,0.5920189585901925,0,1,1,1,0,1,1,1,0,0,1,1,0.6296296296296297,0.8148148148148148,0.8518518518518519,1.0,4.0,0.48051724296374876,random drought day,0.5106382978723404,0.0,2.878917415544257
2019-12-19,0.0,nairobi,"Nairobi, Kenya",subtropical highland / bimodal rainfall,1,315.59999999999997,12,2019,0–2,57.59387096774193,34.13512578169223,7.558376397447906,0.0,0,1,1,1,0,1,1,1,0,1,1,1,0.38292011019283745,0.6060606060606061,0.8126721763085399,0.9090909090909091,0.0,0.0,season-matched placebo,0.5824175824175825,0.0,3.0
2019-12-20,0.0,brasilia,"Brasília, Brazil",tropical savanna,0,200.4,12,2019,0–2,239.62129032258068,67.26353902146869,-0.5830988213400771,0.5830988213400771,1,1,1,1,0,1,1,1,0,1,1,1,0.8259325044404974,0.9325044404973357,0.9911190053285968,1.0,5.0,0.5920189585901925,high prospective hazard,0.9107142857142857,0.2983199819457599,10.286217053664613
2019-12-20,1.7,tokyo,"Tokyo, Japan",humid subtropical,0,136.40000000000006,12,2019,0–2,77.44306451612907,50.27902436482055,1.1725950578532356,0.0,1,1,1,1,0,1,1,1,0,1,1,1,0.24161073825503357,0.4966442953020134,0.7315436241610739,0.9261744966442953,1.0,0.0,season-matched placebo,0.8533333333333334,0.0,3.0
2019-12-22,3.2,brasilia,"Brasília, Brazil",tropical savanna,2,165.6,12,2019,0–2,239.62129032258068,67.26353902146869,-1.100466781846776,1.100466781846776,1,1,1,1,1,1,1,1,1,1,1,1,0.8259325044404974,0.9325044404973357,0.9911190053285968,1.0,1.0,0.8967903146358052,30-day deficit threshold,0.6842105263157895,0.07181622254726372,4.56346109637356
2019-12-22,2.5,london,"London, United Kingdom",temperate maritime,0,109.79999999999998,12,2019,0–2,58.340161290322584,25.556611744344465,2.0135626437673286,0.0,1,1,1,1,0,1,1,1,0,0,1,1,0.42592592592592593,0.6904761904761905,0.8571428571428571,0.9682539682539683,0.0,0.0,season-matched placebo,0.7128712871287128,0.0,3.0
2019-12-23,0.0,cape_town,"Cape Town, South Africa",Mediterranean winter-rainfall,1,15.399999999999993,12,2019,0–2,15.709032258064516,12.469926953350525,-0.024782202752317604,0.024782202752317604,0,1,1,1,0,1,1,1,0,0,0,0,0.0851063829787234,0.23404255319148937,0.44680851063829785,0.6666666666666666,0.0,0.024782202752317604,season-matched placebo,0.5371900826446281,0.0,2.999778919567014
2019-12-25,3.0,tucson,"Tucson, United States",hot semi-arid / monsoonal,0,61.000000000000014,12,2019,0–2,25.111129032258077,25.327839224007104,1.4169732621219624,0.0,0,1,1,1,0,1,1,1,0,1,1,1,0.16666666666666666,0.3563218390804598,0.6379310344827587,0.7873563218390804,14.0,0.0,season-matched placebo,0.3611111111111111,0.0,3.0
2019-12-31,0.0,cape_town,"Cape Town, South Africa",Mediterranean winter-rainfall,4,19.599999999999994,12,2019,3–5,15.709032258064516,12.469926953350525,0.31202811022802507,0.0,0,0,1,1,0,0,0,0,0,0,0,0,0.1134020618556701,0.2268041237113402,0.3917525773195876,0.5979381443298969,3.0,0.0,random drought day,0.5909090909090909,0.0,3.0
2019-12-31,0.0,tucson,"Tucson, United States",hot semi-arid / monsoonal,2,45.800000000000004,12,2019,0–2,25.111129032258077,25.327839224007104,0.8168431102536331,0.0,0,1,1,1,0,0,0,1,0,0,0,1,0.16666666666666666,0.3563218390804598,0.6379310344827587,0.7873563218390804,1.0,0.0,season-matched placebo,0.3669724770642202,0.0,3.0
2020-01-01,16.4,brasilia,"Brasília, Brazil",tropical savanna,0,120.69999999999999,1,2020,0–2,238.4326050420168,65.85281015382101,-1.787814442041477,1.787814442041477,1,1,1,1,1,1,1,1,1,1,1,1,0.8050089445438283,0.9159212880143113,0.9838998211091234,0.9964221824686941,4.0,1.733796526604976,high prospective hazard,0.9122807017543859,0.29988639798586014,10.378448435867513
2020-01-02,0.0,mumbai,"Mumbai, India",tropical monsoon,7,6.5,1,2020,6–9,3.0305882352941196,11.295993397002059,0.3071364901493885,0.0,0,0,0,0,0,0,0,0,0,0,0,0,0.0,0.0,0.0,0.0,6.0,0.0,dry-spell threshold,0.32142857142857145,0.0,3.0
2020-01-02,0.7,tucson,"Tucson, United States",hot semi-arid / monsoonal,4,45.800000000000004,1,2020,3–5,30.94554621848741,34.211305053009895,0.4341972268668454,0.0,0,0,1,1,0,0,0,1,0,0,0,1,0.18811881188118812,0.43564356435643564,0.6534653465346535,0.8118811881188119,3.0,0.0,random drought day,0.3484848484848485,0.0,3.0
2020-01-03,0.0,cape_town,"Cape Town, South Africa",Mediterranean winter-rainfall,7,18.89999999999999,1,2020,6–9,13.84655462184874,12.698939511184065,0.39794231429330285,0.0,0,1,1,1,0,0,0,0,0,0,0,0,0.1271186440677966,0.2796610169491525,0.3389830508474576,0.5677966101694916,6.0,0.0,dry-spell threshold,0.6408450704225352,0.022084719676320086,3.4416943935264017
2020-01-03,4.1,london,"London, United Kingdom",temperate maritime,7,97.39999999999999,1,2020,6–9,54.43781512605042,29.21881165985792,1.4703604436101316,0.0,0,1,1,1,0,1,1,1,0,0,0,1,0.1746031746031746,0.42857142857142855,0.746031746031746,0.9682539682539683,6.0,0.0,dry-spell threshold,0.8076923076923077,0.01632769247765886,3.3265538495531772
2020-01-03,0.0,tokyo,"Tokyo, Japan",humid subtropical,7,53.70000000000006,1,2020,6–9,56.298487394958,37.50707562065987,-0.0692799252396694,0.0692799252396694,1,1,1,1,1,1,1,1,0,0,1,1,0.21568627450980393,0.46078431372549017,0.7941176470588235,0.9803921568627451,6.0,0.06661376163333077,dry-spell threshold,0.8674698795180723,0.0,2.998273099739211
2020-01-05,0.0,tucson,"Tucson, United States",hot semi-arid / monsoonal,7,46.300000000000004,1,2020,6–9,30.94554621848741,34.211305053009895,0.4488122787985171,0.0,0,0,1,1,0,0,1,1,0,0,1,1,0.225,0.3625,0.55,0.8,6.0,0.0,dry-spell threshold,0.3826086956521739,0.0,3.0
2020-01-06,2.3,brasilia,"Brasília, Brazil",tropical savanna,0,132.1,1,2020,0–2,238.4326050420168,65.85281015382101,-1.6147011007372631,1.6147011007372631,1,1,1,1,1,1,1,1,1,1,1,1,0.8050089445438283,0.9159212880143113,0.9838998211091234,0.9964221824686941,0.0,1.502329282697686,random drought day,0.5208333333333334,0.0,2.2850680991555725
2020-01-06,0.0,cape_town,"Cape Town, South Africa",Mediterranean winter-rainfall,10,18.999999999999993,1,2020,10–19,13.84655462184874,12.698939511184065,0.40581698760062357,0.0,0,1,1,1,0,0,0,1,0,0,0,1,0.05027932960893855,0.12849162011173185,0.30726256983240224,0.6145251396648045,9.0,0.0,random drought day,0.5842696629213483,0.0,3.0
2020-01-06,3.9,nairobi,"Nairobi, Kenya",subtropical highland / bimodal rainfall,7,149.4,1,2020,6–9,38.80621848739496,39.3988033067764,2.8070340271879135,0.0,1,1,1,1,1,1,1,1,0,0,1,1,0.14130434782608695,0.2608695652173913,0.40217391304347827,0.5543478260869565,6.0,0.0,dry-spell threshold,0.54,0.0,3.0
2020-01-08,2.1,london,"London, United Kingdom",temperate maritime,1,95.49999999999999,1,2020,0–2,54.43781512605042,29.21881165985792,1.405333842866806,0.0,1,1,1,1,1,1,1,1,0,0,1,1,0.37755102040816324,0.6938775510204082,0.8596938775510204,0.9693877551020408,0.0,0.0,season-matched placebo,0.7156862745098039,0.0,3.0
2020-01-11,0.0,tucson,"Tucson, United States",hot semi-arid / monsoonal,0,30.10000000000001,1,2020,0–2,30.94554621848741,34.211305053009895,-0.02471540378764394,0.02471540378764394,0,0,1,1,0,0,0,1,0,0,0,0,0.18848167539267016,0.36649214659685864,0.6649214659685864,0.8272251308900523,12.0,0.20594204774037236,season-matched placebo,0.36363636363636365,0.0,2.9997801096920513
2020-01-12,0.0,tucson,"Tucson, United States",hot semi-arid / monsoonal,1,30.10000000000001,1,2020,0–2,30.94554621848741,34.211305053009895,-0.02471540378764394,0.02471540378764394,0,0,1,1,0,0,0,1,0,0,0,0,0.18848167539267016,0.36649214659685864,0.6649214659685864,0.8272251308900523,0.0,0.02471540378764394,season-matched placebo,0.36036036036036034,0.0,2.9997801096920513
2020-01-16,0.0,brasilia,"Brasília, Brazil",tropical savanna,6,104.5,1,2020,6–9,238.4326050420168,65.85281015382101,-2.0338176112632538,2.0338176112632538,1,1,1,1,1,1,1,1,1,1,1,1,0.7709677419354839,0.9032258064516129,0.9774193548387097,0.9967741935483871,5.0,2.0338176112632538,high prospective hazard,0.9137931034482759,0.30139879967975014,10.12976804593812
2020-01-17,7.5,brasilia,"Brasília, Brazil",tropical savanna,7,104.5,1,2020,6–9,238.4326050420168,65.85281015382101,-2.0338176112632538,2.0338176112632538,1,1,1,1,1,1,1,1,1,1,1,1,0.7709677419354839,0.9032258064516129,0.9774193548387097,0.9967741935483871,6.0,2.0338176112632538,dry-spell threshold,0.5254237288135594,0.0,2.004852157752568
2020-01-18,4.2,nairobi,"Nairobi, Kenya",subtropical highland / bimodal rainfall,0,131.5,1,2020,0–2,38.80621848739496,39.3988033067764,2.352705507089911,0.0,1,1,1,1,1,1,1,1,0,0,0,1,0.3453815261044177,0.5220883534136547,0.678714859437751,0.8112449799196787,0.0,0.0,season-matched placebo,0.5869565217391305,0.0,3.0
2020-01-18,0.0,tucson,"Tucson, United States",hot semi-arid / monsoonal,7,30.60000000000001,1,2020,6–9,30.94554621848741,34.211305053009895,-0.010100351855972299,0.010100351855972299,0,1,1,1,0,1,1,1,0,0,0,0,0.225,0.3625,0.55,0.8,6.0,0.010100351855972299,dry-spell threshold,0.3879310344827586,0.0,2.9999632742908564
2020-01-20,0.0,cape_town,"Cape Town, South Africa",Mediterranean winter-rainfall,0,26.999999999999993,1,2020,0–2,13.84655462184874,12.698939511184065,1.035790852186271,0.0,0,0,1,1,0,0,1,1,0,0,0,0,0.1,0.23846153846153847,0.4461538461538462,0.5846153846153846,0.0,0.0,season-matched placebo,0.5409836065573771,0.0,3.0
2020-01-22,0.5,tucson,"Tucson, United States",hot semi-arid / monsoonal,0,33.50000000000001,1,2020,0–2,30.94554621848741,34.211305053009895,0.07466694934772317,0.0,0,0,0,0,0,0,0,0,0,0,0,0,0.18848167539267016,0.36649214659685864,0.6649214659685864,0.8272251308900523,10.0,0.010100351855972299,season-matched placebo,0.35714285714285715,0.0,3.0
2020-01-24,14.9,brasilia,"Brasília, Brazil",tropical savanna,0,162.5,1,2020,0–2,238.4326050420168,65.85281015382101,-1.1530655239260268,1.1530655239260268,1,1,1,1,1,1,1,1,1,1,1,1,0.8050089445438283,0.9159212880143113,0.9838998211091234,0.9964221824686941,0.0,1.2578446515575241,random drought day,0.5306122448979592,0.0,2.587216775813473
2020-01-24,0.3,london,"London, United Kingdom",temperate maritime,7,46.899999999999984,1,2020,6–9,54.43781512605042,29.21881165985792,-0.2579781550940421,0.2579781550940421,0,1,1,1,0,1,1,1,0,1,1,1,0.1746031746031746,0.42857142857142855,0.746031746031746,0.9682539682539683,6.0,0.1553045749730021,dry-spell threshold,0.8095238095238095,0.018159194309160687,3.383012792810174
2020-01-24,0.0,mumbai,"Mumbai, India",tropical monsoon,29,1.3,1,2020,20+,3.0305882352941196,11.295993397002059,-0.15320372228204518,0.15320372228204518,0,0,0,0,0,0,0,0,0,0,0,0,0.013725490196078431,0.03333333333333333,0.07058823529411765,0.12352941176470589,28.0,0.10894024031748424,random drought day,0.37037037037037035,0.04184268010498332,3.890001700306806
2020-01-26,0.0,tucson,"Tucson, United States",hot semi-arid / monsoonal,4,23.300000000000008,1,2020,3–5,30.94554621848741,34.211305053009895,-0.22348011005837826,0.22348011005837826,0,0,0,0,0,0,0,0,0,0,0,0,0.18811881188118812,0.43564356435643564,0.6534653465346535,0.8118811881188119,3.0,0.22348011005837826,random drought day,0.34328358208955223,0.0,2.9821275040460535
2020-01-28,4.1,brasilia,"Brasília, Brazil",tropical savanna,0,240.39999999999998,1,2020,0–2,238.4326050420168,65.85281015382101,0.029875641652765808,0.0,1,1,1,1,1,1,1,1,0,0,0,1,0.8050089445438283,0.9159212880143113,0.9838998211091234,0.9964221824686941,0.0,0.12957085691690462,season-matched placebo,0.7,0.08760569623147418,4.752113924629484
2020-01-28,0.0,cape_town,"Cape Town, South Africa",Mediterranean winter-rainfall,1,22.899999999999995,1,2020,0–2,13.84655462184874,12.698939511184065,0.7129292465861269,0.0,0,0,1,1,0,0,0,0,0,0,0,0,0.1,0.23846153846153847,0.4461538461538462,0.5846153846153846,0.0,0.0,season-matched placebo,0.5447154471544715,0.0,3.0
2020-01-29,0.0,london,"London, United Kingdom",temperate maritime,0,53.999999999999986,1,2020,0–2,54.43781512605042,29.21881165985792,-0.014984015474247388,0.014984015474247388,1,1,1,1,0,0,1,1,0,0,1,1,0.37755102040816324,0.6938775510204082,0.8596938775510204,0.9693877551020408,0.0,0.056053447522663245,season-matched placebo,0.7184466019417476,0.0,2.9999191747185305
2020-01-29,0.0,tucson,"Tucson, United States",hot semi-arid / monsoonal,7,11.200000000000006,1,2020,6–9,30.94554621848741,34.211305053009895,-0.577164366804832,0.577164366804832,0,0,0,1,0,0,0,1,0,0,0,1,0.225,0.3625,0.55,0.8,6.0,0.577164366804832,dry-spell threshold,0.39316239316239315,0.0,2.884686822894033
2020-01-30,12.2,nairobi,"Nairobi, Kenya",subtropical highland / bimodal rainfall,0,71.8,1,2020,0–2,38.80621848739496,39.3988033067764,0.8374310573775796,0.0,1,1,1,1,1,1,1,1,1,1,1,1,0.3453815261044177,0.5220883534136547,0.678714859437751,0.8112449799196787,0.0,0.0,season-matched placebo,0.5913978494623656,0.0,3.0
2020-01-31,0.0,tokyo,"Tokyo, Japan",humid subtropical,2,115.60000000000005,1,2020,0–2,56.298487394958,37.50707562065987,1.5810753470840377,0.0,0,0,1,1,0,0,0,1,0,0,0,0,0.23102310231023102,0.504950495049505,0.7491749174917491,0.9372937293729373,1.0,0.0,season-matched placebo,0.8552631578947368,0.0,3.0
2020-02-01,0.0,tucson,"Tucson, United States",hot semi-arid / monsoonal,10,11.200000000000006,2,2020,10–19,30.121769911504437,27.801130207843915,-0.6806115352161393,0.6806115352161393,0,0,0,1,0,0,0,1,0,0,0,1,0.1509433962264151,0.3490566037735849,0.6037735849056604,0.8207547169811321,9.0,0.577164366804832,high prospective hazard,0.5151515151515151,0.09421975245670233,5.2346809091155775
2020-02-03,0.0,cape_town,"Cape Town, South Africa",Mediterranean winter-rainfall,7,22.999999999999993,2,2020,6–9,11.802123893805309,12.848555776895664,0.8715279989935336,0.0,0,1,1,1,0,0,0,1,0,0,0,0,0.06329113924050633,0.17721518987341772,0.35443037974683544,0.5063291139240507,6.0,0.0,dry-spell threshold,0.6363636363636364,0.017603285617421194,3.352065712348424
2020-02-05,0.0,tokyo,"Tokyo, Japan",humid subtropical,7,113.20000000000006,2,2020,6–9,65.73982300884958,35.926938123744165,1.321019253788955,0.0,0,0,1,1,0,0,1,1,0,0,0,1,0.3132530120481928,0.5662650602409639,0.9156626506024096,1.0,6.0,0.0,dry-spell threshold,0.8690476190476191,0.0,3.0
2020-02-09,14.0,darwin,"Darwin, Australia",tropical savanna / monsoon,0,304.3,2,2020,0–2,399.70690265486724,117.59011199112142,-0.8113514056528058,0.8113514056528058,1,1,1,1,1,1,1,1,1,1,1,1,0.9537366548042705,0.994661921708185,1.0,1.0,0.0,0.0,high prospective hazard,0.9777777777777777,0.44825954300090676,14.459892715357203
2020-02-10,9.4,darwin,"Darwin, Australia",tropical savanna / monsoon,0,192.8,2,2020,0–2,399.70690265486724,117.59011199112142,-1.7595603843841021,1.7595603843841021,1,1,1,1,1,1,1,1,0,1,1,1,0.9537366548042705,0.994661921708185,1.0,1.0,0.0,0.8113514056528058,30-day deficit threshold,0.84,0.310481765223129,10.698117221579675
2020-02-11,0.0,nairobi,"Nairobi, Kenya",subtropical highland / bimodal rainfall,7,93.3,2,2020,6–9,32.5141592920354,40.980944947675,1.483270841743077,0.0,1,1,1,1,1,1,1,1,0,0,0,0,0.11827956989247312,0.27956989247311825,0.5268817204301075,0.7849462365591398,6.0,0.0,dry-spell threshold,0.5445544554455446,0.0,3.0
2020-02-12,1.0,tucson,"Tucson, United States",hot semi-arid / monsoonal,0,13.700000000000008,2,2020,0–2,30.121769911504437,27.801130207843915,-0.590687133534993,0.590687133534993,0,0,0,1,0,0,0,1,0,0,0,1,0.22099447513812154,0.43646408839779005,0.6077348066298343,0.856353591160221,20.0,0.9252059077888566,high prospective hazard,0.5,0.0790682373051872,4.84553137826778
2020-02-15,0.0,tucson,"Tucson, United States",hot semi-arid / monsoonal,2,14.700000000000008,2,2020,0–2,30.121769911504437,27.801130207843915,-0.5547173728625346,0.5547173728625346,0,0,1,1,0,0,1,1,0,0,1,1,0.22099447513812154,0.43646408839779005,0.6077348066298343,0.856353591160221,1.0,0.5547173728625346,random drought day,0.3382352941176471,0.0,2.8931686938759222
2020-02-16,14.1,london,"London, United Kingdom",temperate maritime,0,47.49999999999999,2,2020,0–2,45.498407079646014,27.221080971026016,0.07353098587394322,0.0,1,1,1,1,0,1,1,1,0,0,0,1,0.39143730886850153,0.6972477064220184,0.8746177370030581,0.944954128440367,1.0,0.0,season-matched placebo,0.7211538461538461,0.0,3.0
2020-02-18,0.0,cape_town,"Cape Town, South Africa",Mediterranean winter-rainfall,0,13.299999999999994,2,2020,0–2,11.802123893805309,12.848555776895664,0.11657933640200815,0.0,0,0,1,1,0,0,0,0,0,0,0,0,0.06140350877192982,0.15789473684210525,0.42105263157894735,0.6578947368421053,21.0,0.0,season-matched placebo,0.5403225806451613,0.0,3.0
2020-02-18,0.0,tokyo,"Tokyo, Japan",humid subtropical,0,108.80000000000007,2,2020,0–2,65.73982300884958,35.926938123744165,1.198548477547324,0.0,0,1,1,1,0,0,1,1,0,0,0,0,0.2696245733788396,0.5358361774744027,0.8805460750853242,1.0,0.0,0.0,season-matched placebo,0.8441558441558441,0.0,3.0
2020-02-19,0.0,tucson,"Tucson, United States",hot semi-arid / monsoonal,6,14.200000000000008,2,2020,6–9,30.121769911504437,27.801130207843915,-0.5727022531987639,0.5727022531987639,0,1,1,1,0,1,1,1,0,1,1,1,0.17582417582417584,0.3626373626373626,0.6153846153846154,0.8351648351648352,5.0,0.5727022531987639,high prospective hazard,0.4857142857142857,0.0647825230194729,4.489943777441801
2020-02-20,0.0,tucson,"Tucson, United States",hot semi-arid / monsoonal,7,14.200000000000008,2,2020,6–9,30.121769911504437,27.801130207843915,-0.5727022531987639,0.5727022531987639,0,1,1,1,0,1,1,1,0,1,1,1,0.17582417582417584,0.3626373626373626,0.6153846153846154,0.8351648351648352,6.0,0.5727022531987639,dry-spell threshold,0.3898305084745763,0.0,2.886395667674222
2020-02-24,0.3,nairobi,"Nairobi, Kenya",subtropical highland / bimodal rainfall,2,70.10000000000001,2,2020,0–2,32.5141592920354,40.980944947675,0.9171540762653154,0.0,0,1,1,1,0,1,1,1,0,0,1,1,0.2847682119205298,0.3973509933774834,0.6158940397350994,0.7814569536423841,1.0,0.0,season-matched placebo,0.5957446808510638,0.0,3.0
2020-02-25,0.0,cape_town,"Cape Town, South Africa",Mediterranean winter-rainfall,7,3.6999999999999926,2,2020,6–9,11.802123893805309,12.848555776895664,-0.630586350286512,0.630586350286512,0,0,0,0,0,0,0,0,0,0,0,0,0.06329113924050633,0.17721518987341772,0.35443037974683544,0.5063291139240507,6.0,0.6150203984805012,dry-spell threshold,0.6319444444444444,0.01318409369822926,3.1943930811408796
2020-02-28,0.0,tokyo,"Tokyo, Japan",humid subtropical,2,28.000000000000057,2,2020,0–2,65.73982300884958,35.926938123744165,-1.0504603225262668,1.0504603225262668,1,1,1,1,1,1,1,1,0,0,1,1,0.2696245733788396,0.5358361774744027,0.8805460750853242,1.0,1.0,0.0,30-day deficit threshold,0.9,0.016250584680316038,3.0869552844685892
2020-02-28,0.0,tucson,"Tucson, United States",hot semi-arid / monsoonal,4,22.800000000000008,2,2020,3–5,30.121769911504437,27.801130207843915,-0.26336231141562144,0.26336231141562144,0,0,1,1,0,0,0,1,0,0,0,1,0.17647058823529413,0.28431372549019607,0.5784313725490197,0.8137254901960784,3.0,0.26336231141562144,random drought day,0.34782608695652173,0.0,2.975236615187308
2020-02-29,2.0,tokyo,"Tokyo, Japan",humid subtropical,3,28.000000000000057,2,2020,3–5,65.73982300884958,35.926938123744165,-1.0504603225262668,1.0504603225262668,1,1,1,1,1,1,1,1,0,0,1,1,0.26717557251908397,0.5877862595419847,0.8931297709923665,1.0,2.0,1.0504603225262668,random drought day,0.9014084507042254,0.01765903538454139,3.1248956075314642
2020-03-01,3.6,tokyo,"Tokyo, Japan",humid subtropical,0,30.000000000000057,3,2020,0–2,86.56790322580649,40.11320514013068,-1.4102065149915903,1.4102065149915903,1,1,1,1,1,1,1,1,0,1,1,1,0.3674832962138085,0.7060133630289532,0.9732739420935412,1.0,3.0,1.0504603225262668,high prospective hazard,0.9487179487179487,0.0649685333982647,4.21070948885984
2020-03-02,0.0,tucson,"Tucson, United States",hot semi-arid / monsoonal,7,22.800000000000008,3,2020,6–9,26.86919354838711,20.47341795216967,-0.19875496890131472,0.19875496890131472,1,1,1,1,0,0,1,1,0,0,0,1,0.12149532710280374,0.2336448598130841,0.411214953271028,0.5514018691588785,6.0,0.19875496890131472,dry-spell threshold,0.3949579831932773,0.0,2.9858458232478635
2020-03-06,0.0,tucson,"Tucson, United States",hot semi-arid / monsoonal,11,23.10000000000001,3,2020,10–19,26.86919354838711,20.47341795216967,-0.18410182204030376,0.18410182204030376,0,1,1,1,0,1,1,1,0,0,1,1,0.09554140127388536,0.1910828025477707,0.3248407643312102,0.5732484076433121,10.0,0.18410182204030376,random drought day,0.34285714285714286,0.0,2.987847772638006
2020-03-07,0.0,cape_town,"Cape Town, South Africa",Mediterranean winter-rainfall,18,1.499999999999993,3,2020,10–19,11.060483870967742,9.490236616741582,-1.0074020550870402,1.0074020550870402,0,0,0,1,0,0,0,0,0,0,0,0,0.0893854748603352,0.19553072625698323,0.4022346368715084,0.7262569832402235,17.0,0.9968649100148519,30-day deficit threshold,0.8181818181818182,0.19942146743560307,8.020628556475717
2020-03-08,0.0,cape_town,"Cape Town, South Africa",Mediterranean winter-rainfall,19,1.499999999999993,3,2020,10–19,11.060483870967742,9.490236616741582,-1.0074020550870402,1.0074020550870402,0,0,0,1,0,0,0,0,0,0,0,0,0.0893854748603352,0.19553072625698323,0.4022346368715084,0.7262569832402235,18.0,1.0074020550870402,random drought day,0.5777777777777777,0.0,2.6743138538881084
2020-03-09,0.0,tucson,"Tucson, United States",hot semi-arid / monsoonal,0,24.800000000000008,3,2020,0–2,26.86919354838711,20.47341795216967,-0.10106732316124181,0.10106732316124181,1,1,1,1,0,1,1,1,0,0,1,1,0.15789473684210525,0.2807017543859649,0.49707602339181284,0.6140350877192983,13.0,0.18410182204030376,season-matched placebo,0.35398230088495575,0.0,2.996327244517106
2020-03-11,0.0,london,"London, United Kingdom",temperate maritime,0,92.89999999999999,3,2020,0–2,43.66516129032258,22.75797034071517,2.1634107951003774,0.0,1,1,1,1,0,1,1,1,0,0,0,0,0.4197860962566845,0.6764705882352942,0.8181818181818182,0.9278074866310161,0.0,0.0,season-matched placebo,0.7238095238095238,0.0,3.0
2020-03-14,15.9,tokyo,"Tokyo, Japan",humid subtropical,3,64.90000000000006,3,2020,3–5,86.56790322580649,40.11320514013068,-0.5401688334330852,0.5401688334330852,0,0,1,1,0,0,1,1,0,0,1,1,0.3816793893129771,0.7938931297709924,0.9770992366412213,1.0,2.0,0.497788774445995,high prospective hazard,0.95,0.06625058468031597,4.524457860277496
2020-03-14,0.4,tucson,"Tucson, United States",hot semi-arid / monsoonal,0,25.500000000000007,3,2020,0–2,26.86919354838711,20.47341795216967,-0.06687664715221632,0.06687664715221632,0,0,1,1,0,0,1,1,0,0,1,1,0.15789473684210525,0.2807017543859649,0.49707602339181284,0.6140350877192983,0.0,0.3062113792153951,season-matched placebo,0.35964912280701755,0.0,2.9983907687353475
2020-03-15,0.0,tucson,"Tucson, United States",hot semi-arid / monsoonal,1,25.900000000000006,3,2020,0–2,26.86919354838711,20.47341795216967,-0.0473391180042018,0.0473391180042018,0,1,1,1,0,1,1,1,0,0,1,1,0.15789473684210525,0.2807017543859649,0.49707602339181284,0.6140350877192983,0.0,0.06687664715221632,season-matched placebo,0.3652173913043478,0.0,2.9991934597404115
2020-03-16,1.4,nairobi,"Nairobi, Kenya",subtropical highland / bimodal rainfall,2,75.4,3,2020,0–2,34.05548387096774,29.879996154646307,1.3836854568203563,0.0,1,1,1,1,1,1,1,1,0,1,1,1,0.42948717948717946,0.6538461538461539,0.8653846153846154,0.9711538461538461,1.0,0.0,season-matched placebo,0.6,0.0,3.0
2020-03-18,0.0,tokyo,"Tokyo, Japan",humid subtropical,3,66.50000000000006,3,2020,3–5,86.56790322580649,40.11320514013068,-0.5002817190922942,0.5002817190922942,1,1,1,1,1,1,1,1,1,1,1,1,0.3816793893129771,0.7938931297709924,0.9770992366412213,1.0,2.0,0.21359308476785857,high prospective hazard,0.9512195121951219,0.06747009687543792,4.550280219996633
2020-03-19,0.1,darwin,"Darwin, Australia",tropical savanna / monsoon,0,191.4,3,2020,0–2,394.08193548387095,143.27892247180256,-1.4145970111113793,1.4145970111113793,1,1,1,1,0,1,1,1,0,0,1,1,0.7495652173913043,0.8921739130434783,0.9617391304347827,0.9982608695652174,0.0,1.415294950475208,random drought day,0.2857142857142857,0.0,2.4191009024466843
2020-03-20,0.0,tucson,"Tucson, United States",hot semi-arid / monsoonal,0,36.80000000000001,3,2020,0–2,26.86919354838711,20.47341795216967,0.48505855127919595,0.0,0,0,0,0,0,0,0,0,0,0,0,0,0.15789473684210525,0.2807017543859649,0.49707602339181284,0.6140350877192983,0.0,0.0,season-matched placebo,0.3706896551724138,0.0,3.0
2020-03-23,0.0,london,"London, United Kingdom",temperate maritime,7,60.79999999999999,3,2020,6–9,43.66516129032258,22.75797034071517,0.7529159434320165,0.0,0,0,1,1,0,0,0,1,0,0,0,0,0.1643835616438356,0.4246575342465753,0.7123287671232876,0.8767123287671232,6.0,0.0,dry-spell threshold,0.8113207547169812,0.019956139502332326,3.3991227900466465
2020-03-23,4.4,tokyo,"Tokyo, Japan",humid subtropical,3,66.50000000000006,3,2020,3–5,86.56790322580649,40.11320514013068,-0.5002817190922942,0.5002817190922942,0,0,1,1,0,0,1,1,0,0,1,1,0.3816793893129771,0.7938931297709924,0.9770992366412213,1.0,2.0,0.497788774445995,high prospective hazard,0.9523809523809523,0.06863153706126834,4.578472766880673
2020-03-27,0.0,tucson,"Tucson, United States",hot semi-arid / monsoonal,7,24.800000000000008,3,2020,6–9,26.86919354838711,20.47341795216967,-0.10106732316124181,0.10106732316124181,0,0,0,0,0,0,0,0,0,0,0,0,0.12149532710280374,0.2336448598130841,0.411214953271028,0.5514018691588785,6.0,0.10106732316124181,dry-spell threshold,0.4,0.0,2.996327244517106
2020-04-01,0.0,cape_town,"Cape Town, South Africa",Mediterranean winter-rainfall,6,1.499999999999993,4,2020,6–9,24.096833333333333,28.520224613284682,-0.7923090943262686,0.7923090943262686,0,0,1,1,0,0,1,1,0,0,0,1,0.08928571428571429,0.3125,0.7857142857142857,0.9464285714285714,5.0,1.0074020550870402,high prospective hazard,0.8888888888888888,0.2701285381426737,9.804264163294077
2020-04-02,0.0,cape_town,"Cape Town, South Africa",Mediterranean winter-rainfall,7,1.499999999999993,4,2020,6–9,24.096833333333333,28.520224613284682,-0.7923090943262686,0.7923090943262686,0,1,1,1,0,0,1,1,0,0,0,1,0.08928571428571429,0.3125,0.7857142857142857,0.9464285714285714,6.0,0.7923090943262686,dry-spell threshold,0.6275862068965518,0.008825856150336597,3.0190209918329716
2020-04-02,1.1,darwin,"Darwin, Australia",tropical savanna / monsoon,7,106.9,4,2020,6–9,181.1625,124.65235065823825,-0.5957569159975724,0.5957569159975724,1,1,1,1,1,1,1,1,1,1,1,1,0.14606741573033707,0.3258426966292135,0.5280898876404494,0.6292134831460674,6.0,0.4746200106743832,dry-spell threshold,0.5434782608695652,0.0139600260926942,3.2250113788909425
2020-04-05,2.4,brasilia,"Brasília, Brazil",tropical savanna,7,161.7,4,2020,6–9,161.05316666666667,70.38656954224601,0.009189726641601562,0.0,1,1,1,1,1,1,1,1,1,1,1,1,0.2054794520547945,0.3835616438356164,0.4383561643835616,0.684931506849315,6.0,0.0,dry-spell threshold,0.5333333333333333,0.0,3.0
2020-04-05,0.0,london,"London, United Kingdom",temperate maritime,20,12.49999999999999,4,2020,20+,46.335166666666666,27.704570357072942,-1.2212846555849441,1.2212846555849441,1,1,1,1,1,1,1,1,0,0,0,0,0.25,0.42857142857142855,0.75,0.9642857142857143,19.0,0.838676303844386,30-day deficit threshold,0.9473684210526315,0.15600380583798268,6.806983224406457
2020-04-07,0.0,london,"London, United Kingdom",temperate maritime,0,13.59999999999999,4,2020,0–2,46.335166666666666,27.704570357072942,-1.1815800153099802,1.1815800153099802,1,1,1,1,0,0,0,1,0,0,0,0,0.4583333333333333,0.6861111111111111,0.8694444444444445,0.9583333333333334,21.0,1.2212846555849441,high prospective hazard,0.7884615384615384,0.0,2.569514444878592
2020-04-09,4.5,brasilia,"Brasília, Brazil",tropical savanna,0,151.1,4,2020,0–2,161.05316666666667,70.38656954224601,-0.14140718508369393,0.14140718508369393,1,1,1,1,0,1,1,1,0,0,1,1,0.5721649484536082,0.7139175257731959,0.8195876288659794,0.865979381443299,0.0,0.27779684098584834,season-matched placebo,0.7058823529411765,0.09348804917265074,4.989986235201032
2020-04-09,0.0,mumbai,"Mumbai, India",tropical monsoon,105,0.3,4,2020,20+,0.29383333333333367,0.8885350094362512,0.0069402630185375425,0.0,0,0,0,0,0,0,0,0,0,0,0,0,0.0034542314335060447,0.0069084628670120895,0.02072538860103627,0.05699481865284974,104.0,0.0,random drought day,0.35714285714285715,0.028615166877470122,3.5723033375494024
2020-04-10,0.0,tucson,"Tucson, United States",hot semi-arid / monsoonal,21,22.000000000000007,4,2020,20+,13.29966666666668,12.691907161700495,0.6855024404517969,0.0,1,1,1,1,1,1,1,1,0,0,0,0,0.05217391304347826,0.12608695652173912,0.2565217391304348,0.39565217391304347,20.0,0.0,random drought day,0.352112676056338,0.0,3.0
2020-04-12,1.2,tucson,"Tucson, United States",hot semi-arid / monsoonal,0,19.60000000000001,4,2020,0–2,13.29966666666668,12.691907161700495,0.4964055640389032,0.0,0,0,0,0,0,0,0,0,0,0,0,0,0.0958904109589041,0.1506849315068493,0.1917808219178082,0.2876712328767123,22.0,0.0,season-matched placebo,0.36752136752136755,0.0,3.0
2020-04-13,0.0,cape_town,"Cape Town, South Africa",Mediterranean winter-rainfall,0,23.39999999999999,4,2020,0–2,24.096833333333333,28.520224613284682,-0.024432953904884647,0.024432953904884647,0,1,1,1,0,0,0,0,0,0,0,0,0.20192307692307693,0.35096153846153844,0.5432692307692307,0.8798076923076923,0.0,0.518818962121392,season-matched placebo,0.536,0.0,2.999785106469033
2020-04-14,0.0,london,"London, United Kingdom",temperate maritime,7,3.9999999999999893,4,2020,6–9,46.335166666666666,27.704570357072942,-1.5280932395278444,1.5280932395278444,0,1,1,1,0,1,1,1,0,0,0,1,0.32,0.46,0.6,0.88,6.0,1.387322242189337,dry-spell threshold,0.8037383177570093,0.012373702542360476,2.6843724049373403
2020-04-18,2.8,london,"London, United Kingdom",temperate maritime,0,5.6999999999999895,4,2020,0–2,46.335166666666666,27.704570357072942,-1.466731522739264,1.466731522739264,0,0,0,1,0,0,0,1,0,0,0,1,0.4583333333333333,0.6861111111111111,0.8694444444444445,0.9583333333333334,10.0,1.5786264180596161,high prospective hazard,0.780952380952381,0.0,2.384441683636362
2020-04-18,2.8,london,"London, United Kingdom",temperate maritime,0,5.6999999999999895,4,2020,0–2,46.335166666666666,27.704570357072942,-1.466731522739264,1.466731522739264,0,0,0,1,0,0,0,1,0,0,0,1,0.4583333333333333,0.6861111111111111,0.8694444444444445,0.9583333333333334,10.0,1.5786264180596161,random drought day,0.7777777777777778,0.0,2.384441683636362
2020-04-20,0.2,cape_town,"Cape Town, South Africa",Mediterranean winter-rainfall,7,23.999999999999993,4,2020,6–9,24.096833333333333,28.520224613284682,-0.0033952514275864057,0.0033952514275864057,0,0,0,1,0,0,0,1,0,0,0,0,0.08928571428571429,0.3125,0.7857142857142857,0.9464285714285714,6.0,0.0,dry-spell threshold,0.6301369863013698,0.011376635555154668,3.2279145112200833
2020-04-20,0.0,tucson,"Tucson, United States",hot semi-arid / monsoonal,7,3.6000000000000068,4,2020,6–9,13.29966666666668,12.691907161700495,-0.7642402787137221,0.7642402787137221,0,0,0,0,0,0,0,0,0,0,0,0,0.025974025974025976,0.06493506493506493,0.12987012987012986,0.22077922077922077,6.0,0.7642402787137221,dry-spell threshold,0.39669421487603307,0.0,2.8035088376336574
2020-04-21,0.0,cape_town,"Cape Town, South Africa",Mediterranean winter-rainfall,8,24.199999999999992,4,2020,6–9,24.096833333333333,28.520224613284682,0.0036173160648462995,0.0,0,0,0,1,0,0,0,1,0,0,0,0,0.08928571428571429,0.3125,0.7857142857142857,0.9464285714285714,7.0,0.0033952514275864057,random drought day,0.5714285714285714,0.0,3.0
2020-04-23,7.4,brasilia,"Brasília, Brazil",tropical savanna,0,196.1,4,2020,0–2,161.05316666666667,70.38656954224601,0.4979193269576552,0.0,1,1,1,1,1,1,1,1,1,1,1,1,0.5721649484536082,0.7139175257731959,0.8195876288659794,0.865979381443299,0.0,0.0,season-matched placebo,0.7115384615384616,0.09914415776993579,4.982883155398715
2020-04-24,8.1,brasilia,"Brasília, Brazil",tropical savanna,0,173.70000000000002,4,2020,0–2,161.05316666666667,70.38656954224601,0.17967679651929508,0.0,0,0,0,1,0,0,0,0,0,0,0,0,0.5721649484536082,0.7139175257731959,0.8195876288659794,0.865979381443299,0.0,0.0,season-matched placebo,0.7169811320754716,0.10458682830694588,5.091736566138918
2020-04-24,0.0,london,"London, United Kingdom",temperate maritime,5,7.999999999999989,4,2020,3–5,46.335166666666666,27.704570357072942,-1.3837127294370677,1.3837127294370677,0,0,1,1,0,0,1,1,0,0,1,1,0.35714285714285715,0.6122448979591837,0.8367346938775511,0.8775510204081632,4.0,1.3837127294370677,random drought day,0.7671232876712328,0.0,2.439501758864478
2020-04-26,0.0,london,"London, United Kingdom",temperate maritime,7,7.999999999999989,4,2020,6–9,46.335166666666666,27.704570357072942,-1.3837127294370677,1.3837127294370677,0,1,1,1,0,1,1,1,0,1,1,1,0.32,0.46,0.6,0.88,6.0,1.3837127294370677,dry-spell threshold,0.8055555555555556,0.014190940340906733,2.829968942803146
2020-04-26,0.0,mumbai,"Mumbai, India",tropical monsoon,122,0.0,4,2020,20+,0.29383333333333367,0.8885350094362512,-0.330694154099524,0.330694154099524,0,0,0,0,0,0,0,0,0,0,0,0,0.0034542314335060447,0.0069084628670120895,0.02072538860103627,0.05699481865284974,121.0,0.0,random drought day,0.3448275862068966,0.016299895941509546,3.3361206937825787
2020-04-28,0.0,darwin,"Darwin, Australia",tropical savanna / monsoon,7,100.1,4,2020,6–9,181.1625,124.65235065823825,-0.6503086349510617,0.6503086349510617,0,1,1,1,0,0,0,0,0,0,0,0,0.14606741573033707,0.3258426966292135,0.5280898876404494,0.6292134831460674,6.0,0.6446930168234967,dry-spell threshold,0.5531914893617021,0.02367325458483116,3.4522204784756845
2020-04-29,3.4,london,"London, United Kingdom",temperate maritime,0,21.29999999999999,4,2020,0–2,46.335166666666666,27.704570357072942,-0.9036475333852354,0.9036475333852354,1,1,1,1,1,1,1,1,1,1,1,1,0.4583333333333333,0.6861111111111111,0.8694444444444445,0.9583333333333334,9.0,1.3837127294370677,high prospective hazard,0.7735849056603774,0.0,2.7322666555931767
2020-05-02,0.0,brasilia,"Brasília, Brazil",tropical savanna,7,143.6,5,2020,6–9,47.016935483870974,41.55680838789718,2.324121323625455,0.0,0,0,1,1,0,0,0,1,0,0,0,1,0.06666666666666667,0.16666666666666666,0.32222222222222224,0.6,6.0,0.0,dry-spell threshold,0.5409836065573771,0.0,3.0
2020-05-06,22.0,nairobi,"Nairobi, Kenya",subtropical highland / bimodal rainfall,0,233.29999999999998,5,2020,0–2,106.88693548387096,59.75590066479438,2.1154909073373935,0.0,1,1,1,1,1,1,1,1,0,1,1,1,0.5518672199170125,0.7863070539419087,0.9315352697095436,0.970954356846473,0.0,0.0,season-matched placebo,0.6041666666666666,0.0,3.0
2020-05-09,0.0,london,"London, United Kingdom",temperate maritime,7,34.69999999999999,5,2020,6–9,48.14758064516129,20.32479749389796,-0.6616341761436305,0.6616341761436305,0,0,0,1,0,0,0,0,0,0,0,0,0.2857142857142857,0.6071428571428571,0.7619047619047619,0.9285714285714286,6.0,0.6419537832580385,dry-spell threshold,0.8073394495412844,0.0159748343266356,3.254242472569382
2020-05-10,0.0,cape_town,"Cape Town, South Africa",Mediterranean winter-rainfall,7,22.099999999999994,5,2020,6–9,43.471774193548384,31.93177389758018,-0.6692949243000861,0.6692949243000861,0,0,1,1,0,0,0,0,0,0,0,0,0.17307692307692307,0.40384615384615385,0.7403846153846154,0.9423076923076923,6.0,0.6692949243000861,dry-spell threshold,0.6258503401360545,0.007089989389839291,3.0265609035056316
2020-05-13,0.0,cape_town,"Cape Town, South Africa",Mediterranean winter-rainfall,10,3.099999999999993,5,2020,10–19,43.471774193548384,31.93177389758018,-1.2643135430884347,1.2643135430884347,0,1,1,1,0,0,0,1,0,0,0,1,0.24489795918367346,0.4897959183673469,0.7653061224489796,0.9183673469387755,9.0,0.8227470944086602,30-day deficit threshold,0.8,0.18123964925378488,7.481197268804965
2020-05-14,0.0,darwin,"Darwin, Australia",tropical savanna / monsoon,23,8.7,5,2020,20+,39.95,59.091811180795744,-0.5288380805318071,0.5288380805318071,0,0,1,1,0,0,1,1,0,0,1,1,0.029787234042553193,0.05531914893617021,0.1148936170212766,0.25957446808510637,22.0,0.5322226442472108,random drought day,0.3055555555555556,0.0,2.9025880820530903
2020-05-16,5.4,brasilia,"Brasília, Brazil",tropical savanna,0,95.0,5,2020,0–2,47.016935483870974,41.55680838789718,1.154637865070105,0.0,1,1,1,1,0,0,0,1,0,0,0,0,0.2482758620689655,0.33793103448275863,0.36551724137931035,0.5310344827586206,20.0,0.0,season-matched placebo,0.7037037037037037,0.09130939993517795,4.826187998703559
2020-05-17,0.8,brasilia,"Brasília, Brazil",tropical savanna,0,89.5,5,2020,0–2,47.016935483870974,41.55680838789718,1.022288913999026,0.0,0,0,1,1,0,0,0,1,0,0,0,0,0.2482758620689655,0.33793103448275863,0.36551724137931035,0.5310344827586206,0.0,0.0,season-matched placebo,0.6909090909090909,0.07851478714056515,4.570295742811303
2020-05-18,0.0,brasilia,"Brasília, Brazil",tropical savanna,1,82.1,5,2020,0–2,47.016935483870974,41.55680838789718,0.8442194161943019,0.0,0,0,1,1,0,0,1,1,0,0,0,0,0.2482758620689655,0.33793103448275863,0.36551724137931035,0.5310344827586206,0.0,0.0,season-matched placebo,0.6785714285714286,0.06617712480290283,4.323542496058057
2020-05-21,1.7,nairobi,"Nairobi, Kenya",subtropical highland / bimodal rainfall,0,226.20000000000002,5,2020,0–2,106.88693548387096,59.75590066479438,1.9966741893060145,0.0,1,1,1,1,0,0,0,0,0,0,0,0,0.5518672199170125,0.7863070539419087,0.9315352697095436,0.970954356846473,3.0,0.0,season-matched placebo,0.6082474226804123,0.0,3.0
2020-05-23,0.0,cape_town,"Cape Town, South Africa",Mediterranean winter-rainfall,20,2.599999999999993,5,2020,20+,43.471774193548384,31.93177389758018,-1.2799719277933912,1.2799719277933912,0,1,1,1,0,1,1,1,0,1,1,1,0.2435483870967742,0.4838709677419355,0.7532258064516129,0.95,19.0,1.2799719277933912,random drought day,0.5652173913043478,0.0,2.507104766546393
2020-05-23,0.0,mumbai,"Mumbai, India",tropical monsoon,149,0.1,5,2020,20+,6.18725806451613,19.071494149045467,-0.3191809732862907,0.3191809732862907,0,0,1,1,0,0,0,1,0,0,0,1,0.039473684210526314,0.1074561403508772,0.23903508771929824,0.48026315789473684,148.0,0.3191809732862907,random drought day,0.3333333333333333,0.004805643067946286,3.073872912346208
2020-05-24,0.8,brasilia,"Brasília, Brazil",tropical savanna,7,16.099999999999998,5,2020,6–9,47.016935483870974,41.55680838789718,-0.7439679966586435,0.7439679966586435,1,1,1,1,1,1,1,1,0,0,0,0,0.06666666666666667,0.16666666666666666,0.32222222222222224,0.6,6.0,0.5683048434188479,dry-spell threshold,0.532258064516129,0.0,2.813154219392544
2020-05-29,0.0,london,"London, United Kingdom",temperate maritime,27,15.49999999999999,5,2020,20+,48.14758064516129,20.32479749389796,-1.6062930346520283,1.6062930346520283,0,0,1,1,0,0,1,1,0,0,0,0,0.3225806451612903,0.5919354838709677,0.8451612903225807,0.9612903225806452,26.0,0.9322395783205154,30-day deficit threshold,0.9487179487179487,0.15735333350329983,6.6237640258471115
2020-05-29,0.0,nairobi,"Nairobi, Kenya",subtropical highland / bimodal rainfall,7,135.6,5,2020,6–9,106.88693548387096,59.75590066479438,0.4805059282295371,0.0,0,0,1,1,0,0,0,1,0,0,0,1,0.2571428571428571,0.45714285714285713,0.5428571428571428,0.9142857142857143,6.0,0.0,dry-spell threshold,0.5490196078431373,0.0,3.0
2020-05-30,0.0,darwin,"Darwin, Australia",tropical savanna / monsoon,7,8.8,5,2020,6–9,39.95,59.091811180795744,-0.5271457986741054,0.5271457986741054,0,0,0,0,0,0,0,0,0,0,0,0,0.038461538461538464,0.07692307692307693,0.20512820512820512,0.38461538461538464,6.0,0.5271457986741054,dry-spell threshold,0.5416666666666666,0.012148431889795641,3.2002918983527637
2020-06-01,0.0,cape_town,"Cape Town, South Africa",Mediterranean winter-rainfall,2,29.29999999999999,6,2020,0–2,74.97083333333333,32.39451662165692,-1.4098322215063002,1.4098322215063002,0,0,0,1,0,0,0,1,0,0,0,1,0.3342776203966006,0.5524079320113314,0.8753541076487252,0.9716713881019831,1.0,0.443814184548712,30-day deficit threshold,0.782608695652174,0.1638483449059588,6.933264501613921
2020-06-01,0.0,cape_town,"Cape Town, South Africa",Mediterranean winter-rainfall,2,29.29999999999999,6,2020,0–2,74.97083333333333,32.39451662165692,-1.4098322215063002,1.4098322215063002,0,0,0,1,0,0,0,1,0,0,0,1,0.3342776203966006,0.5524079320113314,0.8753541076487252,0.9716713881019831,1.0,0.443814184548712,high prospective hazard,0.8918918918918919,0.2731315411456767,9.942007193209118
2020-06-01,5.1,mumbai,"Mumbai, India",tropical monsoon,0,3.4,6,2020,0–2,177.036,162.86130462730597,-1.066158719515056,1.066158719515056,1,1,1,1,1,1,1,1,1,1,1,1,0.9471624266144814,0.9823874755381604,1.0,1.0,157.0,0.2982072626334198,30-day deficit threshold,0.8,0.471472309734613,15.360822057547198
2020-06-01,5.1,mumbai,"Mumbai, India",tropical monsoon,0,3.4,6,2020,0–2,177.036,162.86130462730597,-1.066158719515056,1.066158719515056,1,1,1,1,1,1,1,1,1,1,1,1,0.9471624266144814,0.9823874755381604,1.0,1.0,157.0,0.2982072626334198,high prospective hazard,0.84,0.511472309734613,16.440072228343716
2020-06-01,0.3,tokyo,"Tokyo, Japan",humid subtropical,5,97.20000000000006,6,2020,3–5,141.02533333333335,50.96106823528811,-0.8599767401066043,0.8599767401066043,1,1,1,1,0,0,1,1,0,0,0,1,0.5106382978723404,0.8723404255319149,0.9893617021276596,1.0,4.0,0.3355789506310851,high prospective hazard,0.9534883720930233,0.0697389567733393,4.587399118983041
2020-06-02,0.0,brasilia,"Brasília, Brazil",tropical savanna,7,13.600000000000001,6,2020,6–9,11.994000000000007,16.887734897946057,0.09509860319961096,0.0,0,0,0,0,0,0,0,0,0,0,0,0,0.0,0.0,0.0,0.023809523809523808,6.0,0.0,dry-spell threshold,0.5396825396825397,0.0,3.0
2020-06-03,0.0,tokyo,"Tokyo, Japan",humid subtropical,7,97.00000000000006,6,2020,6–9,141.02533333333335,50.96106823528811,-0.8639013046207663,0.8639013046207663,0,1,1,1,0,1,1,1,0,0,0,1,0.5,0.9090909090909091,1.0,1.0,6.0,0.8540898933353613,dry-spell threshold,0.8705882352941177,0.0,2.75340743057404
2020-06-06,0.0,cape_town,"Cape Town, South Africa",Mediterranean winter-rainfall,7,27.09999999999999,6,2020,6–9,74.97083333333333,32.39451662165692,-1.47774494962922,1.47774494962922,0,1,1,1,0,0,1,1,0,0,1,1,0.44594594594594594,0.6891891891891891,0.8378378378378378,0.9864864864864865,6.0,1.47774494962922,dry-spell threshold,0.6216216216216216,0.002861270875406441,2.4559356265470558
2020-06-06,1.3,london,"London, United Kingdom",temperate maritime,0,1.6999999999999895,6,2020,0–2,54.81133333333334,25.599446432523536,-2.0747063212217185,2.0747063212217185,1,1,1,1,0,0,1,1,0,0,0,1,0.3937677053824363,0.6685552407932012,0.8583569405099151,0.9773371104815864,34.0,2.1176760003864397,high prospective hazard,0.7757009345794392,0.0,1.9782018531103704
2020-06-06,4.9,tokyo,"Tokyo, Japan",humid subtropical,10,78.40000000000006,6,2020,10–19,141.02533333333335,50.96106823528811,-1.2288858044378321,1.2288858044378321,0,1,1,1,0,0,1,1,0,0,1,1,0.49333333333333335,0.8216666666666667,0.98,1.0,9.0,0.8933355384769813,30-day deficit threshold,0.9016393442622951,0.0178899289426111,3.028773372139827
2020-06-08,0.1,tokyo,"Tokyo, Japan",humid subtropical,1,83.30000000000007,6,2020,0–2,141.02533333333335,50.96106823528811,-1.132733973840863,1.132733973840863,0,1,1,1,0,1,1,1,0,1,1,1,0.4896694214876033,0.8078512396694215,0.9772727272727273,1.0,0.0,1.132733973840863,random drought day,0.9027777777777778,0.019028362458093806,3.1162914829969703
2020-06-10,1.2,tokyo,"Tokyo, Japan",humid subtropical,3,80.10000000000007,6,2020,3–5,141.02533333333335,50.96106823528811,-1.1955270060674552,1.1955270060674552,1,1,1,1,1,1,1,1,1,1,1,1,0.5106382978723404,0.8723404255319149,0.9893617021276596,1.0,2.0,1.1739419012395642,random drought day,0.9041095890410958,0.020360173721411856,3.1161508039957755
2020-06-11,2.2,london,"London, United Kingdom",temperate maritime,0,5.79999999999999,6,2020,0–2,54.81133333333334,25.599446432523536,-1.9145466079713944,1.9145466079713944,1,1,1,1,1,1,1,1,0,0,1,1,0.3937677053824363,0.6685552407932012,0.8583569405099151,0.9773371104815864,3.0,2.0082986352398766,high prospective hazard,0.7777777777777778,0.0,2.083537859064977
2020-06-14,4.6,nairobi,"Nairobi, Kenya",subtropical highland / bimodal rainfall,0,73.6,6,2020,0–2,54.527166666666666,41.728924227297085,0.4570650618607796,0.0,1,1,1,1,1,1,1,1,0,0,0,0,0.3273381294964029,0.5359712230215827,0.7086330935251799,0.8237410071942446,0.0,0.14922902475863856,season-matched placebo,0.6020408163265306,0.0,3.0
2020-06-18,15.5,london,"London, United Kingdom",temperate maritime,0,32.29999999999999,6,2020,0–2,54.81133333333334,25.599446432523536,-0.8793679735485683,0.8793679735485683,1,1,1,1,0,0,0,1,0,0,0,1,0.3937677053824363,0.6685552407932012,0.8583569405099151,0.9773371104815864,0.0,1.3637534477690605,random drought day,0.7702702702702703,0.0,2.7452552373254604
2020-06-18,16.9,tokyo,"Tokyo, Japan",humid subtropical,2,93.10000000000005,6,2020,0–2,141.02533333333335,50.96106823528811,-0.9404303126469254,0.9404303126469254,1,1,1,1,1,1,1,1,1,1,1,1,0.4896694214876033,0.8078512396694215,0.9772727272727273,1.0,1.0,0.3007262968385196,high prospective hazard,0.9545454545454546,0.0707960392257706,4.594136610352839
2020-06-18,0.0,tucson,"Tucson, United States",hot semi-arid / monsoonal,66,0.7000000000000071,6,2020,20+,2.467166666666676,3.3015611179028084,-0.535251841040942,0.535251841040942,0,0,0,1,0,0,0,0,0,0,0,0,0.038560411311053984,0.09768637532133675,0.20822622107969152,0.4138817480719794,65.0,0.535251841040942,random drought day,0.3611111111111111,0.0,2.900289934635889
2020-06-21,3.6,cape_town,"Cape Town, South Africa",Mediterranean winter-rainfall,0,68.49999999999999,6,2020,0–2,74.97083333333333,32.39451662165692,-0.19975088404336175,0.19975088404336175,0,0,1,1,0,0,1,1,0,0,1,1,0.3342776203966006,0.5524079320113314,0.8753541076487252,0.9716713881019831,5.0,0.23370724810482157,season-matched placebo,0.5317460317460317,0.0,2.9857042988866187
2020-06-23,0.7,nairobi,"Nairobi, Kenya",subtropical highland / bimodal rainfall,7,58.699999999999996,6,2020,6–9,54.527166666666666,41.728924227297085,0.09999858397029224,0.0,1,1,1,1,1,1,1,1,0,0,0,0,0.2,0.30526315789473685,0.5157894736842106,0.7263157894736842,6.0,0.0,dry-spell threshold,0.5436893203883495,0.0,3.0
2020-06-26,1.7,london,"London, United Kingdom",temperate maritime,7,48.69999999999999,6,2020,6–9,54.81133333333334,25.599446432523536,-0.23872912054727222,0.23872912054727222,1,1,1,1,1,1,1,1,1,1,1,1,0.275,0.5875,0.7875,0.9375,6.0,0.23872912054727222,dry-spell threshold,0.8,0.008635384785351197,3.171632109899628
2020-06-26,0.0,nairobi,"Nairobi, Kenya",subtropical highland / bimodal rainfall,1,60.699999999999996,6,2020,0–2,54.527166666666666,41.728924227297085,0.1479269702643174,0.0,1,1,1,1,1,1,1,1,0,0,0,0,0.3273381294964029,0.5359712230215827,0.7086330935251799,0.8237410071942446,0.0,0.0,season-matched placebo,0.6060606060606061,0.0,3.0
2020-06-28,29.5,tokyo,"Tokyo, Japan",humid subtropical,0,148.10000000000005,6,2020,0–2,141.02533333333335,50.96106823528811,0.13882492874762448,0.0,1,1,1,1,1,1,1,1,0,1,1,1,0.4896694214876033,0.8078512396694215,0.9772727272727273,1.0,1.0,0.20064990172738817,season-matched placebo,0.8461538461538461,0.0,3.0
2020-06-29,0.0,london,"London, United Kingdom",temperate maritime,1,57.49999999999999,6,2020,0–2,54.81133333333334,25.599446432523536,0.10502831277049661,0.0,1,1,1,1,1,1,1,1,0,0,0,1,0.3937677053824363,0.6685552407932012,0.8583569405099151,0.9773371104815864,0.0,0.0,season-matched placebo,0.7264150943396226,0.0,3.0
2020-07-01,7.5,mumbai,"Mumbai, India",tropical monsoon,0,360.7,7,2020,0–2,554.1132258064516,175.14388136213014,-1.104310492049377,1.104310492049377,1,1,1,1,1,1,1,1,1,1,1,1,1.0,1.0,1.0,1.0,0.0,0.0,30-day deficit threshold,0.8064516129032258,0.4779239226378387,15.559292504603699
2020-07-01,7.5,mumbai,"Mumbai, India",tropical monsoon,0,360.7,7,2020,0–2,554.1132258064516,175.14388136213014,-1.104310492049377,1.104310492049377,1,1,1,1,1,1,1,1,1,1,1,1,1.0,1.0,1.0,1.0,0.0,0.0,high prospective hazard,0.8461538461538461,0.5176261558884592,16.634436334392884
2020-07-04,0.0,cape_town,"Cape Town, South Africa",Mediterranean winter-rainfall,6,71.89999999999999,7,2020,6–9,86.68548387096774,47.99031891727379,-0.30809305302711415,0.30809305302711415,1,1,1,1,0,1,1,1,0,0,1,1,0.37362637362637363,0.5494505494505495,0.7472527472527473,0.978021978021978,5.0,0.30809305302711415,random drought day,0.5698924731182796,0.0,2.966213172315211
2020-07-05,0.2,cape_town,"Cape Town, South Africa",Mediterranean winter-rainfall,7,71.89999999999999,7,2020,6–9,86.68548387096774,47.99031891727379,-0.30809305302711415,0.30809305302711415,1,1,1,1,1,1,1,1,0,0,1,1,0.37362637362637363,0.5494505494505495,0.7472527472527473,0.978021978021978,6.0,0.30809305302711415,dry-spell threshold,0.6241610738255033,0.005400723079288183,3.089463002000775
2020-07-05,0.1,nairobi,"Nairobi, Kenya",subtropical highland / bimodal rainfall,7,61.8,7,2020,6–9,21.771290322580644,22.31910042743049,1.7934732543352645,0.0,1,1,1,1,1,1,1,1,0,0,0,0,0.06976744186046512,0.20930232558139536,0.37209302325581395,0.627906976744186,6.0,0.0,dry-spell threshold,0.5480769230769231,0.0,3.0
2020-07-05,0.1,nairobi,"Nairobi, Kenya",subtropical highland / bimodal rainfall,7,61.8,7,2020,6–9,21.771290322580644,22.31910042743049,1.7934732543352645,0.0,1,1,1,1,1,1,1,1,0,0,0,0,0.06976744186046512,0.20930232558139536,0.37209302325581395,0.627906976744186,6.0,0.0,random drought day,0.6461538461538462,0.017834898219794337,3.3566979643958867
2020-07-06,2.4,cape_town,"Cape Town, South Africa",Mediterranean winter-rainfall,8,72.1,7,2020,6–9,86.68548387096774,47.99031891727379,-0.3039255458191549,0.3039255458191549,1,1,1,1,0,1,1,1,0,1,1,1,0.37362637362637363,0.5494505494505495,0.7472527472527473,0.978021978021978,7.0,0.30809305302711415,random drought day,0.574468085106383,0.0,2.9671110912657244
2020-07-09,28.6,cape_town,"Cape Town, South Africa",Mediterranean winter-rainfall,2,75.1,7,2020,0–2,86.68548387096774,47.99031891727379,-0.24141293769976663,0.24141293769976663,1,1,1,1,1,1,1,1,1,1,1,1,0.32732732732732733,0.5495495495495496,0.8408408408408409,0.9669669669669669,1.0,0.24141293769976663,season-matched placebo,0.5354330708661418,0.0,2.97916483896252
2020-07-10,0.4,nairobi,"Nairobi, Kenya",subtropical highland / bimodal rainfall,0,58.0,7,2020,0–2,21.771290322580644,22.31910042743049,1.6232154963061936,0.0,0,1,1,1,0,0,1,1,0,0,0,0,0.19117647058823528,0.2647058823529412,0.4852941176470588,0.6838235294117647,2.0,0.0,season-matched placebo,0.61,0.0,3.0
2020-07-11,0.0,nairobi,"Nairobi, Kenya",subtropical highland / bimodal rainfall,1,55.49999999999999,7,2020,0–2,21.771290322580644,22.31910042743049,1.5112038133923302,0.0,0,1,1,1,0,0,1,1,0,0,0,0,0.19117647058823528,0.2647058823529412,0.4852941176470588,0.6838235294117647,0.0,0.0,season-matched placebo,0.6138613861386139,0.0,3.0
2020-07-13,17.2,cape_town,"Cape Town, South Africa",Mediterranean winter-rainfall,0,114.0,7,2020,0–2,86.68548387096774,47.99031891727379,0.5691672142483009,0.0,1,1,1,1,1,1,1,1,1,1,1,1,0.32732732732732733,0.5495495495495496,0.8408408408408409,0.9669669669669669,0.0,0.0,season-matched placebo,0.5390625,0.0,3.0
2020-07-20,0.0,london,"London, United Kingdom",temperate maritime,0,38.99999999999999,7,2020,0–2,53.25306451612904,23.654472339833752,-0.6025526298520348,0.6025526298520348,0,1,1,1,0,0,1,1,0,0,1,1,0.380352644836272,0.6926952141057935,0.8589420654911839,0.9748110831234257,4.0,0.6490554638276471,high prospective hazard,0.7798165137614679,0.0,2.8747517778799825
2020-07-22,0.0,cape_town,"Cape Town, South Africa",Mediterranean winter-rainfall,7,126.89999999999999,7,2020,6–9,86.68548387096774,47.99031891727379,0.83797142916167,0.0,0,1,1,1,0,0,0,0,0,0,0,0,0.37362637362637363,0.5494505494505495,0.7472527472527473,0.978021978021978,6.0,0.0,dry-spell threshold,0.6266666666666667,0.007906315920451545,3.158126318409031
2020-07-23,0.2,london,"London, United Kingdom",temperate maritime,3,38.39999999999999,7,2020,3–5,53.25306451612904,23.654472339833752,-0.6279178120205506,0.6279178120205506,1,1,1,1,0,1,1,1,0,1,1,1,0.3247863247863248,0.5042735042735043,0.7692307692307693,1.0,2.0,0.6279178120205506,random drought day,0.76,0.0,2.864471283814716
2020-07-24,0.0,nairobi,"Nairobi, Kenya",subtropical highland / bimodal rainfall,7,11.0,7,2020,6–9,21.771290322580644,22.31910042743049,-0.48260414247442407,0.48260414247442407,0,1,1,1,0,0,0,0,0,0,0,0,0.06976744186046512,0.20930232558139536,0.37209302325581395,0.627906976744186,6.0,0.45124087125854256,dry-spell threshold,0.5523809523809524,0.0,2.9184332603892185
2020-07-29,0.0,brasilia,"Brasília, Brazil",tropical savanna,64,0.0,7,2020,20+,1.7846774193548427,6.066529967027798,-0.2941842254228932,0.2941842254228932,0,0,0,0,0,0,0,0,0,0,0,0,0.005357142857142857,0.0125,0.02142857142857143,0.033928571428571426,63.0,0.2941842254228932,random drought day,0.54,0.0,2.9691642699614027
2020-07-29,0.0,darwin,"Darwin, Australia",tropical savanna / monsoon,67,0.0,7,2020,20+,1.6995161290322582,4.838728697046019,-0.3512319527378732,0.3512319527378732,0,0,1,1,0,0,0,0,0,0,0,0,0.007220216606498195,0.021660649819494584,0.048736462093862815,0.11371841155234658,66.0,0.3512319527378732,random drought day,0.32432432432432434,0.0,2.9562368565015777
2020-07-30,0.0,nairobi,"Nairobi, Kenya",subtropical highland / bimodal rainfall,13,9.5,7,2020,10–19,21.771290322580644,22.31910042743049,-0.5498111522227416,0.5498111522227416,1,1,1,1,0,0,0,1,0,0,0,0,0.08450704225352113,0.20422535211267606,0.36619718309859156,0.5985915492957746,12.0,0.5498111522227416,random drought day,0.6515151515151515,0.02319620358109964,3.465739423525786
2020-08-01,0.1,london,"London, United Kingdom",temperate maritime,4,42.999999999999986,8,2020,3–5,55.292419354838714,24.80198980927015,-0.49562230487830594,0.49562230487830594,0,1,1,1,0,0,0,1,0,0,0,1,0.25203252032520324,0.5284552845528455,0.7560975609756098,0.926829268292683,3.0,0.4038587028653284,random drought day,0.7631578947368421,0.0,2.914101110651328
2020-08-01,0.1,tokyo,"Tokyo, Japan",humid subtropical,0,270.20000000000005,8,2020,0–2,104.671935483871,67.34377615546884,2.457956383883099,0.0,0,0,0,1,0,0,0,1,0,0,0,1,0.36220472440944884,0.6299212598425197,0.8976377952755905,0.973753280839895,0.0,0.0,season-matched placebo,0.8481012658227848,0.0,3.0
2020-08-01,1.1,tucson,"Tucson, United States",hot semi-arid / monsoonal,4,15.100000000000007,8,2020,3–5,33.28145161290324,19.113990033841972,-0.9512117344789001,0.9512117344789001,1,1,1,1,1,1,1,1,0,0,0,0,0.24812030075187969,0.5037593984962406,0.7669172932330827,0.9473684210526315,3.0,0.0,high prospective hazard,0.5,0.0790682373051872,4.8110990357256345
2020-08-02,0.0,cape_town,"Cape Town, South Africa",Mediterranean winter-rainfall,18,101.39999999999999,8,2020,10–19,74.69370967741935,33.4152617533005,0.7992243340707276,0.0,0,0,1,1,0,0,1,1,0,0,1,1,0.3387096774193548,0.5967741935483871,0.9193548387096774,1.0,17.0,0.0,random drought day,0.5789473684210527,0.0,3.0
2020-08-04,0.0,london,"London, United Kingdom",temperate maritime,7,38.69999999999999,8,2020,6–9,55.292419354838714,24.80198980927015,-0.6689954911858337,0.6689954911858337,0,0,1,1,0,0,0,1,0,0,0,1,0.19696969696969696,0.45454545454545453,0.7121212121212122,0.8636363636363636,6.0,0.6609316220552509,dry-spell threshold,0.8018018018018018,0.01043718658715298,3.1114620062685465
2020-08-07,0.1,nairobi,"Nairobi, Kenya",subtropical highland / bimodal rainfall,21,8.9,8,2020,20+,15.798225806451612,13.574939376533305,-0.5081588665048788,0.5081588665048788,0,1,1,1,0,0,1,1,0,0,0,0,0.08264462809917356,0.2231404958677686,0.4049586776859504,0.628099173553719,20.0,0.5155253819069932,random drought day,0.6417910447761194,0.013472096842067516,3.2375785756637367
2020-08-08,0.0,london,"London, United Kingdom",temperate maritime,11,29.19999999999999,8,2020,10–19,55.292419354838714,24.80198980927015,-1.0520292748885114,1.0520292748885114,1,1,1,1,0,0,1,1,0,0,1,1,0.3076923076923077,0.5384615384615384,0.6923076923076923,0.7435897435897436,10.0,0.7052829022734557,30-day deficit threshold,0.95,0.1586353847853511,6.922242414448775
2020-08-08,0.0,tokyo,"Tokyo, Japan",humid subtropical,7,181.90000000000006,8,2020,6–9,104.671935483871,67.34377615546884,1.1467735984664937,0.0,0,0,1,1,0,0,1,1,0,0,1,1,0.37142857142857144,0.6428571428571429,0.7714285714285715,0.9428571428571428,6.0,0.0,dry-spell threshold,0.872093023255814,0.0,3.0
2020-08-08,0.0,tokyo,"Tokyo, Japan",humid subtropical,7,181.90000000000006,8,2020,6–9,104.671935483871,67.34377615546884,1.1467735984664937,0.0,0,0,1,1,0,0,1,1,0,0,1,1,0.37142857142857144,0.6428571428571429,0.7714285714285715,0.9428571428571428,6.0,0.0,random drought day,0.9054054054054054,0.02165599008572139,3.4331198017144278
2020-08-09,0.5,london,"London, United Kingdom",temperate maritime,12,24.79999999999999,8,2020,10–19,55.292419354838714,24.80198980927015,-1.2294343957613305,1.2294343957613305,0,1,1,1,0,0,1,1,0,0,1,1,0.3076923076923077,0.5384615384615384,0.6923076923076923,0.7435897435897436,11.0,1.0520292748885114,random drought day,0.7532467532467533,0.0,2.5394007666604916
2020-08-10,0.2,cape_town,"Cape Town, South Africa",Mediterranean winter-rainfall,0,47.19999999999999,8,2020,0–2,74.69370967741935,33.4152617533005,-0.8227889962497076,0.8227889962497076,1,1,1,1,1,1,1,1,1,1,1,1,0.2782608695652174,0.5681159420289855,0.8173913043478261,0.9536231884057971,0.0,0.06864257698633222,high prospective hazard,0.868421052631579,0.24966070188536382,9.292493055215836
2020-08-10,0.2,cape_town,"Cape Town, South Africa",Mediterranean winter-rainfall,0,47.19999999999999,8,2020,0–2,74.69370967741935,33.4152617533005,-0.8227889962497076,0.8227889962497076,1,1,1,1,1,1,1,1,1,1,1,1,0.2782608695652174,0.5681159420289855,0.8173913043478261,0.9536231884057971,0.0,0.06864257698633222,random drought day,0.5833333333333334,0.0,2.774597760206638
2020-08-10,0.0,tucson,"Tucson, United States",hot semi-arid / monsoonal,7,19.000000000000007,8,2020,6–9,33.28145161290324,19.113990033841972,-0.7471727037430403,0.7471727037430403,0,1,1,1,0,0,0,0,0,0,0,0,0.21686746987951808,0.46987951807228917,0.7831325301204819,0.9397590361445783,6.0,0.7471727037430403,dry-spell threshold,0.39344262295081966,0.0,2.8116423280849956
2020-08-11,0.3,nairobi,"Nairobi, Kenya",subtropical highland / bimodal rainfall,25,7.5,8,2020,20+,15.798225806451612,13.574939376533305,-0.6112900821344787,0.6112900821344787,1,1,1,1,0,1,1,1,0,0,0,0,0.08264462809917356,0.2231404958677686,0.4049586776859504,0.628099173553719,24.0,0.626023112938707,random drought day,0.6470588235294118,0.018739875595359945,3.3396012279332297
2020-08-13,0.0,cape_town,"Cape Town, South Africa",Mediterranean winter-rainfall,0,36.999999999999986,8,2020,0–2,74.69370967741935,33.4152617533005,-1.1280387373801217,1.1280387373801217,0,1,1,1,0,1,1,1,0,1,1,1,0.2782608695652174,0.5681159420289855,0.8173913043478261,0.9536231884057971,0.0,0.8018404846035028,30-day deficit threshold,0.7659574468085106,0.14719709606229547,6.597037244449298
2020-08-15,0.4,darwin,"Darwin, Australia",tropical savanna / monsoon,1,2.4,8,2020,0–2,1.365483870967742,1.935645294395855,0.5344554252927557,0.0,1,1,1,1,0,0,0,0,0,0,0,0,0.02857142857142857,0.02857142857142857,0.05714285714285714,0.14285714285714285,0.0,0.0,season-matched placebo,0.5625,0.03298176522312901,3.6596353044625802
2020-08-17,0.5,tucson,"Tucson, United States",hot semi-arid / monsoonal,14,19.600000000000005,8,2020,10–19,33.28145161290324,19.113990033841972,-0.7157820836298312,0.7157820836298312,1,1,1,1,0,0,0,1,0,0,0,0,0.15789473684210525,0.43859649122807015,0.7894736842105263,0.9298245614035088,13.0,0.7314773936864358,random drought day,0.3561643835616438,0.0,2.8262391994035827
2020-08-21,0.0,darwin,"Darwin, Australia",tropical savanna / monsoon,7,4.7,8,2020,6–9,1.365483870967742,1.935645294395855,1.7226896573904635,0.0,0,0,0,0,0,0,0,0,0,0,0,0,0.0,0.03125,0.125,0.25,6.0,0.0,dry-spell threshold,0.5306122448979592,0.0010940101210882291,3.0218802024217646
2020-08-22,0.0,cape_town,"Cape Town, South Africa",Mediterranean winter-rainfall,1,57.29999999999999,8,2020,0–2,74.69370967741935,33.4152617533005,-0.52053189964018,0.52053189964018,0,1,1,1,0,1,1,1,0,0,1,1,0.2782608695652174,0.5681159420289855,0.8173913043478261,0.9536231884057971,0.0,0.52053189964018,random drought day,0.5876288659793815,0.0,2.9055284423577676
2020-08-23,0.0,tucson,"Tucson, United States",hot semi-arid / monsoonal,20,11.900000000000007,8,2020,20+,33.28145161290324,19.113990033841972,-1.1186283750826826,1.1186283750826826,1,1,1,1,0,0,1,1,0,0,0,0,0.26129032258064516,0.532258064516129,0.7887096774193548,0.9451612903225807,19.0,0.63207376332794,30-day deficit threshold,0.48,0.05906823730518718,4.209954071931924
2020-08-25,0.0,tokyo,"Tokyo, Japan",humid subtropical,1,35.70000000000006,8,2020,0–2,104.671935483871,67.34377615546884,-1.024176834465643,1.024176834465643,1,1,1,1,0,1,1,1,0,0,0,1,0.36220472440944884,0.6299212598425197,0.8976377952755905,0.973753280839895,0.0,0.9677499422280089,30-day deficit threshold,0.9032258064516129,0.019476391131928894,3.1877501631162573
2020-08-29,1.8,london,"London, United Kingdom",temperate maritime,0,76.49999999999999,8,2020,0–2,55.292419354838714,24.80198980927015,0.8550757744942945,0.0,0,0,1,1,0,0,1,1,0,0,0,0,0.3815789473684211,0.6447368421052632,0.8289473684210527,0.95,0.0,0.0,season-matched placebo,0.7289719626168224,0.0,3.0
2020-09-01,0.1,cape_town,"Cape Town, South Africa",Mediterranean winter-rainfall,0,87.59999999999998,9,2020,0–2,54.838166666666666,32.362710563712156,1.0123327979229493,0.0,1,1,1,1,1,1,1,1,1,1,1,1,0.23659305993690852,0.5205047318611987,0.7760252365930599,0.9305993690851735,1.0,0.0,season-matched placebo,0.5426356589147286,0.0,3.0
2020-09-01,0.1,nairobi,"Nairobi, Kenya",subtropical highland / bimodal rainfall,7,17.2,9,2020,6–9,16.460666666666665,12.814435967721733,0.05769534727830709,0.0,0,1,1,1,0,0,1,1,0,0,1,1,0.08536585365853659,0.15853658536585366,0.24390243902439024,0.5365853658536586,6.0,0.0,dry-spell threshold,0.5471698113207547,0.0,3.0
2020-09-04,1.3,london,"London, United Kingdom",temperate maritime,1,80.39999999999999,9,2020,0–2,47.54533333333333,27.251647633126485,1.2056029458831425,0.0,1,1,1,1,0,0,0,0,0,0,0,0,0.40797546012269936,0.6993865030674846,0.8865030674846626,0.9570552147239264,0.0,0.0,season-matched placebo,0.7314814814814815,0.0,3.0
2020-09-06,9.7,nairobi,"Nairobi, Kenya",subtropical highland / bimodal rainfall,0,37.8,9,2020,0–2,16.460666666666665,12.814435967721733,1.6652573228415946,0.0,1,1,1,1,1,1,1,1,1,1,1,1,0.14516129032258066,0.3064516129032258,0.5241935483870968,0.6532258064516129,11.0,0.0,season-matched placebo,0.6176470588235294,0.0,3.0
2020-09-08,0.7,nairobi,"Nairobi, Kenya",subtropical highland / bimodal rainfall,0,56.99999999999999,9,2020,0–2,16.460666666666665,12.814435967721733,3.1635675136578625,0.0,1,1,1,1,0,0,0,0,0,0,0,0,0.14516129032258066,0.3064516129032258,0.5241935483870968,0.6532258064516129,0.0,0.0,season-matched placebo,0.6213592233009708,0.0,3.0
2020-09-08,0.0,tucson,"Tucson, United States",hot semi-arid / monsoonal,7,13.700000000000006,9,2020,6–9,30.822000000000013,23.461200506695302,-0.7298006764450852,0.7298006764450852,1,1,1,1,1,1,1,1,0,0,0,0,0.040983606557377046,0.16393442622950818,0.48360655737704916,0.7295081967213115,6.0,0.751112458843318,dry-spell threshold,0.3902439024390244,0.0,2.819779216126348
2020-09-11,0.0,brasilia,"Brasília, Brazil",tropical savanna,108,0.2,9,2020,20+,19.803000000000004,23.575053826836342,-0.8315145383755262,0.8315145383755262,0,0,0,1,0,0,0,1,0,0,0,1,0.06912442396313365,0.15207373271889402,0.3271889400921659,0.5898617511520737,107.0,0.8315145383755262,random drought day,0.5294117647058824,0.0,2.770159911626049
2020-09-12,0.0,london,"London, United Kingdom",temperate maritime,7,80.19999999999999,9,2020,6–9,47.54533333333333,27.251647633126485,1.1982639400845763,0.0,0,0,0,1,0,0,0,1,0,0,0,0,0.18421052631578946,0.4342105263157895,0.6973684210526315,0.9342105263157895,6.0,0.0,dry-spell threshold,0.7946428571428571,0.0032782419282082476,3.065564838564165
2020-09-13,3.2,cape_town,"Cape Town, South Africa",Mediterranean winter-rainfall,7,81.19999999999999,9,2020,6–9,54.838166666666666,32.362710563712156,0.8145743318204152,0.0,1,1,1,1,1,1,1,1,0,0,0,1,0.2727272727272727,0.5227272727272727,0.7613636363636364,0.9204545454545454,6.0,0.0,dry-spell threshold,0.6225165562913907,0.0037562055451755283,3.0751241109035106
2020-09-15,0.1,nairobi,"Nairobi, Kenya",subtropical highland / bimodal rainfall,7,54.3,9,2020,6–9,16.460666666666665,12.814435967721733,2.952867643074325,0.0,0,1,1,1,0,0,0,1,0,0,0,1,0.08536585365853659,0.15853658536585366,0.24390243902439024,0.5365853658536586,6.0,0.0,dry-spell threshold,0.5514018691588785,0.0,3.0
2020-09-17,0.0,tucson,"Tucson, United States",hot semi-arid / monsoonal,7,12.900000000000007,9,2020,6–9,30.822000000000013,23.461200506695302,-0.7638995282822576,0.7638995282822576,0,0,0,0,0,0,0,0,0,0,0,0,0.040983606557377046,0.16393442622950818,0.48360655737704916,0.7295081967213115,6.0,0.7425877458840248,dry-spell threshold,0.3951612903225806,0.0,2.803672552724791
2020-09-25,9.1,cape_town,"Cape Town, South Africa",Mediterranean winter-rainfall,4,62.59999999999999,9,2020,3–5,54.838166666666666,32.362710563712156,0.23983878970992478,0.0,1,1,1,1,0,0,1,1,0,0,0,0,0.23529411764705882,0.4411764705882353,0.7426470588235294,0.9558823529411765,3.0,0.0,random drought day,0.5918367346938775,0.0,3.0
2020-09-27,0.0,london,"London, United Kingdom",temperate maritime,1,21.399999999999988,9,2020,0–2,47.54533333333333,27.251647633126485,-0.9594037646939068,0.9594037646939068,0,1,1,1,0,1,1,1,0,1,1,1,0.40797546012269936,0.6993865030674846,0.8865030674846626,0.9570552147239264,0.0,0.4420038558949849,high prospective hazard,0.7818181818181819,0.0,2.701596094758432
2020-09-28,0.0,london,"London, United Kingdom",temperate maritime,2,14.099999999999987,9,2020,0–2,47.54533333333333,27.251647633126485,-1.2272774763415757,1.2272774763415757,1,1,1,1,1,1,1,1,0,1,1,1,0.40797546012269936,0.6993865030674846,0.8865030674846626,0.9570552147239264,1.0,0.9594037646939068,30-day deficit threshold,0.9512195121951219,0.15985489698047306,6.9100099511873045
2020-09-30,9.3,london,"London, United Kingdom",temperate maritime,0,16.49999999999999,9,2020,0–2,47.54533333333333,27.251647633126485,-1.1392094067587804,1.1392094067587804,1,1,1,1,1,1,1,1,0,1,1,1,0.40797546012269936,0.6993865030674846,0.8865030674846626,0.9570552147239264,3.0,1.293328528528672,high prospective hazard,0.7837837837837838,0.0,2.5957490295474432
2020-09-30,0.0,tucson,"Tucson, United States",hot semi-arid / monsoonal,20,3.300000000000007,9,2020,20+,30.822000000000013,23.461200506695302,-1.1730857503283278,1.1730857503283278,0,0,0,0,0,0,0,0,0,0,0,0,0.023809523809523808,0.023809523809523808,0.07142857142857142,0.35714285714285715,19.0,0.968492639305293,30-day deficit threshold,0.5,0.0790682373051872,4.728121662566735
2020-10-01,0.0,brasilia,"Brasília, Brazil",tropical savanna,7,11.3,10,2020,6–9,80.51935483870969,62.708403403517686,-1.103829009858458,1.103829009858458,0,0,0,1,0,0,0,1,0,0,0,1,0.3076923076923077,0.5769230769230769,0.75,0.9038461538461539,6.0,0.360677861541963,30-day deficit threshold,0.6923076923076923,0.07991338853916652,4.78129000707605
2020-10-01,0.0,brasilia,"Brasília, Brazil",tropical savanna,7,11.3,10,2020,6–9,80.51935483870969,62.708403403517686,-1.103829009858458,1.103829009858458,0,0,0,1,0,0,0,1,0,0,0,1,0.3076923076923077,0.5769230769230769,0.75,0.9038461538461539,6.0,0.360677861541963,dry-spell threshold,0.53125,0.0,2.617315455257961
2020-10-01,0.0,brasilia,"Brasília, Brazil",tropical savanna,7,11.3,10,2020,6–9,80.51935483870969,62.708403403517686,-1.103829009858458,1.103829009858458,0,0,0,1,0,0,0,1,0,0,0,1,0.3076923076923077,0.5769230769230769,0.75,0.9038461538461539,6.0,0.360677861541963,random drought day,0.5192307692307693,0.0,2.617315455257961
2020-10-01,0.6,cape_town,"Cape Town, South Africa",Mediterranean winter-rainfall,5,43.499999999999986,10,2020,3–5,35.513225806451615,24.33572772403693,0.32819130309629735,0.0,1,1,1,1,1,1,1,1,0,0,0,0,0.2064516129032258,0.44516129032258067,0.7096774193548387,0.8387096774193549,4.0,0.19893780695507335,random drought day,0.5959595959595959,0.0,3.0
2020-10-03,0.0,cape_town,"Cape Town, South Africa",Mediterranean winter-rainfall,0,29.699999999999985,10,2020,0–2,35.513225806451615,24.33572772403693,-0.23887618535071709,0.23887618535071709,0,0,1,1,0,0,0,0,0,0,0,0,0.15767634854771784,0.3651452282157676,0.6846473029045643,0.8713692946058091,6.0,0.0,season-matched placebo,0.5461538461538461,0.0,2.9795974453632534
2020-10-03,0.0,nairobi,"Nairobi, Kenya",subtropical highland / bimodal rainfall,7,52.0,10,2020,6–9,16.683064516129033,14.609320070417443,2.4174249940203976,0.0,0,0,1,1,0,0,1,1,0,0,0,0,0.171875,0.375,0.65625,0.9375,6.0,0.0,dry-spell threshold,0.5462962962962963,0.0,3.0
2020-10-05,0.0,cape_town,"Cape Town, South Africa",Mediterranean winter-rainfall,2,29.699999999999985,10,2020,0–2,35.513225806451615,24.33572772403693,-0.23887618535071709,0.23887618535071709,0,0,1,1,0,0,0,0,0,0,0,0,0.15767634854771784,0.3651452282157676,0.6846473029045643,0.8713692946058091,1.0,0.23887618535071709,season-matched placebo,0.5419847328244275,0.0,2.9795974453632534
2020-10-08,0.0,tucson,"Tucson, United States",hot semi-arid / monsoonal,28,1.1000000000000072,10,2020,20+,15.33870967741937,15.940629497249008,-0.893233838718643,0.893233838718643,0,0,0,0,0,0,0,0,0,0,0,0,0.09473684210526316,0.22631578947368422,0.45789473684210524,0.7157894736842105,27.0,0.8618674488225421,random drought day,0.35135135135135137,0.0,2.737865771682366
2020-10-10,0.0,cape_town,"Cape Town, South Africa",Mediterranean winter-rainfall,7,24.199999999999985,10,2020,6–9,35.513225806451615,24.33572772403693,-0.4648813437897446,0.4648813437897446,0,0,0,0,0,0,0,0,0,0,0,0,0.20202020202020202,0.3838383838383838,0.6262626262626263,0.8080808080808081,6.0,0.47720889788641885,dry-spell threshold,0.625,0.00623964925378484,3.074077561723434
2020-10-14,0.0,tucson,"Tucson, United States",hot semi-arid / monsoonal,34,0.0,10,2020,20+,15.33870967741937,15.940629497249008,-0.9622398964900655,0.9622398964900655,0,0,0,1,0,0,0,0,0,0,0,0,0.09473684210526316,0.22631578947368422,0.45789473684210524,0.7157894736842105,33.0,0.9622398964900655,random drought day,0.3466666666666667,0.0,2.7000059216883603
2020-10-18,1.8,nairobi,"Nairobi, Kenya",subtropical highland / bimodal rainfall,1,17.2,10,2020,0–2,16.683064516129033,14.609320070417443,0.03538395225645814,0.0,1,1,1,1,1,1,1,1,0,0,0,1,0.42066420664206644,0.6937269372693727,0.8523985239852399,0.9520295202952029,0.0,0.0,season-matched placebo,0.6153846153846154,0.0,3.0
2020-10-23,0.0,cape_town,"Cape Town, South Africa",Mediterranean winter-rainfall,20,14.499999999999986,10,2020,20+,35.513225806451615,24.33572772403693,-0.8634722595822112,0.8634722595822112,0,0,1,1,0,0,1,1,0,0,1,1,0.09090909090909091,0.24242424242424243,0.5151515151515151,0.9090909090909091,19.0,0.8634722595822112,random drought day,0.6,0.0,2.7536321939543544
2020-10-24,26.2,brasilia,"Brasília, Brazil",tropical savanna,0,74.89999999999999,10,2020,0–2,80.51935483870969,62.708403403517686,-0.08961087404107747,0.08961087404107747,1,1,1,1,1,1,1,1,0,1,1,1,0.6385542168674698,0.7590361445783133,0.9060240963855422,0.9783132530120482,0.0,0.36708564704771934,season-matched placebo,0.6842105263157895,0.07181622254726372,4.496346857166209
2020-10-25,1.0,brasilia,"Brasília, Brazil",tropical savanna,0,101.0,10,2020,0–2,80.51935483870969,62.708403403517686,0.3266012854688855,0.0,1,1,1,1,1,1,1,1,1,1,1,1,0.6385542168674698,0.7590361445783133,0.9060240963855422,0.9783132530120482,0.0,0.08961087404107747,season-matched placebo,0.6896551724137931,0.07726086864526738,4.5452173729053476
2020-10-25,0.0,cape_town,"Cape Town, South Africa",Mediterranean winter-rainfall,22,14.499999999999986,10,2020,20+,35.513225806451615,24.33572772403693,-0.8634722595822112,0.8634722595822112,0,1,1,1,0,0,1,1,0,0,1,1,0.09090909090909091,0.24242424242424243,0.5151515151515151,0.9090909090909091,21.0,0.8634722595822112,random drought day,0.6039603960396039,0.0,2.7536321939543544
2020-10-26,0.0,cape_town,"Cape Town, South Africa",Mediterranean winter-rainfall,23,5.399999999999986,10,2020,20+,35.513225806451615,24.33572772403693,-1.2374080671813295,1.2374080671813295,0,1,1,1,0,1,1,1,0,1,1,1,0.09090909090909091,0.24242424242424243,0.5151515151515151,0.9090909090909091,22.0,0.8634722595822112,30-day deficit threshold,0.7708333333333334,0.1520729825871182,6.693372971419794
2020-11-01,0.0,tokyo,"Tokyo, Japan",humid subtropical,7,244.70000000000007,11,2020,6–9,127.82533333333335,90.86569530095744,1.2862353199363592,0.0,1,1,1,1,1,1,1,1,1,1,1,1,0.2714285714285714,0.5142857142857142,0.8142857142857143,1.0,6.0,0.0,dry-spell threshold,0.8735632183908046,0.0,3.0
2020-11-02,0.0,cape_town,"Cape Town, South Africa",Mediterranean winter-rainfall,3,7.199999999999985,11,2020,3–5,30.023833333333332,22.611931534444818,-1.0093712383024749,1.0093712383024749,0,1,1,1,0,0,1,1,0,0,1,1,0.109375,0.2578125,0.6015625,0.765625,2.0,0.8457408118453728,30-day deficit threshold,0.7755102040816326,0.15674985333541747,6.876470254758696
2020-11-02,0.1,mumbai,"Mumbai, India",tropical monsoon,7,87.5,11,2020,6–9,20.42516666666667,27.409647899395537,2.4471249532108192,0.0,0,0,0,0,0,0,0,0,0,0,0,0,0.0425531914893617,0.10638297872340426,0.19148936170212766,0.3617021276595745,6.0,0.0,dry-spell threshold,0.3103448275862069,0.0,3.0
2020-11-06,21.3,cape_town,"Cape Town, South Africa",Mediterranean winter-rainfall,7,7.999999999999985,11,2020,6–9,30.023833333333332,22.611931534444818,-0.9739916866360744,0.9739916866360744,1,1,1,1,1,1,1,1,0,0,0,0,0.20161290322580644,0.43548387096774194,0.6290322580645161,0.7258064516129032,6.0,1.0049487943441748,dry-spell threshold,0.6209150326797386,0.002154681933523417,2.7509178396108718
2020-11-07,4.6,cape_town,"Cape Town, South Africa",Mediterranean winter-rainfall,0,29.299999999999986,11,2020,0–2,30.023833333333332,22.611931534444818,-0.03201112351816245,0.03201112351816245,1,1,1,1,1,1,1,1,0,0,0,0,0.1683673469387755,0.34183673469387754,0.5408163265306123,0.8214285714285714,7.0,0.9739916866360744,season-matched placebo,0.5378787878787878,0.0,2.9996311490255216
2020-11-09,0.2,tokyo,"Tokyo, Japan",humid subtropical,0,124.80000000000005,11,2020,0–2,127.82533333333335,90.86569530095744,-0.033294559881075554,0.033294559881075554,0,0,0,1,0,0,0,1,0,0,0,0,0.29829545454545453,0.6022727272727273,0.8863636363636364,0.9772727272727273,4.0,0.0,season-matched placebo,0.8375,0.0,2.9996009831001924
2020-11-10,0.0,cape_town,"Cape Town, South Africa",Mediterranean winter-rainfall,1,37.999999999999986,11,2020,0–2,30.023833333333332,22.611931534444818,0.3527415008539424,0.0,0,0,0,1,0,0,0,1,0,0,0,0,0.1683673469387755,0.34183673469387754,0.5408163265306123,0.8214285714285714,0.0,0.0,season-matched placebo,0.5413533834586466,0.0,3.0
2020-11-13,0.0,cape_town,"Cape Town, South Africa",Mediterranean winter-rainfall,4,37.999999999999986,11,2020,3–5,30.023833333333332,22.611931534444818,0.3527415008539424,0.0,0,0,1,1,0,0,1,1,0,0,0,0,0.109375,0.2578125,0.6015625,0.765625,3.0,0.0,random drought day,0.6078431372549019,0.0,3.0
2020-11-16,0.0,cape_town,"Cape Town, South Africa",Mediterranean winter-rainfall,7,37.999999999999986,11,2020,6–9,30.023833333333332,22.611931534444818,0.3527415008539424,0.0,0,1,1,1,0,1,1,1,0,0,0,0,0.20161290322580644,0.43548387096774194,0.6290322580645161,0.7258064516129032,6.0,0.0,dry-spell threshold,0.6233766233766234,0.0046162726304082025,3.092325452608164
2020-11-16,0.0,tokyo,"Tokyo, Japan",humid subtropical,7,53.10000000000005,11,2020,6–9,127.82533333333335,90.86569530095744,-0.8223712269612262,0.8223712269612262,0,1,1,1,0,0,1,1,0,0,0,0,0.2714285714285714,0.5142857142857142,0.8142857142857143,1.0,6.0,0.7695460107550237,dry-spell threshold,0.875,0.0,2.774809419769028
2020-11-17,0.2,nairobi,"Nairobi, Kenya",subtropical highland / bimodal rainfall,0,63.199999999999996,11,2020,0–2,63.99816666666667,38.63788369894818,-0.020657618644066733,0.020657618644066733,0,1,1,1,0,1,1,1,0,0,0,1,0.6334012219959266,0.8431771894093686,0.9755600814663951,0.9877800407331976,4.0,0.06206775415942236,season-matched placebo,0.6190476190476191,0.0,2.9998463824716217
2020-11-17,0.0,tokyo,"Tokyo, Japan",humid subtropical,8,30.300000000000058,11,2020,6–9,127.82533333333335,90.86569530095744,-1.0732910039406882,1.0732910039406882,0,1,1,1,0,1,1,1,0,0,0,0,0.2714285714285714,0.5142857142857142,0.8142857142857143,1.0,7.0,0.8223712269612262,30-day deficit threshold,0.9047619047619048,0.021012489442220783,3.2030088470821503
2020-11-17,0.0,tucson,"Tucson, United States",hot semi-arid / monsoonal,7,5.4000000000000075,11,2020,6–9,15.756500000000011,21.924639277056514,-0.4723680909467813,0.4723680909467813,0,0,0,0,0,0,0,0,0,0,0,0,0.02666666666666667,0.09333333333333334,0.3466666666666667,0.6,6.0,0.4723680909467813,dry-spell threshold,0.392,0.0,2.9217673602117653
2020-11-18,0.0,london,"London, United Kingdom",temperate maritime,1,79.39999999999999,11,2020,0–2,59.218666666666664,29.995154615196395,0.6728197801357187,0.0,1,1,1,1,0,1,1,1,0,0,0,0,0.39690721649484534,0.7371134020618557,0.8969072164948454,0.961340206185567,0.0,0.0,season-matched placebo,0.7247706422018348,0.0,3.0
2020-11-19,0.4,tokyo,"Tokyo, Japan",humid subtropical,10,23.70000000000006,11,2020,10–19,127.82533333333335,90.86569530095744,-1.1459256762242167,1.1459256762242167,1,1,1,1,1,1,1,1,0,0,0,1,0.20588235294117646,0.5882352941176471,1.0,1.0,9.0,1.0732910039406882,high prospective hazard,0.9555555555555556,0.07180614023587162,4.543080614277139
2020-11-20,0.0,cape_town,"Cape Town, South Africa",Mediterranean winter-rainfall,1,39.59999999999999,11,2020,0–2,30.023833333333332,22.611931534444818,0.42350060418674335,0.0,1,1,1,1,0,0,1,1,0,0,0,0,0.1683673469387755,0.34183673469387754,0.5408163265306123,0.8214285714285714,0.0,0.0,season-matched placebo,0.5373134328358209,0.0,3.0
2020-11-25,0.0,cape_town,"Cape Town, South Africa",Mediterranean winter-rainfall,0,43.69999999999999,11,2020,0–2,30.023833333333332,22.611931534444818,0.6048208064770457,0.0,0,0,1,1,0,0,0,0,0,0,0,0,0.1683673469387755,0.34183673469387754,0.5408163265306123,0.8214285714285714,5.0,0.0,season-matched placebo,0.5407407407407407,0.0,3.0
2020-11-28,0.0,london,"London, United Kingdom",temperate maritime,7,40.89999999999999,11,2020,6–9,59.218666666666664,29.995154615196395,-0.610720861474937,0.610720861474937,0,1,1,1,0,1,1,1,0,0,1,1,0.18181818181818182,0.41818181818181815,0.7818181818181819,0.9272727272727272,6.0,0.6007192460857631,dry-spell threshold,0.7876106194690266,0.0,2.871479480136406
2020-11-28,9.5,nairobi,"Nairobi, Kenya",subtropical highland / bimodal rainfall,7,47.199999999999996,11,2020,6–9,63.99816666666667,38.63788369894818,-0.4347589737976245,0.4347589737976245,1,1,1,1,1,1,1,1,1,1,1,1,0.4782608695652174,0.6086956521739131,0.7391304347826086,1.0,6.0,0.271706565205911,dry-spell threshold,0.5504587155963303,0.0,2.933463635912505
2020-12-01,0.0,brasilia,"Brasília, Brazil",tropical savanna,5,141.0,12,2020,3–5,239.62129032258068,67.26353902146869,-1.466192409101511,1.466192409101511,0,0,1,1,0,0,1,1,0,0,1,1,0.6296296296296297,0.8148148148148148,0.8518518518518519,1.0,4.0,0.0,30-day deficit threshold,0.675,0.06260569623147427,4.109834572225536
2020-12-01,38.3,darwin,"Darwin, Australia",tropical savanna / monsoon,0,118.5,12,2020,0–2,235.83209677419353,95.03366235738179,-1.2346372207876897,1.2346372207876897,1,1,1,1,1,1,1,1,1,1,1,1,0.8347826086956521,0.9652173913043478,0.9982608695652174,1.0,0.0,0.07293475086969926,30-day deficit threshold,0.8461538461538461,0.31663561137697516,11.194348790271894
2020-12-01,38.3,darwin,"Darwin, Australia",tropical savanna / monsoon,0,118.5,12,2020,0–2,235.83209677419353,95.03366235738179,-1.2346372207876897,1.2346372207876897,1,1,1,1,1,1,1,1,1,1,1,1,0.8347826086956521,0.9652173913043478,0.9982608695652174,1.0,0.0,0.07293475086969926,high prospective hazard,0.9782608695652174,0.4487426347883464,14.806752672161625
2020-12-01,0.0,london,"London, United Kingdom",temperate maritime,0,34.39999999999999,12,2020,0–2,58.340161290322584,25.556611744344465,-0.9367502049883595,0.9367502049883595,1,1,1,1,0,1,1,1,0,1,1,1,0.42592592592592593,0.6904761904761905,0.8571428571428571,0.9682539682539683,9.0,0.7040692717738936,high prospective hazard,0.7857142857142857,0.0,2.714194962188402
2020-12-02,0.0,brasilia,"Brasília, Brazil",tropical savanna,6,125.5,12,2020,6–9,239.62129032258068,67.26353902146869,-1.6966292880628282,1.6966292880628282,0,1,1,1,0,1,1,1,0,1,1,1,0.8052805280528053,0.9191419141914191,0.9851485148514851,1.0,5.0,1.466192409101511,high prospective hazard,0.9152542372881356,0.3028599335196098,10.551013443125472
2020-12-02,0.0,cape_town,"Cape Town, South Africa",Mediterranean winter-rainfall,7,37.09999999999998,12,2020,6–9,15.709032258064516,12.469926953350525,1.7154044143127845,0.0,0,0,1,1,0,0,0,1,0,0,0,0,0.1326530612244898,0.23469387755102042,0.40816326530612246,0.6224489795918368,6.0,0.0,dry-spell threshold,0.6258064516129033,0.00704610086668811,3.140922017333762
2020-12-03,0.0,brasilia,"Brasília, Brazil",tropical savanna,7,116.0,12,2020,6–9,239.62129032258068,67.26353902146869,-1.83786479452299,1.83786479452299,0,1,1,1,0,1,1,1,0,1,1,1,0.8052805280528053,0.9191419141914191,0.9851485148514851,1.0,6.0,1.6966292880628282,dry-spell threshold,0.5230769230769231,0.0,2.134730467397717
2020-12-07,0.0,nairobi,"Nairobi, Kenya",subtropical highland / bimodal rainfall,7,31.599999999999998,12,2020,6–9,57.59387096774193,34.13512578169223,-0.7614991997973911,0.7614991997973911,0,1,1,1,0,0,0,0,0,0,0,0,0.234375,0.421875,0.546875,0.75,6.0,0.5710795118322698,dry-spell threshold,0.5545454545454546,0.0,2.804824272960329
2020-12-11,0.0,tokyo,"Tokyo, Japan",humid subtropical,1,24.000000000000057,12,2020,0–2,77.44306451612907,50.27902436482055,-1.0629296250529932,1.0629296250529932,1,1,1,1,0,0,0,0,0,0,0,0,0.24161073825503357,0.4966442953020134,0.7315436241610739,0.9261744966442953,0.0,1.0649185260164327,random drought day,0.9066666666666666,0.022917251346982637,3.2599594358595256
2020-12-11,0.1,tucson,"Tucson, United States",hot semi-arid / monsoonal,0,10.100000000000007,12,2020,0–2,25.111129032258077,25.327839224007104,-0.5926731017002708,0.5926731017002708,0,0,0,0,0,0,0,0,0,0,0,0,0.16666666666666666,0.3563218390804598,0.6379310344827587,0.7873563218390804,30.0,0.9914437947180422,high prospective hazard,0.5135135135135135,0.09258175081870068,5.181917246355909
2020-12-13,0.0,tokyo,"Tokyo, Japan",humid subtropical,3,24.10000000000006,12,2020,3–5,77.44306451612907,50.27902436482055,-1.0609407240895534,1.0609407240895534,1,1,1,1,0,0,0,0,0,0,0,0,0.17518248175182483,0.38686131386861317,0.6423357664233577,0.9343065693430657,2.0,1.0629296250529932,random drought day,0.8947368421052632,0.01098742678557918,2.9393027992781366
2020-12-15,0.0,mumbai,"Mumbai, India",tropical monsoon,2,5.4,12,2020,0–2,8.210322580645165,22.833093699906243,-0.12308111277346112,0.12308111277346112,0,0,0,0,0,0,0,0,0,0,0,0,0.00825082508250825,0.019801980198019802,0.036303630363036306,0.066006600660066,1.0,0.16249758483934224,season-matched placebo,0.5,0.17147230973461297,6.628446532789725
2020-12-17,0.0,nairobi,"Nairobi, Kenya",subtropical highland / bimodal rainfall,17,21.9,12,2020,10–19,57.59387096774193,34.13512578169223,-1.045663964914572,1.045663964914572,0,1,1,1,0,0,0,1,0,0,0,0,0.06,0.12,0.4,0.94,16.0,0.9958618926775402,30-day deficit threshold,0.8846153846153846,0.25629643668133273,9.552543093063694
2020-12-17,0.0,tokyo,"Tokyo, Japan",humid subtropical,7,24.70000000000006,12,2020,6–9,77.44306451612907,50.27902436482055,-1.049007318308915,1.049007318308915,0,1,1,1,0,0,0,1,0,0,0,0,0.17708333333333334,0.3854166666666667,0.7083333333333334,0.9375,6.0,1.0509962192723548,dry-spell threshold,0.8764044943820225,0.0,2.650059714211352
