region,month,dry_bin,success_1mm_1d_mean,success_1mm_1d_count,success_1mm_3d_mean,success_1mm_3d_count,success_1mm_7d_mean,success_1mm_7d_count,success_1mm_14d_mean,success_1mm_14d_count,success_1mm_3d_x,success_1mm_7d_x,success_1mm_14d_x,success_1mm_1d_x,success_1mm_7d_y,success_1mm_14d_y,success_1mm_1d_y,success_1mm_3d_y,success_1mm_14d,success_1mm_1d,success_1mm_3d,success_1mm_7d
brasilia,1,0–2,0.8050089445438283,559,0.9159212880143113,559,0.9838998211091234,559,0.9964221824686941,559,0.9032258064516129,0.9774193548387097,0.9967741935483871,0.7709677419354839,0.9774193548387097,0.9967741935483871,0.7709677419354839,0.9032258064516129,0.9967741935483871,0.7709677419354839,0.9032258064516129,0.9774193548387097
brasilia,1,10–19,0.7709677419354839,6,0.9032258064516129,6,0.9774193548387097,6,0.9967741935483871,6,0.9032258064516129,0.9774193548387097,0.9967741935483871,0.7709677419354839,0.9774193548387097,0.9967741935483871,0.7709677419354839,0.9032258064516129,0.9967741935483871,0.7709677419354839,0.9032258064516129,0.9774193548387097
brasilia,1,3–5,0.4883720930232558,43,0.8372093023255814,43,0.9302325581395349,43,1.0,43,0.9032258064516129,0.9774193548387097,0.9967741935483871,0.7709677419354839,0.9774193548387097,0.9967741935483871,0.7709677419354839,0.9032258064516129,0.9967741935483871,0.7709677419354839,0.9032258064516129,0.9774193548387097
brasilia,1,6–9,0.7709677419354839,12,0.9032258064516129,12,0.9774193548387097,12,0.9967741935483871,12,0.9032258064516129,0.9774193548387097,0.9967741935483871,0.7709677419354839,0.9774193548387097,0.9967741935483871,0.7709677419354839,0.9032258064516129,0.9967741935483871,0.7709677419354839,0.9032258064516129,0.9774193548387097
brasilia,2,0–2,0.7727272727272727,506,0.8992094861660079,506,0.9960474308300395,506,1.0,506,0.8973451327433628,0.9964601769911504,1.0,0.7539823008849558,0.9964601769911504,1.0,0.7539823008849558,0.8973451327433628,1.0,0.7539823008849558,0.8973451327433628,0.9964601769911504
brasilia,2,3–5,0.5208333333333334,48,0.8541666666666666,48,1.0,48,1.0,48,0.8973451327433628,0.9964601769911504,1.0,0.7539823008849558,0.9964601769911504,1.0,0.7539823008849558,0.8973451327433628,1.0,0.7539823008849558,0.8973451327433628,0.9964601769911504
brasilia,2,6–9,0.7539823008849558,11,0.8973451327433628,11,0.9964601769911504,11,1.0,11,0.8973451327433628,0.9964601769911504,1.0,0.7539823008849558,0.9964601769911504,1.0,0.7539823008849558,0.8973451327433628,1.0,0.7539823008849558,0.8973451327433628,0.9964601769911504
brasilia,3,0–2,0.7554744525547445,548,0.8886861313868614,548,0.968978102189781,548,0.9927007299270073,548,0.8725806451612903,0.9596774193548387,0.9935483870967742,0.7241935483870968,0.9596774193548387,0.9935483870967742,0.7241935483870968,0.8725806451612903,0.9935483870967742,0.7241935483870968,0.8725806451612903,0.9596774193548387
brasilia,3,10–19,0.7241935483870968,2,0.8725806451612903,2,0.9596774193548387,2,0.9935483870967742,2,0.8725806451612903,0.9596774193548387,0.9935483870967742,0.7241935483870968,0.9596774193548387,0.9935483870967742,0.7241935483870968,0.8725806451612903,0.9935483870967742,0.7241935483870968,0.8725806451612903,0.9596774193548387
brasilia,3,3–5,0.5344827586206896,58,0.8103448275862069,58,0.9137931034482759,58,1.0,58,0.8725806451612903,0.9596774193548387,0.9935483870967742,0.7241935483870968,0.9596774193548387,0.9935483870967742,0.7241935483870968,0.8725806451612903,0.9935483870967742,0.7241935483870968,0.8725806451612903,0.9596774193548387
brasilia,3,6–9,0.7241935483870968,12,0.8725806451612903,12,0.9596774193548387,12,0.9935483870967742,12,0.8725806451612903,0.9596774193548387,0.9935483870967742,0.7241935483870968,0.9596774193548387,0.9935483870967742,0.7241935483870968,0.8725806451612903,0.9935483870967742,0.7241935483870968,0.8725806451612903,0.9596774193548387
brasilia,4,0–2,0.5721649484536082,388,0.7139175257731959,388,0.8195876288659794,388,0.865979381443299,388,0.5783333333333334,0.7116666666666667,0.8016666666666666,0.43166666666666664,0.7116666666666667,0.8016666666666666,0.43166666666666664,0.5783333333333334,0.8016666666666666,0.43166666666666664,0.5783333333333334,0.7116666666666667
brasilia,4,10–19,0.12,50,0.22,50,0.52,50,0.7,50,0.5783333333333334,0.7116666666666667,0.8016666666666666,0.43166666666666664,0.7116666666666667,0.8016666666666666,0.43166666666666664,0.5783333333333334,0.8016666666666666,0.43166666666666664,0.5783333333333334,0.7116666666666667
brasilia,4,20+,0.43166666666666664,4,0.5783333333333334,4,0.7116666666666667,4,0.8016666666666666,4,0.5783333333333334,0.7116666666666667,0.8016666666666666,0.43166666666666664,0.7116666666666667,0.8016666666666666,0.43166666666666664,0.5783333333333334,0.8016666666666666,0.43166666666666664,0.5783333333333334,0.7116666666666667
brasilia,4,3–5,0.18823529411764706,85,0.36470588235294116,85,0.6,85,0.6588235294117647,85,0.5783333333333334,0.7116666666666667,0.8016666666666666,0.43166666666666664,0.7116666666666667,0.8016666666666666,0.43166666666666664,0.5783333333333334,0.8016666666666666,0.43166666666666664,0.5783333333333334,0.7116666666666667
brasilia,4,6–9,0.2054794520547945,73,0.3835616438356164,73,0.4383561643835616,73,0.684931506849315,73,0.5783333333333334,0.7116666666666667,0.8016666666666666,0.43166666666666664,0.7116666666666667,0.8016666666666666,0.43166666666666664,0.5783333333333334,0.8016666666666666,0.43166666666666664,0.5783333333333334,0.7116666666666667
brasilia,5,0–2,0.2482758620689655,145,0.33793103448275863,145,0.36551724137931035,145,0.5310344827586206,145,0.21451612903225806,0.3467741935483871,0.5209677419354839,0.11774193548387096,0.3467741935483871,0.5209677419354839,0.11774193548387096,0.21451612903225806,0.5209677419354839,0.11774193548387096,0.21451612903225806,0.3467741935483871
brasilia,5,10–19,0.06914893617021277,188,0.20212765957446807,188,0.4095744680851064,188,0.5531914893617021,188,0.21451612903225806,0.3467741935483871,0.5209677419354839,0.11774193548387096,0.3467741935483871,0.5209677419354839,0.11774193548387096,0.21451612903225806,0.5209677419354839,0.11774193548387096,0.21451612903225806,0.3467741935483871
brasilia,5,20+,0.1111111111111111,117,0.19658119658119658,117,0.3247863247863248,117,0.4444444444444444,117,0.21451612903225806,0.3467741935483871,0.5209677419354839,0.11774193548387096,0.3467741935483871,0.5209677419354839,0.11774193548387096,0.21451612903225806,0.5209677419354839,0.11774193548387096,0.21451612903225806,0.3467741935483871
brasilia,5,3–5,0.0625,80,0.1,80,0.225,80,0.45,80,0.21451612903225806,0.3467741935483871,0.5209677419354839,0.11774193548387096,0.3467741935483871,0.5209677419354839,0.11774193548387096,0.21451612903225806,0.5209677419354839,0.11774193548387096,0.21451612903225806,0.3467741935483871
brasilia,5,6–9,0.06666666666666667,90,0.16666666666666666,90,0.32222222222222224,90,0.6,90,0.21451612903225806,0.3467741935483871,0.5209677419354839,0.11774193548387096,0.3467741935483871,0.5209677419354839,0.11774193548387096,0.21451612903225806,0.5209677419354839,0.11774193548387096,0.21451612903225806,0.3467741935483871
brasilia,6,0–2,0.21621621621621623,37,0.35135135135135137,37,0.3783783783783784,37,0.3783783783783784,37,0.045,0.07,0.105,0.023333333333333334,0.07,0.105,0.023333333333333334,0.045,0.105,0.023333333333333334,0.045,0.07
brasilia,6,10–19,0.015151515151515152,132,0.030303030303030304,132,0.08333333333333333,132,0.12878787878787878,132,0.045,0.07,0.105,0.023333333333333334,0.07,0.105,0.023333333333333334,0.045,0.105,0.023333333333333334,0.045,0.07
brasilia,6,20+,0.008264462809917356,363,0.02203856749311295,363,0.04132231404958678,363,0.07988980716253444,363,0.045,0.07,0.105,0.023333333333333334,0.07,0.105,0.023333333333333334,0.045,0.105,0.023333333333333334,0.045,0.07
brasilia,6,3–5,0.038461538461538464,26,0.07692307692307693,26,0.07692307692307693,26,0.07692307692307693,26,0.045,0.07,0.105,0.023333333333333334,0.07,0.105,0.023333333333333334,0.045,0.105,0.023333333333333334,0.045,0.07
brasilia,6,6–9,0.0,42,0.0,42,0.0,42,0.023809523809523808,42,0.045,0.07,0.105,0.023333333333333334,0.07,0.105,0.023333333333333334,0.045,0.105,0.023333333333333334,0.045,0.07
brasilia,7,0–2,0.004838709677419355,6,0.01129032258064516,6,0.01935483870967742,6,0.035483870967741936,6,0.01129032258064516,0.01935483870967742,0.035483870967741936,0.004838709677419355,0.01935483870967742,0.035483870967741936,0.004838709677419355,0.01129032258064516,0.035483870967741936,0.004838709677419355,0.01129032258064516,0.01935483870967742
brasilia,7,10–19,0.0,35,0.0,35,0.0,35,0.08571428571428572,35,0.01129032258064516,0.01935483870967742,0.035483870967741936,0.004838709677419355,0.01935483870967742,0.035483870967741936,0.004838709677419355,0.01129032258064516,0.035483870967741936,0.004838709677419355,0.01129032258064516,0.01935483870967742
brasilia,7,20+,0.005357142857142857,560,0.0125,560,0.02142857142857143,560,0.033928571428571426,560,0.01129032258064516,0.01935483870967742,0.035483870967741936,0.004838709677419355,0.01935483870967742,0.035483870967741936,0.004838709677419355,0.01129032258064516,0.035483870967741936,0.004838709677419355,0.01129032258064516,0.01935483870967742
brasilia,7,3–5,0.004838709677419355,7,0.01129032258064516,7,0.01935483870967742,7,0.035483870967741936,7,0.01129032258064516,0.01935483870967742,0.035483870967741936,0.004838709677419355,0.01935483870967742,0.035483870967741936,0.004838709677419355,0.01129032258064516,0.035483870967741936,0.004838709677419355,0.01129032258064516,0.01935483870967742
brasilia,7,6–9,0.004838709677419355,12,0.01129032258064516,12,0.01935483870967742,12,0.035483870967741936,12,0.01129032258064516,0.01935483870967742,0.035483870967741936,0.004838709677419355,0.01935483870967742,0.035483870967741936,0.004838709677419355,0.01129032258064516,0.035483870967741936,0.004838709677419355,0.01129032258064516,0.01935483870967742
brasilia,8,0–2,0.3220338983050847,59,0.3559322033898305,59,0.559322033898305,59,0.864406779661017,59,0.11451612903225807,0.22580645161290322,0.3967741935483871,0.06451612903225806,0.22580645161290322,0.3967741935483871,0.06451612903225806,0.11451612903225807,0.3967741935483871,0.06451612903225806,0.11451612903225807,0.22580645161290322
brasilia,8,10–19,0.06451612903225806,7,0.11451612903225807,7,0.22580645161290322,7,0.3967741935483871,7,0.11451612903225807,0.22580645161290322,0.3967741935483871,0.06451612903225806,0.22580645161290322,0.3967741935483871,0.06451612903225806,0.11451612903225807,0.3967741935483871,0.06451612903225806,0.11451612903225807,0.22580645161290322
brasilia,8,20+,0.023622047244094488,508,0.05905511811023622,508,0.13582677165354332,508,0.2874015748031496,508,0.11451612903225807,0.22580645161290322,0.3967741935483871,0.06451612903225806,0.22580645161290322,0.3967741935483871,0.06451612903225806,0.11451612903225807,0.3967741935483871,0.06451612903225806,0.11451612903225807,0.22580645161290322
brasilia,8,3–5,0.08,25,0.16,25,0.64,25,0.84,25,0.11451612903225807,0.22580645161290322,0.3967741935483871,0.06451612903225806,0.22580645161290322,0.3967741935483871,0.06451612903225806,0.11451612903225807,0.3967741935483871,0.06451612903225806,0.11451612903225807,0.22580645161290322
brasilia,8,6–9,0.23809523809523808,21,0.5714285714285714,21,0.7619047619047619,21,1.0,21,0.11451612903225807,0.22580645161290322,0.3967741935483871,0.06451612903225806,0.22580645161290322,0.3967741935483871,0.06451612903225806,0.11451612903225807,0.3967741935483871,0.06451612903225806,0.11451612903225807,0.22580645161290322
brasilia,9,0–2,0.45320197044334976,203,0.6551724137931034,203,0.7980295566502463,203,0.9507389162561576,203,0.4066666666666667,0.6016666666666667,0.8133333333333334,0.24666666666666667,0.6016666666666667,0.8133333333333334,0.24666666666666667,0.4066666666666667,0.8133333333333334,0.24666666666666667,0.4066666666666667,0.6016666666666667
brasilia,9,10–19,0.2786885245901639,61,0.5081967213114754,61,0.7213114754098361,61,0.9672131147540983,61,0.4066666666666667,0.6016666666666667,0.8133333333333334,0.24666666666666667,0.6016666666666667,0.8133333333333334,0.24666666666666667,0.4066666666666667,0.8133333333333334,0.24666666666666667,0.4066666666666667,0.6016666666666667
brasilia,9,20+,0.06912442396313365,217,0.15207373271889402,217,0.3271889400921659,217,0.5898617511520737,217,0.4066666666666667,0.6016666666666667,0.8133333333333334,0.24666666666666667,0.6016666666666667,0.8133333333333334,0.24666666666666667,0.4066666666666667,0.8133333333333334,0.24666666666666667,0.4066666666666667,0.6016666666666667
brasilia,9,3–5,0.18032786885245902,61,0.39344262295081966,61,0.639344262295082,61,0.9344262295081968,61,0.4066666666666667,0.6016666666666667,0.8133333333333334,0.24666666666666667,0.6016666666666667,0.8133333333333334,0.24666666666666667,0.4066666666666667,0.8133333333333334,0.24666666666666667,0.4066666666666667,0.6016666666666667
brasilia,9,6–9,0.22413793103448276,58,0.39655172413793105,58,0.7758620689655172,58,0.8793103448275862,58,0.4066666666666667,0.6016666666666667,0.8133333333333334,0.24666666666666667,0.6016666666666667,0.8133333333333334,0.24666666666666667,0.4066666666666667,0.8133333333333334,0.24666666666666667,0.4066666666666667,0.6016666666666667
brasilia,10,0–2,0.6385542168674698,415,0.7590361445783133,415,0.9060240963855422,415,0.9783132530120482,415,0.6903225806451613,0.8693548387096774,0.9596774193548387,0.5209677419354839,0.8693548387096774,0.9596774193548387,0.5209677419354839,0.6903225806451613,0.9596774193548387,0.5209677419354839,0.6903225806451613,0.8693548387096774
brasilia,10,10–19,0.19444444444444445,36,0.3611111111111111,36,0.6111111111111112,36,0.8611111111111112,36,0.6903225806451613,0.8693548387096774,0.9596774193548387,0.5209677419354839,0.8693548387096774,0.9596774193548387,0.5209677419354839,0.6903225806451613,0.9596774193548387,0.5209677419354839,0.6903225806451613,0.8693548387096774
brasilia,10,20+,0.27586206896551724,29,0.6206896551724138,29,0.9310344827586207,29,1.0,29,0.6903225806451613,0.8693548387096774,0.9596774193548387,0.5209677419354839,0.8693548387096774,0.9596774193548387,0.5209677419354839,0.6903225806451613,0.9596774193548387,0.5209677419354839,0.6903225806451613,0.8693548387096774
brasilia,10,3–5,0.3068181818181818,88,0.5909090909090909,88,0.8522727272727273,88,0.9318181818181818,88,0.6903225806451613,0.8693548387096774,0.9596774193548387,0.5209677419354839,0.8693548387096774,0.9596774193548387,0.5209677419354839,0.6903225806451613,0.9596774193548387,0.5209677419354839,0.6903225806451613,0.8693548387096774
brasilia,10,6–9,0.3076923076923077,52,0.5769230769230769,52,0.75,52,0.9038461538461539,52,0.6903225806451613,0.8693548387096774,0.9596774193548387,0.5209677419354839,0.8693548387096774,0.9596774193548387,0.5209677419354839,0.6903225806451613,0.9596774193548387,0.5209677419354839,0.6903225806451613,0.8693548387096774
brasilia,11,0–2,0.7877094972067039,537,0.9124767225325885,537,0.9851024208566108,537,1.0,537,0.9066666666666666,0.985,1.0,0.7666666666666667,0.985,1.0,0.7666666666666667,0.9066666666666666,1.0,0.7666666666666667,0.9066666666666666,0.985
brasilia,11,3–5,0.5106382978723404,47,0.8085106382978723,47,0.9787234042553191,47,1.0,47,0.9066666666666666,0.985,1.0,0.7666666666666667,0.985,1.0,0.7666666666666667,0.9066666666666666,1.0,0.7666666666666667,0.9066666666666666,0.985
brasilia,11,6–9,0.7666666666666667,16,0.9066666666666666,16,0.985,16,1.0,16,0.9066666666666666,0.985,1.0,0.7666666666666667,0.985,1.0,0.7666666666666667,0.9066666666666666,1.0,0.7666666666666667,0.9066666666666666,0.985
brasilia,12,0–2,0.8259325044404974,563,0.9325044404973357,563,0.9911190053285968,563,1.0,563,0.9191419141914191,0.9851485148514851,1.0,0.8052805280528053,0.9851485148514851,1.0,0.8052805280528053,0.9191419141914191,1.0,0.8052805280528053,0.9191419141914191,0.9851485148514851
brasilia,12,10–19,0.8052805280528053,6,0.9191419141914191,6,0.9851485148514851,6,1.0,6,0.9191419141914191,0.9851485148514851,1.0,0.8052805280528053,0.9851485148514851,1.0,0.8052805280528053,0.9191419141914191,1.0,0.8052805280528053,0.9191419141914191,0.9851485148514851
brasilia,12,3–5,0.6296296296296297,27,0.8148148148148148,27,0.8518518518518519,27,1.0,27,0.9191419141914191,0.9851485148514851,1.0,0.8052805280528053,0.9851485148514851,1.0,0.8052805280528053,0.9191419141914191,1.0,0.8052805280528053,0.9191419141914191,0.9851485148514851
brasilia,12,6–9,0.8052805280528053,10,0.9191419141914191,10,0.9851485148514851,10,1.0,10,0.9191419141914191,0.9851485148514851,1.0,0.8052805280528053,0.9851485148514851,1.0,0.8052805280528053,0.9191419141914191,1.0,0.8052805280528053,0.9191419141914191,0.9851485148514851
cape_town,1,0–2,0.1,130,0.23846153846153847,130,0.4461538461538462,130,0.5846153846153846,130,0.20806451612903226,0.3919354838709677,0.5967741935483871,0.07903225806451612,0.3919354838709677,0.5967741935483871,0.07903225806451612,0.20806451612903226,0.5967741935483871,0.07903225806451612,0.20806451612903226,0.3919354838709677
cape_town,1,10–19,0.05027932960893855,179,0.12849162011173185,179,0.30726256983240224,179,0.6145251396648045,179,0.20806451612903226,0.3919354838709677,0.5967741935483871,0.07903225806451612,0.3919354838709677,0.5967741935483871,0.07903225806451612,0.20806451612903226,0.5967741935483871,0.07903225806451612,0.20806451612903226,0.3919354838709677
cape_town,1,20+,0.09574468085106383,94,0.2553191489361702,94,0.4574468085106383,94,0.6702127659574468,94,0.20806451612903226,0.3919354838709677,0.5967741935483871,0.07903225806451612,0.3919354838709677,0.5967741935483871,0.07903225806451612,0.20806451612903226,0.5967741935483871,0.07903225806451612,0.20806451612903226,0.3919354838709677
cape_town,1,3–5,0.030303030303030304,99,0.18181818181818182,99,0.47474747474747475,99,0.5454545454545454,99,0.20806451612903226,0.3919354838709677,0.5967741935483871,0.07903225806451612,0.3919354838709677,0.5967741935483871,0.07903225806451612,0.20806451612903226,0.5967741935483871,0.07903225806451612,0.20806451612903226,0.3919354838709677
cape_town,1,6–9,0.1271186440677966,118,0.2796610169491525,118,0.3389830508474576,118,0.5677966101694916,118,0.20806451612903226,0.3919354838709677,0.5967741935483871,0.07903225806451612,0.3919354838709677,0.5967741935483871,0.07903225806451612,0.20806451612903226,0.5967741935483871,0.07903225806451612,0.20806451612903226,0.3919354838709677
cape_town,2,0–2,0.06140350877192982,114,0.15789473684210525,114,0.42105263157894735,114,0.6578947368421053,114,0.19823008849557522,0.41061946902654867,0.6584070796460177,0.08141592920353982,0.41061946902654867,0.6584070796460177,0.08141592920353982,0.19823008849557522,0.6584070796460177,0.08141592920353982,0.19823008849557522,0.41061946902654867
cape_town,2,10–19,0.0916030534351145,131,0.17557251908396945,131,0.32061068702290074,131,0.6335877862595419,131,0.19823008849557522,0.41061946902654867,0.6584070796460177,0.08141592920353982,0.41061946902654867,0.6584070796460177,0.08141592920353982,0.19823008849557522,0.6584070796460177,0.08141592920353982,0.19823008849557522,0.41061946902654867
cape_town,2,20+,0.07692307692307693,156,0.21153846153846154,156,0.48717948717948717,156,0.7756410256410257,156,0.19823008849557522,0.41061946902654867,0.6584070796460177,0.08141592920353982,0.41061946902654867,0.6584070796460177,0.08141592920353982,0.19823008849557522,0.6584070796460177,0.08141592920353982,0.19823008849557522,0.41061946902654867
cape_town,2,3–5,0.11764705882352941,85,0.2823529411764706,85,0.4470588235294118,85,0.6235294117647059,85,0.19823008849557522,0.41061946902654867,0.6584070796460177,0.08141592920353982,0.41061946902654867,0.6584070796460177,0.08141592920353982,0.19823008849557522,0.6584070796460177,0.08141592920353982,0.19823008849557522,0.41061946902654867
cape_town,2,6–9,0.06329113924050633,79,0.17721518987341772,79,0.35443037974683544,79,0.5063291139240507,79,0.19823008849557522,0.41061946902654867,0.6584070796460177,0.08141592920353982,0.41061946902654867,0.6584070796460177,0.08141592920353982,0.19823008849557522,0.6584070796460177,0.08141592920353982,0.19823008849557522,0.41061946902654867
cape_town,3,0–2,0.06722689075630252,119,0.11764705882352941,119,0.29411764705882354,119,0.5630252100840336,119,0.18387096774193548,0.3870967741935484,0.6645161290322581,0.07903225806451612,0.3870967741935484,0.6645161290322581,0.07903225806451612,0.18387096774193548,0.6645161290322581,0.07903225806451612,0.18387096774193548,0.3870967741935484
cape_town,3,10–19,0.0893854748603352,179,0.19553072625698323,179,0.4022346368715084,179,0.7262569832402235,179,0.18387096774193548,0.3870967741935484,0.6645161290322581,0.07903225806451612,0.3870967741935484,0.6645161290322581,0.07903225806451612,0.18387096774193548,0.6645161290322581,0.07903225806451612,0.18387096774193548,0.3870967741935484
cape_town,3,20+,0.11510791366906475,139,0.2805755395683453,139,0.5467625899280576,139,0.6834532374100719,139,0.18387096774193548,0.3870967741935484,0.6645161290322581,0.07903225806451612,0.3870967741935484,0.6645161290322581,0.07903225806451612,0.18387096774193548,0.6645161290322581,0.07903225806451612,0.18387096774193548,0.3870967741935484
cape_town,3,3–5,0.033707865168539325,89,0.1348314606741573,89,0.2808988764044944,89,0.651685393258427,89,0.18387096774193548,0.3870967741935484,0.6645161290322581,0.07903225806451612,0.3870967741935484,0.6645161290322581,0.07903225806451612,0.18387096774193548,0.6645161290322581,0.07903225806451612,0.18387096774193548,0.3870967741935484
cape_town,3,6–9,0.06382978723404255,94,0.14893617021276595,94,0.3404255319148936,94,0.6595744680851063,94,0.18387096774193548,0.3870967741935484,0.6645161290322581,0.07903225806451612,0.3870967741935484,0.6645161290322581,0.07903225806451612,0.18387096774193548,0.6645161290322581,0.07903225806451612,0.18387096774193548,0.3870967741935484
cape_town,4,0–2,0.20192307692307693,208,0.35096153846153844,208,0.5432692307692307,208,0.8798076923076923,208,0.36333333333333334,0.6516666666666666,0.9216666666666666,0.16333333333333333,0.6516666666666666,0.9216666666666666,0.16333333333333333,0.36333333333333334,0.9216666666666666,0.16333333333333333,0.36333333333333334,0.6516666666666666
cape_town,4,10–19,0.25510204081632654,98,0.5816326530612245,98,0.8367346938775511,98,0.9897959183673469,98,0.36333333333333334,0.6516666666666666,0.9216666666666666,0.16333333333333333,0.6516666666666666,0.9216666666666666,0.16333333333333333,0.36333333333333334,0.9216666666666666,0.16333333333333333,0.36333333333333334,0.6516666666666666
cape_town,4,20+,0.11475409836065574,61,0.36065573770491804,61,0.6229508196721312,61,0.8688524590163934,61,0.36333333333333334,0.6516666666666666,0.9216666666666666,0.16333333333333333,0.6516666666666666,0.9216666666666666,0.16333333333333333,0.36333333333333334,0.9216666666666666,0.16333333333333333,0.36333333333333334,0.6516666666666666
cape_town,4,3–5,0.11570247933884298,121,0.256198347107438,121,0.5785123966942148,121,0.9421487603305785,121,0.36333333333333334,0.6516666666666666,0.9216666666666666,0.16333333333333333,0.6516666666666666,0.9216666666666666,0.16333333333333333,0.36333333333333334,0.9216666666666666,0.16333333333333333,0.36333333333333334,0.6516666666666666
cape_town,4,6–9,0.08928571428571429,112,0.3125,112,0.7857142857142857,112,0.9464285714285714,112,0.36333333333333334,0.6516666666666666,0.9216666666666666,0.16333333333333333,0.6516666666666666,0.9216666666666666,0.16333333333333333,0.36333333333333334,0.9216666666666666,0.16333333333333333,0.36333333333333334,0.6516666666666666
cape_town,5,0–2,0.2743682310469314,277,0.5234657039711191,277,0.776173285198556,277,0.9638989169675091,277,0.4838709677419355,0.7532258064516129,0.95,0.2435483870967742,0.7532258064516129,0.95,0.2435483870967742,0.4838709677419355,0.95,0.2435483870967742,0.4838709677419355,0.7532258064516129
cape_town,5,10–19,0.24489795918367346,98,0.4897959183673469,98,0.7653061224489796,98,0.9183673469387755,98,0.4838709677419355,0.7532258064516129,0.95,0.2435483870967742,0.7532258064516129,0.95,0.2435483870967742,0.4838709677419355,0.95,0.2435483870967742,0.4838709677419355,0.7532258064516129
cape_town,5,20+,0.2435483870967742,19,0.4838709677419355,19,0.7532258064516129,19,0.95,19,0.4838709677419355,0.7532258064516129,0.95,0.2435483870967742,0.7532258064516129,0.95,0.2435483870967742,0.4838709677419355,0.95,0.2435483870967742,0.4838709677419355,0.7532258064516129
cape_town,5,3–5,0.22131147540983606,122,0.45901639344262296,122,0.7049180327868853,122,0.9508196721311475,122,0.4838709677419355,0.7532258064516129,0.95,0.2435483870967742,0.7532258064516129,0.95,0.2435483870967742,0.4838709677419355,0.95,0.2435483870967742,0.4838709677419355,0.7532258064516129
cape_town,5,6–9,0.17307692307692307,104,0.40384615384615385,104,0.7403846153846154,104,0.9423076923076923,104,0.4838709677419355,0.7532258064516129,0.95,0.2435483870967742,0.7532258064516129,0.95,0.2435483870967742,0.4838709677419355,0.95,0.2435483870967742,0.4838709677419355,0.7532258064516129
cape_town,6,0–2,0.3342776203966006,353,0.5524079320113314,353,0.8753541076487252,353,0.9716713881019831,353,0.5833333333333334,0.8716666666666667,0.975,0.32166666666666666,0.8716666666666667,0.975,0.32166666666666666,0.5833333333333334,0.975,0.32166666666666666,0.5833333333333334,0.8716666666666667
cape_town,6,10–19,0.2413793103448276,29,0.5517241379310345,29,0.9310344827586207,29,1.0,29,0.5833333333333334,0.8716666666666667,0.975,0.32166666666666666,0.8716666666666667,0.975,0.32166666666666666,0.5833333333333334,0.975,0.32166666666666666,0.5833333333333334,0.8716666666666667
cape_town,6,3–5,0.24305555555555555,144,0.6111111111111112,144,0.8680555555555556,144,0.9722222222222222,144,0.5833333333333334,0.8716666666666667,0.975,0.32166666666666666,0.8716666666666667,0.975,0.32166666666666666,0.5833333333333334,0.975,0.32166666666666666,0.5833333333333334,0.8716666666666667
cape_town,6,6–9,0.44594594594594594,74,0.6891891891891891,74,0.8378378378378378,74,0.9864864864864865,74,0.5833333333333334,0.8716666666666667,0.975,0.32166666666666666,0.8716666666666667,0.975,0.32166666666666666,0.5833333333333334,0.975,0.32166666666666666,0.5833333333333334,0.8716666666666667
cape_town,7,0–2,0.32732732732732733,333,0.5495495495495496,333,0.8408408408408409,333,0.9669669669669669,333,0.5467741935483871,0.817741935483871,0.967741935483871,0.2967741935483871,0.817741935483871,0.967741935483871,0.2967741935483871,0.5467741935483871,0.967741935483871,0.2967741935483871,0.5467741935483871,0.817741935483871
cape_town,7,10–19,0.21739130434782608,46,0.5,46,0.8695652173913043,46,1.0,46,0.5467741935483871,0.817741935483871,0.967741935483871,0.2967741935483871,0.817741935483871,0.967741935483871,0.2967741935483871,0.5467741935483871,0.967741935483871,0.2967741935483871,0.5467741935483871,0.817741935483871
cape_town,7,20+,0.2967741935483871,2,0.5467741935483871,2,0.817741935483871,2,0.967741935483871,2,0.5467741935483871,0.817741935483871,0.967741935483871,0.2967741935483871,0.817741935483871,0.967741935483871,0.2967741935483871,0.5467741935483871,0.967741935483871,0.2967741935483871,0.5467741935483871,0.817741935483871
cape_town,7,3–5,0.20270270270270271,148,0.5472972972972973,148,0.7905405405405406,148,0.9527027027027027,148,0.5467741935483871,0.817741935483871,0.967741935483871,0.2967741935483871,0.817741935483871,0.967741935483871,0.2967741935483871,0.5467741935483871,0.967741935483871,0.2967741935483871,0.5467741935483871,0.817741935483871
cape_town,7,6–9,0.37362637362637363,91,0.5494505494505495,91,0.7472527472527473,91,0.978021978021978,91,0.5467741935483871,0.817741935483871,0.967741935483871,0.2967741935483871,0.817741935483871,0.967741935483871,0.2967741935483871,0.5467741935483871,0.967741935483871,0.2967741935483871,0.5467741935483871,0.817741935483871
cape_town,8,0–2,0.2782608695652174,345,0.5681159420289855,345,0.8173913043478261,345,0.9536231884057971,345,0.5483870967741935,0.8241935483870968,0.967741935483871,0.27903225806451615,0.8241935483870968,0.967741935483871,0.27903225806451615,0.5483870967741935,0.967741935483871,0.27903225806451615,0.5483870967741935,0.8241935483870968
cape_town,8,10–19,0.3387096774193548,62,0.5967741935483871,62,0.9193548387096774,62,1.0,62,0.5483870967741935,0.8241935483870968,0.967741935483871,0.27903225806451615,0.8241935483870968,0.967741935483871,0.27903225806451615,0.5483870967741935,0.967741935483871,0.27903225806451615,0.5483870967741935,0.8241935483870968
cape_town,8,3–5,0.3053435114503817,131,0.5190839694656488,131,0.8091603053435115,131,0.9770992366412213,131,0.5483870967741935,0.8241935483870968,0.967741935483871,0.27903225806451615,0.8241935483870968,0.967741935483871,0.27903225806451615,0.5483870967741935,0.967741935483871,0.27903225806451615,0.5483870967741935,0.8241935483870968
cape_town,8,6–9,0.1951219512195122,82,0.47560975609756095,82,0.8048780487804879,82,0.9878048780487805,82,0.5483870967741935,0.8241935483870968,0.967741935483871,0.27903225806451615,0.8241935483870968,0.967741935483871,0.27903225806451615,0.5483870967741935,0.967741935483871,0.27903225806451615,0.5483870967741935,0.8241935483870968
cape_town,9,0–2,0.23659305993690852,317,0.5205047318611987,317,0.7760252365930599,317,0.9305993690851735,317,0.505,0.77,0.9366666666666666,0.24166666666666667,0.77,0.9366666666666666,0.24166666666666667,0.505,0.9366666666666666,0.24166666666666667,0.505,0.77
cape_town,9,10–19,0.24528301886792453,53,0.5471698113207547,53,0.7924528301886793,53,0.9433962264150944,53,0.505,0.77,0.9366666666666666,0.24166666666666667,0.77,0.9366666666666666,0.24166666666666667,0.505,0.9366666666666666,0.24166666666666667,0.505,0.77
cape_town,9,20+,0.24166666666666667,6,0.505,6,0.77,6,0.9366666666666666,6,0.505,0.77,0.9366666666666666,0.24166666666666667,0.77,0.9366666666666666,0.24166666666666667,0.505,0.9366666666666666,0.24166666666666667,0.505,0.77
cape_town,9,3–5,0.23529411764705882,136,0.4411764705882353,136,0.7426470588235294,136,0.9558823529411765,136,0.505,0.77,0.9366666666666666,0.24166666666666667,0.77,0.9366666666666666,0.24166666666666667,0.505,0.9366666666666666,0.24166666666666667,0.505,0.77
cape_town,9,6–9,0.2727272727272727,88,0.5227272727272727,88,0.7613636363636364,88,0.9204545454545454,88,0.505,0.77,0.9366666666666666,0.24166666666666667,0.77,0.9366666666666666,0.24166666666666667,0.505,0.9366666666666666,0.24166666666666667,0.505,0.77
cape_town,10,0–2,0.15767634854771784,241,0.3651452282157676,241,0.6846473029045643,241,0.8713692946058091,241,0.3709677419354839,0.6451612903225806,0.8370967741935483,0.1693548387096774,0.6451612903225806,0.8370967741935483,0.1693548387096774,0.3709677419354839,0.8370967741935483,0.1693548387096774,0.3709677419354839,0.6451612903225806
cape_town,10,10–19,0.13043478260869565,92,0.29347826086956524,92,0.5,92,0.75,92,0.3709677419354839,0.6451612903225806,0.8370967741935483,0.1693548387096774,0.6451612903225806,0.8370967741935483,0.1693548387096774,0.3709677419354839,0.8370967741935483,0.1693548387096774,0.3709677419354839,0.6451612903225806
cape_town,10,20+,0.09090909090909091,33,0.24242424242424243,33,0.5151515151515151,33,0.9090909090909091,33,0.3709677419354839,0.6451612903225806,0.8370967741935483,0.1693548387096774,0.6451612903225806,0.8370967741935483,0.1693548387096774,0.3709677419354839,0.8370967741935483,0.1693548387096774,0.3709677419354839,0.6451612903225806
cape_town,10,3–5,0.2064516129032258,155,0.44516129032258067,155,0.7096774193548387,155,0.8387096774193549,155,0.3709677419354839,0.6451612903225806,0.8370967741935483,0.1693548387096774,0.6451612903225806,0.8370967741935483,0.1693548387096774,0.3709677419354839,0.8370967741935483,0.1693548387096774,0.3709677419354839,0.6451612903225806
cape_town,10,6–9,0.20202020202020202,99,0.3838383838383838,99,0.6262626262626263,99,0.8080808080808081,99,0.3709677419354839,0.6451612903225806,0.8370967741935483,0.1693548387096774,0.6451612903225806,0.8370967741935483,0.1693548387096774,0.3709677419354839,0.8370967741935483,0.1693548387096774,0.3709677419354839,0.6451612903225806
cape_town,11,0–2,0.1683673469387755,196,0.34183673469387754,196,0.5408163265306123,196,0.8214285714285714,196,0.325,0.5616666666666666,0.7683333333333333,0.15,0.5616666666666666,0.7683333333333333,0.15,0.325,0.7683333333333333,0.15,0.325,0.5616666666666666
cape_town,11,10–19,0.10476190476190476,105,0.22857142857142856,105,0.44761904761904764,105,0.7142857142857143,105,0.325,0.5616666666666666,0.7683333333333333,0.15,0.5616666666666666,0.7683333333333333,0.15,0.325,0.7683333333333333,0.15,0.325,0.5616666666666666
cape_town,11,20+,0.14893617021276595,47,0.3617021276595745,47,0.6170212765957447,47,0.7872340425531915,47,0.325,0.5616666666666666,0.7683333333333333,0.15,0.5616666666666666,0.7683333333333333,0.15,0.325,0.7683333333333333,0.15,0.325,0.5616666666666666
cape_town,11,3–5,0.109375,128,0.2578125,128,0.6015625,128,0.765625,128,0.325,0.5616666666666666,0.7683333333333333,0.15,0.5616666666666666,0.7683333333333333,0.15,0.325,0.7683333333333333,0.15,0.325,0.5616666666666666
cape_town,11,6–9,0.20161290322580644,124,0.43548387096774194,124,0.6290322580645161,124,0.7258064516129032,124,0.325,0.5616666666666666,0.7683333333333333,0.15,0.5616666666666666,0.7683333333333333,0.15,0.325,0.7683333333333333,0.15,0.325,0.5616666666666666
cape_town,12,0–2,0.0851063829787234,141,0.23404255319148937,141,0.44680851063829785,141,0.6666666666666666,141,0.23267326732673269,0.4438943894389439,0.6864686468646864,0.10066006600660066,0.4438943894389439,0.6864686468646864,0.10066006600660066,0.23267326732673269,0.6864686468646864,0.10066006600660066,0.23267326732673269,0.4438943894389439
cape_town,12,10–19,0.08280254777070063,157,0.19745222929936307,157,0.4140127388535032,157,0.7707006369426752,157,0.23267326732673269,0.4438943894389439,0.6864686468646864,0.10066006600660066,0.4438943894389439,0.6864686468646864,0.10066006600660066,0.23267326732673269,0.6864686468646864,0.10066006600660066,0.23267326732673269,0.4438943894389439
cape_town,12,20+,0.10619469026548672,113,0.2831858407079646,113,0.5575221238938053,113,0.7256637168141593,113,0.23267326732673269,0.4438943894389439,0.6864686468646864,0.10066006600660066,0.4438943894389439,0.6864686468646864,0.10066006600660066,0.23267326732673269,0.6864686468646864,0.10066006600660066,0.23267326732673269,0.4438943894389439
cape_town,12,3–5,0.1134020618556701,97,0.2268041237113402,97,0.3917525773195876,97,0.5979381443298969,97,0.23267326732673269,0.4438943894389439,0.6864686468646864,0.10066006600660066,0.4438943894389439,0.6864686468646864,0.10066006600660066,0.23267326732673269,0.6864686468646864,0.10066006600660066,0.23267326732673269,0.4438943894389439
cape_town,12,6–9,0.1326530612244898,98,0.23469387755102042,98,0.40816326530612246,98,0.6224489795918368,98,0.23267326732673269,0.4438943894389439,0.6864686468646864,0.10066006600660066,0.4438943894389439,0.6864686468646864,0.10066006600660066,0.23267326732673269,0.6864686468646864,0.10066006600660066,0.23267326732673269,0.4438943894389439
darwin,1,0–2,0.9016393442622951,610,0.9852459016393442,610,1.0,610,1.0,610,0.9854838709677419,1.0,1.0,0.9016129032258065,1.0,1.0,0.9016129032258065,0.9854838709677419,1.0,0.9016129032258065,0.9854838709677419,1.0
darwin,1,3–5,0.9016129032258065,10,0.9854838709677419,10,1.0,10,1.0,10,0.9854838709677419,1.0,1.0,0.9016129032258065,1.0,1.0,0.9016129032258065,0.9854838709677419,1.0,0.9016129032258065,0.9854838709677419,1.0
darwin,2,0–2,0.9537366548042705,562,0.994661921708185,562,1.0,562,1.0,562,0.9946902654867257,1.0,1.0,0.9539823008849557,1.0,1.0,0.9539823008849557,0.9946902654867257,1.0,0.9539823008849557,0.9946902654867257,1.0
darwin,2,3–5,0.9539823008849557,3,0.9946902654867257,3,1.0,3,1.0,3,0.9946902654867257,1.0,1.0,0.9539823008849557,1.0,1.0,0.9539823008849557,0.9946902654867257,1.0,0.9539823008849557,0.9946902654867257,1.0
darwin,3,0–2,0.7495652173913043,575,0.8921739130434783,575,0.9617391304347827,575,0.9982608695652174,575,0.882258064516129,0.9580645161290322,0.9983870967741936,0.7258064516129032,0.9580645161290322,0.9983870967741936,0.7258064516129032,0.882258064516129,0.9983870967741936,0.7258064516129032,0.882258064516129,0.9580645161290322
darwin,3,3–5,0.4411764705882353,34,0.7352941176470589,34,0.9411764705882353,34,1.0,34,0.882258064516129,0.9580645161290322,0.9983870967741936,0.7258064516129032,0.9580645161290322,0.9983870967741936,0.7258064516129032,0.882258064516129,0.9983870967741936,0.7258064516129032,0.882258064516129,0.9580645161290322
darwin,3,6–9,0.7258064516129032,11,0.882258064516129,11,0.9580645161290322,11,0.9983870967741936,11,0.882258064516129,0.9580645161290322,0.9983870967741936,0.7258064516129032,0.9580645161290322,0.9983870967741936,0.7258064516129032,0.882258064516129,0.9983870967741936,0.7258064516129032,0.882258064516129,0.9580645161290322
darwin,4,0–2,0.4807692307692308,312,0.6121794871794872,312,0.7275641025641025,312,0.8012820512820513,312,0.45,0.595,0.68,0.31666666666666665,0.595,0.68,0.31666666666666665,0.45,0.68,0.31666666666666665,0.45,0.595
darwin,4,10–19,0.12987012987012986,77,0.2077922077922078,77,0.3116883116883117,77,0.35064935064935066,77,0.45,0.595,0.68,0.31666666666666665,0.595,0.68,0.31666666666666665,0.45,0.68,0.31666666666666665,0.45,0.595
darwin,4,20+,0.31666666666666665,10,0.45,10,0.595,10,0.68,10,0.45,0.595,0.68,0.31666666666666665,0.595,0.68,0.31666666666666665,0.45,0.68,0.31666666666666665,0.45,0.595
darwin,4,3–5,0.15178571428571427,112,0.30357142857142855,112,0.5267857142857143,112,0.6428571428571429,112,0.45,0.595,0.68,0.31666666666666665,0.595,0.68,0.31666666666666665,0.45,0.68,0.31666666666666665,0.45,0.595
darwin,4,6–9,0.14606741573033707,89,0.3258426966292135,89,0.5280898876404494,89,0.6292134831460674,89,0.45,0.595,0.68,0.31666666666666665,0.595,0.68,0.31666666666666665,0.45,0.68,0.31666666666666665,0.45,0.595
darwin,5,0–2,0.12941176470588237,85,0.25882352941176473,85,0.4470588235294118,85,0.5411764705882353,85,0.12903225806451613,0.2306451612903226,0.3596774193548387,0.06129032258064516,0.2306451612903226,0.3596774193548387,0.06129032258064516,0.12903225806451613,0.3596774193548387,0.06129032258064516,0.12903225806451613,0.2306451612903226
darwin,5,10–19,0.05844155844155844,154,0.14935064935064934,154,0.2597402597402597,154,0.35064935064935066,154,0.12903225806451613,0.2306451612903226,0.3596774193548387,0.06129032258064516,0.2306451612903226,0.3596774193548387,0.06129032258064516,0.12903225806451613,0.3596774193548387,0.06129032258064516,0.12903225806451613,0.2306451612903226
darwin,5,20+,0.029787234042553193,235,0.05531914893617021,235,0.1148936170212766,235,0.25957446808510637,235,0.12903225806451613,0.2306451612903226,0.3596774193548387,0.06129032258064516,0.2306451612903226,0.3596774193548387,0.06129032258064516,0.12903225806451613,0.3596774193548387,0.06129032258064516,0.12903225806451613,0.2306451612903226
darwin,5,3–5,0.11764705882352941,68,0.23529411764705882,68,0.3235294117647059,68,0.47058823529411764,68,0.12903225806451613,0.2306451612903226,0.3596774193548387,0.06129032258064516,0.2306451612903226,0.3596774193548387,0.06129032258064516,0.12903225806451613,0.3596774193548387,0.06129032258064516,0.12903225806451613,0.2306451612903226
darwin,5,6–9,0.038461538461538464,78,0.07692307692307693,78,0.20512820512820512,78,0.38461538461538464,78,0.12903225806451613,0.2306451612903226,0.3596774193548387,0.06129032258064516,0.2306451612903226,0.3596774193548387,0.06129032258064516,0.12903225806451613,0.3596774193548387,0.06129032258064516,0.12903225806451613,0.2306451612903226
darwin,6,0–2,0.045454545454545456,22,0.045454545454545456,22,0.045454545454545456,22,0.045454545454545456,22,0.03,0.07333333333333333,0.12166666666666667,0.011666666666666667,0.07333333333333333,0.12166666666666667,0.011666666666666667,0.03,0.12166666666666667,0.011666666666666667,0.03,0.07333333333333333
darwin,6,10–19,0.0,111,0.0,111,0.036036036036036036,111,0.09009009009009009,111,0.03,0.07333333333333333,0.12166666666666667,0.011666666666666667,0.07333333333333333,0.12166666666666667,0.011666666666666667,0.03,0.12166666666666667,0.011666666666666667,0.03,0.07333333333333333
darwin,6,20+,0.014527845036319613,413,0.04116222760290557,413,0.09443099273607748,413,0.14769975786924938,413,0.03,0.07333333333333333,0.12166666666666667,0.011666666666666667,0.07333333333333333,0.12166666666666667,0.011666666666666667,0.03,0.12166666666666667,0.011666666666666667,0.03,0.07333333333333333
darwin,6,3–5,0.0,22,0.0,22,0.0,22,0.0,22,0.03,0.07333333333333333,0.12166666666666667,0.011666666666666667,0.07333333333333333,0.12166666666666667,0.011666666666666667,0.03,0.12166666666666667,0.011666666666666667,0.03,0.07333333333333333
darwin,6,6–9,0.0,32,0.0,32,0.0,32,0.03125,32,0.03,0.07333333333333333,0.12166666666666667,0.011666666666666667,0.07333333333333333,0.12166666666666667,0.011666666666666667,0.03,0.12166666666666667,0.011666666666666667,0.03,0.07333333333333333
darwin,7,0–2,0.008064516129032258,9,0.025806451612903226,9,0.05967741935483871,9,0.13064516129032258,9,0.025806451612903226,0.05967741935483871,0.13064516129032258,0.008064516129032258,0.05967741935483871,0.13064516129032258,0.008064516129032258,0.025806451612903226,0.13064516129032258,0.008064516129032258,0.025806451612903226,0.05967741935483871
darwin,7,10–19,0.0,36,0.0,36,0.05555555555555555,36,0.25,36,0.025806451612903226,0.05967741935483871,0.13064516129032258,0.008064516129032258,0.05967741935483871,0.13064516129032258,0.008064516129032258,0.025806451612903226,0.13064516129032258,0.008064516129032258,0.025806451612903226,0.05967741935483871
darwin,7,20+,0.007220216606498195,554,0.021660649819494584,554,0.048736462093862815,554,0.11371841155234658,554,0.025806451612903226,0.05967741935483871,0.13064516129032258,0.008064516129032258,0.05967741935483871,0.13064516129032258,0.008064516129032258,0.025806451612903226,0.13064516129032258,0.008064516129032258,0.025806451612903226,0.05967741935483871
darwin,7,3–5,0.008064516129032258,9,0.025806451612903226,9,0.05967741935483871,9,0.13064516129032258,9,0.025806451612903226,0.05967741935483871,0.13064516129032258,0.008064516129032258,0.05967741935483871,0.13064516129032258,0.008064516129032258,0.025806451612903226,0.13064516129032258,0.008064516129032258,0.025806451612903226,0.05967741935483871
darwin,7,6–9,0.008064516129032258,12,0.025806451612903226,12,0.05967741935483871,12,0.13064516129032258,12,0.025806451612903226,0.05967741935483871,0.13064516129032258,0.008064516129032258,0.05967741935483871,0.13064516129032258,0.008064516129032258,0.025806451612903226,0.13064516129032258,0.008064516129032258,0.025806451612903226,0.05967741935483871
darwin,8,0–2,0.02857142857142857,35,0.02857142857142857,35,0.05714285714285714,35,0.14285714285714285,35,0.06774193548387097,0.17096774193548386,0.34516129032258064,0.024193548387096774,0.17096774193548386,0.34516129032258064,0.024193548387096774,0.06774193548387097,0.34516129032258064,0.024193548387096774,0.06774193548387097,0.17096774193548386
darwin,8,10–19,0.03333333333333333,60,0.08333333333333333,60,0.23333333333333334,60,0.55,60,0.06774193548387097,0.17096774193548386,0.34516129032258064,0.024193548387096774,0.17096774193548386,0.34516129032258064,0.024193548387096774,0.06774193548387097,0.34516129032258064,0.024193548387096774,0.06774193548387097,0.17096774193548386
darwin,8,20+,0.02575107296137339,466,0.07510729613733906,466,0.18240343347639484,466,0.351931330472103,466,0.06774193548387097,0.17096774193548386,0.34516129032258064,0.024193548387096774,0.17096774193548386,0.34516129032258064,0.024193548387096774,0.06774193548387097,0.34516129032258064,0.024193548387096774,0.06774193548387097,0.17096774193548386
darwin,8,3–5,0.0,27,0.0,27,0.037037037037037035,27,0.14814814814814814,27,0.06774193548387097,0.17096774193548386,0.34516129032258064,0.024193548387096774,0.17096774193548386,0.34516129032258064,0.024193548387096774,0.06774193548387097,0.34516129032258064,0.024193548387096774,0.06774193548387097,0.17096774193548386
darwin,8,6–9,0.0,32,0.03125,32,0.125,32,0.25,32,0.06774193548387097,0.17096774193548386,0.34516129032258064,0.024193548387096774,0.17096774193548386,0.34516129032258064,0.024193548387096774,0.06774193548387097,0.34516129032258064,0.024193548387096774,0.06774193548387097,0.17096774193548386
darwin,9,0–2,0.1910828025477707,157,0.35668789808917195,157,0.5923566878980892,157,0.8789808917197452,157,0.28,0.5166666666666667,0.7766666666666666,0.12333333333333334,0.5166666666666667,0.7766666666666666,0.12333333333333334,0.28,0.7766666666666666,0.12333333333333334,0.28,0.5166666666666667
darwin,9,10–19,0.06593406593406594,91,0.1978021978021978,91,0.38461538461538464,91,0.7032967032967034,91,0.28,0.5166666666666667,0.7766666666666666,0.12333333333333334,0.5166666666666667,0.7766666666666666,0.12333333333333334,0.28,0.7766666666666666,0.12333333333333334,0.28,0.5166666666666667
darwin,9,20+,0.11518324607329843,191,0.27225130890052357,191,0.47643979057591623,191,0.7225130890052356,191,0.28,0.5166666666666667,0.7766666666666666,0.12333333333333334,0.5166666666666667,0.7766666666666666,0.12333333333333334,0.28,0.7766666666666666,0.12333333333333334,0.28,0.5166666666666667
darwin,9,3–5,0.08888888888888889,90,0.23333333333333334,90,0.5777777777777777,90,0.8,90,0.28,0.5166666666666667,0.7766666666666666,0.12333333333333334,0.5166666666666667,0.7766666666666666,0.12333333333333334,0.28,0.7766666666666666,0.12333333333333334,0.28,0.5166666666666667
darwin,9,6–9,0.11267605633802817,71,0.29577464788732394,71,0.5492957746478874,71,0.7605633802816901,71,0.28,0.5166666666666667,0.7766666666666666,0.12333333333333334,0.5166666666666667,0.7766666666666666,0.12333333333333334,0.28,0.7766666666666666,0.12333333333333334,0.28,0.5166666666666667
darwin,10,0–2,0.48863636363636365,352,0.7215909090909091,352,0.8892045454545454,352,0.9715909090909091,352,0.632258064516129,0.8354838709677419,0.9564516129032258,0.38064516129032255,0.8354838709677419,0.9564516129032258,0.38064516129032255,0.632258064516129,0.9564516129032258,0.38064516129032255,0.632258064516129,0.8354838709677419
darwin,10,10–19,0.1774193548387097,62,0.43548387096774194,62,0.7258064516129032,62,0.9193548387096774,62,0.632258064516129,0.8354838709677419,0.9564516129032258,0.38064516129032255,0.8354838709677419,0.9564516129032258,0.38064516129032255,0.632258064516129,0.9564516129032258,0.38064516129032255,0.632258064516129,0.8354838709677419
darwin,10,20+,0.1111111111111111,36,0.4166666666666667,36,0.75,36,1.0,36,0.632258064516129,0.8354838709677419,0.9564516129032258,0.38064516129032255,0.8354838709677419,0.9564516129032258,0.38064516129032255,0.632258064516129,0.9564516129032258,0.38064516129032255,0.632258064516129,0.8354838709677419
darwin,10,3–5,0.3225806451612903,93,0.6021505376344086,93,0.8064516129032258,93,0.9247311827956989,93,0.632258064516129,0.8354838709677419,0.9564516129032258,0.38064516129032255,0.8354838709677419,0.9564516129032258,0.38064516129032255,0.632258064516129,0.9564516129032258,0.38064516129032255,0.632258064516129,0.8354838709677419
darwin,10,6–9,0.24675324675324675,77,0.5194805194805194,77,0.7532467532467533,77,0.935064935064935,77,0.632258064516129,0.8354838709677419,0.9564516129032258,0.38064516129032255,0.8354838709677419,0.9564516129032258,0.38064516129032255,0.632258064516129,0.9564516129032258,0.38064516129032255,0.632258064516129,0.8354838709677419
darwin,11,0–2,0.7279411764705882,544,0.9136029411764706,544,0.9944852941176471,544,1.0,544,0.915,0.995,1.0,0.7083333333333334,0.995,1.0,0.7083333333333334,0.915,1.0,0.7083333333333334,0.915,0.995
darwin,11,10–19,0.7083333333333334,6,0.915,6,0.995,6,1.0,6,0.915,0.995,1.0,0.7083333333333334,0.995,1.0,0.7083333333333334,0.915,1.0,0.7083333333333334,0.915,0.995
darwin,11,20+,0.7083333333333334,1,0.915,1,0.995,1,1.0,1,0.915,0.995,1.0,0.7083333333333334,0.995,1.0,0.7083333333333334,0.915,1.0,0.7083333333333334,0.915,0.995
darwin,11,3–5,0.4444444444444444,36,0.8888888888888888,36,1.0,36,1.0,36,0.915,0.995,1.0,0.7083333333333334,0.995,1.0,0.7083333333333334,0.915,1.0,0.7083333333333334,0.915,0.995
darwin,11,6–9,0.7083333333333334,13,0.915,13,0.995,13,1.0,13,0.915,0.995,1.0,0.7083333333333334,0.995,1.0,0.7083333333333334,0.915,1.0,0.7083333333333334,0.915,0.995
darwin,12,0–2,0.8347826086956521,575,0.9652173913043478,575,0.9982608695652174,575,1.0,575,0.9620462046204621,0.9983498349834984,1.0,0.8217821782178217,0.9983498349834984,1.0,0.8217821782178217,0.9620462046204621,1.0,0.8217821782178217,0.9620462046204621,0.9983498349834984
darwin,12,3–5,0.5517241379310345,29,0.896551724137931,29,1.0,29,1.0,29,0.9620462046204621,0.9983498349834984,1.0,0.8217821782178217,0.9983498349834984,1.0,0.8217821782178217,0.9620462046204621,1.0,0.8217821782178217,0.9620462046204621,0.9983498349834984
darwin,12,6–9,0.8217821782178217,2,0.9620462046204621,2,0.9983498349834984,2,1.0,2,0.9620462046204621,0.9983498349834984,1.0,0.8217821782178217,0.9983498349834984,1.0,0.8217821782178217,0.9620462046204621,1.0,0.8217821782178217,0.9620462046204621,0.9983498349834984
london,1,0–2,0.37755102040816324,392,0.6938775510204082,392,0.8596938775510204,392,0.9693877551020408,392,0.6161290322580645,0.8129032258064516,0.9629032258064516,0.3338709677419355,0.8129032258064516,0.9629032258064516,0.3338709677419355,0.6161290322580645,0.9629032258064516,0.3338709677419355,0.6161290322580645,0.8129032258064516
london,1,10–19,0.24390243902439024,41,0.5121951219512195,41,0.7317073170731707,41,0.975609756097561,41,0.6161290322580645,0.8129032258064516,0.9629032258064516,0.3338709677419355,0.8129032258064516,0.9629032258064516,0.3338709677419355,0.6161290322580645,0.9629032258064516,0.3338709677419355,0.6161290322580645,0.8129032258064516
london,1,20+,0.3338709677419355,6,0.6161290322580645,6,0.8129032258064516,6,0.9629032258064516,6,0.6161290322580645,0.8129032258064516,0.9629032258064516,0.3338709677419355,0.8129032258064516,0.9629032258064516,0.3338709677419355,0.6161290322580645,0.9629032258064516,0.3338709677419355,0.6161290322580645,0.8129032258064516
london,1,3–5,0.3050847457627119,118,0.4915254237288136,118,0.7203389830508474,118,0.9322033898305084,118,0.6161290322580645,0.8129032258064516,0.9629032258064516,0.3338709677419355,0.8129032258064516,0.9629032258064516,0.3338709677419355,0.6161290322580645,0.9629032258064516,0.3338709677419355,0.6161290322580645,0.8129032258064516
london,1,6–9,0.1746031746031746,63,0.42857142857142855,63,0.746031746031746,63,0.9682539682539683,63,0.6161290322580645,0.8129032258064516,0.9629032258064516,0.3338709677419355,0.8129032258064516,0.9629032258064516,0.3338709677419355,0.6161290322580645,0.9629032258064516,0.3338709677419355,0.6161290322580645,0.8129032258064516
london,2,0–2,0.39143730886850153,327,0.6972477064220184,327,0.8746177370030581,327,0.944954128440367,327,0.6159292035398231,0.8442477876106195,0.95929203539823,0.3256637168141593,0.8442477876106195,0.95929203539823,0.3256637168141593,0.6159292035398231,0.95929203539823,0.3256637168141593,0.6159292035398231,0.8442477876106195
london,2,10–19,0.25316455696202533,79,0.5822784810126582,79,0.9367088607594937,79,1.0,79,0.6159292035398231,0.8442477876106195,0.95929203539823,0.3256637168141593,0.8442477876106195,0.95929203539823,0.3256637168141593,0.6159292035398231,0.95929203539823,0.3256637168141593,0.6159292035398231,0.8442477876106195
london,2,20+,0.3256637168141593,2,0.6159292035398231,2,0.8442477876106195,2,0.95929203539823,2,0.6159292035398231,0.8442477876106195,0.95929203539823,0.3256637168141593,0.8442477876106195,0.95929203539823,0.3256637168141593,0.6159292035398231,0.95929203539823,0.3256637168141593,0.6159292035398231,0.8442477876106195
london,2,3–5,0.3163265306122449,98,0.5918367346938775,98,0.7653061224489796,98,0.9591836734693877,98,0.6159292035398231,0.8442477876106195,0.95929203539823,0.3256637168141593,0.8442477876106195,0.95929203539823,0.3256637168141593,0.6159292035398231,0.95929203539823,0.3256637168141593,0.6159292035398231,0.8442477876106195
london,2,6–9,0.0847457627118644,59,0.2542372881355932,59,0.6779661016949152,59,0.9830508474576272,59,0.6159292035398231,0.8442477876106195,0.95929203539823,0.3256637168141593,0.8442477876106195,0.95929203539823,0.3256637168141593,0.6159292035398231,0.95929203539823,0.3256637168141593,0.6159292035398231,0.8442477876106195
london,3,0–2,0.4197860962566845,374,0.6764705882352942,374,0.8181818181818182,374,0.9278074866310161,374,0.5854838709677419,0.7774193548387097,0.9161290322580645,0.3419354838709677,0.7774193548387097,0.9161290322580645,0.3419354838709677,0.5854838709677419,0.9161290322580645,0.3419354838709677,0.5854838709677419,0.7774193548387097
london,3,10–19,0.25806451612903225,62,0.5,62,0.7903225806451613,62,0.9838709677419355,62,0.5854838709677419,0.7774193548387097,0.9161290322580645,0.3419354838709677,0.7774193548387097,0.9161290322580645,0.3419354838709677,0.5854838709677419,0.9161290322580645,0.3419354838709677,0.5854838709677419,0.7774193548387097
london,3,20+,0.3419354838709677,4,0.5854838709677419,4,0.7774193548387097,4,0.9161290322580645,4,0.5854838709677419,0.7774193548387097,0.9161290322580645,0.3419354838709677,0.7774193548387097,0.9161290322580645,0.3419354838709677,0.5854838709677419,0.9161290322580645,0.3419354838709677,0.5854838709677419,0.7774193548387097
london,3,3–5,0.24299065420560748,107,0.4205607476635514,107,0.6635514018691588,107,0.8598130841121495,107,0.5854838709677419,0.7774193548387097,0.9161290322580645,0.3419354838709677,0.7774193548387097,0.9161290322580645,0.3419354838709677,0.5854838709677419,0.9161290322580645,0.3419354838709677,0.5854838709677419,0.7774193548387097
london,3,6–9,0.1643835616438356,73,0.4246575342465753,73,0.7123287671232876,73,0.8767123287671232,73,0.5854838709677419,0.7774193548387097,0.9161290322580645,0.3419354838709677,0.7774193548387097,0.9161290322580645,0.3419354838709677,0.5854838709677419,0.9161290322580645,0.3419354838709677,0.5854838709677419,0.7774193548387097
london,4,0–2,0.4583333333333333,360,0.6861111111111111,360,0.8694444444444445,360,0.9583333333333334,360,0.5983333333333334,0.7983333333333333,0.925,0.38166666666666665,0.7983333333333333,0.925,0.38166666666666665,0.5983333333333334,0.925,0.38166666666666665,0.5983333333333334,0.7983333333333333
london,4,10–19,0.09375,64,0.265625,64,0.515625,64,0.828125,64,0.5983333333333334,0.7983333333333333,0.925,0.38166666666666665,0.7983333333333333,0.925,0.38166666666666665,0.5983333333333334,0.925,0.38166666666666665,0.5983333333333334,0.7983333333333333
london,4,20+,0.25,28,0.42857142857142855,28,0.75,28,0.9642857142857143,28,0.5983333333333334,0.7983333333333333,0.925,0.38166666666666665,0.7983333333333333,0.925,0.38166666666666665,0.5983333333333334,0.925,0.38166666666666665,0.5983333333333334,0.7983333333333333
london,4,3–5,0.35714285714285715,98,0.6122448979591837,98,0.8367346938775511,98,0.8775510204081632,98,0.5983333333333334,0.7983333333333333,0.925,0.38166666666666665,0.7983333333333333,0.925,0.38166666666666665,0.5983333333333334,0.925,0.38166666666666665,0.5983333333333334,0.7983333333333333
london,4,6–9,0.32,50,0.46,50,0.6,50,0.88,50,0.5983333333333334,0.7983333333333333,0.925,0.38166666666666665,0.7983333333333333,0.925,0.38166666666666665,0.5983333333333334,0.925,0.38166666666666665,0.5983333333333334,0.7983333333333333
london,5,0–2,0.3729281767955801,362,0.6215469613259669,362,0.8756906077348067,362,0.9668508287292817,362,0.5919354838709677,0.8451612903225807,0.9612903225806452,0.3225806451612903,0.8451612903225807,0.9612903225806452,0.3225806451612903,0.5919354838709677,0.9612903225806452,0.3225806451612903,0.5919354838709677,0.8451612903225807
london,5,10–19,0.1702127659574468,47,0.40425531914893614,47,0.723404255319149,47,1.0,47,0.5919354838709677,0.8451612903225807,0.9612903225806452,0.3225806451612903,0.8451612903225807,0.9612903225806452,0.3225806451612903,0.5919354838709677,0.9612903225806452,0.3225806451612903,0.5919354838709677,0.8451612903225807
london,5,20+,0.3225806451612903,5,0.5919354838709677,5,0.8451612903225807,5,0.9612903225806452,5,0.5919354838709677,0.8451612903225807,0.9612903225806452,0.3225806451612903,0.8451612903225807,0.9612903225806452,0.3225806451612903,0.5919354838709677,0.9612903225806452,0.3225806451612903,0.5919354838709677,0.8451612903225807
london,5,3–5,0.2459016393442623,122,0.5573770491803278,122,0.8524590163934426,122,0.9508196721311475,122,0.5919354838709677,0.8451612903225807,0.9612903225806452,0.3225806451612903,0.8451612903225807,0.9612903225806452,0.3225806451612903,0.5919354838709677,0.9612903225806452,0.3225806451612903,0.5919354838709677,0.8451612903225807
london,5,6–9,0.2857142857142857,84,0.6071428571428571,84,0.7619047619047619,84,0.9285714285714286,84,0.5919354838709677,0.8451612903225807,0.9612903225806452,0.3225806451612903,0.8451612903225807,0.9612903225806452,0.3225806451612903,0.5919354838709677,0.9612903225806452,0.3225806451612903,0.5919354838709677,0.8451612903225807
london,6,0–2,0.3937677053824363,353,0.6685552407932012,353,0.8583569405099151,353,0.9773371104815864,353,0.5983333333333334,0.835,0.965,0.33,0.835,0.965,0.33,0.5983333333333334,0.965,0.33,0.5983333333333334,0.835
london,6,10–19,0.17073170731707318,41,0.3902439024390244,41,0.7073170731707317,41,1.0,41,0.5983333333333334,0.835,0.965,0.33,0.835,0.965,0.33,0.5983333333333334,0.965,0.33,0.5983333333333334,0.835
london,6,20+,0.33,9,0.5983333333333334,9,0.835,9,0.965,9,0.5983333333333334,0.835,0.965,0.33,0.835,0.965,0.33,0.5983333333333334,0.965,0.33,0.5983333333333334,0.835
london,6,3–5,0.23931623931623933,117,0.452991452991453,117,0.8290598290598291,117,0.9316239316239316,117,0.5983333333333334,0.835,0.965,0.33,0.835,0.965,0.33,0.5983333333333334,0.965,0.33,0.5983333333333334,0.835
london,6,6–9,0.275,80,0.5875,80,0.7875,80,0.9375,80,0.5983333333333334,0.835,0.965,0.33,0.835,0.965,0.33,0.5983333333333334,0.965,0.33,0.5983333333333334,0.835
london,7,0–2,0.380352644836272,397,0.6926952141057935,397,0.8589420654911839,397,0.9748110831234257,397,0.632258064516129,0.8548387096774194,0.9838709677419355,0.3419354838709677,0.8548387096774194,0.9838709677419355,0.3419354838709677,0.632258064516129,0.9838709677419355,0.3419354838709677,0.632258064516129,0.8548387096774194
london,7,10–19,0.3333333333333333,42,0.6666666666666666,42,0.9761904761904762,42,1.0,42,0.632258064516129,0.8548387096774194,0.9838709677419355,0.3419354838709677,0.8548387096774194,0.9838709677419355,0.3419354838709677,0.632258064516129,0.9838709677419355,0.3419354838709677,0.632258064516129,0.8548387096774194
london,7,20+,0.3419354838709677,1,0.632258064516129,1,0.8548387096774194,1,0.9838709677419355,1,0.632258064516129,0.8548387096774194,0.9838709677419355,0.3419354838709677,0.8548387096774194,0.9838709677419355,0.3419354838709677,0.632258064516129,0.9838709677419355,0.3419354838709677,0.632258064516129,0.8548387096774194
london,7,3–5,0.3247863247863248,117,0.5042735042735043,117,0.7692307692307693,117,1.0,117,0.632258064516129,0.8548387096774194,0.9838709677419355,0.3419354838709677,0.8548387096774194,0.9838709677419355,0.3419354838709677,0.632258064516129,0.9838709677419355,0.3419354838709677,0.632258064516129,0.8548387096774194
london,7,6–9,0.14285714285714285,63,0.4603174603174603,63,0.9047619047619048,63,1.0,63,0.632258064516129,0.8548387096774194,0.9838709677419355,0.3419354838709677,0.8548387096774194,0.9838709677419355,0.3419354838709677,0.632258064516129,0.9838709677419355,0.3419354838709677,0.632258064516129,0.8548387096774194
london,8,0–2,0.3815789473684211,380,0.6447368421052632,380,0.8289473684210527,380,0.95,380,0.5854838709677419,0.7870967741935484,0.9241935483870968,0.3241935483870968,0.7870967741935484,0.9241935483870968,0.3241935483870968,0.5854838709677419,0.9241935483870968,0.3241935483870968,0.5854838709677419,0.7870967741935484
london,8,10–19,0.3076923076923077,39,0.5384615384615384,39,0.6923076923076923,39,0.7435897435897436,39,0.5854838709677419,0.7870967741935484,0.9241935483870968,0.3241935483870968,0.7870967741935484,0.9241935483870968,0.3241935483870968,0.5854838709677419,0.9241935483870968,0.3241935483870968,0.5854838709677419,0.7870967741935484
london,8,20+,0.3241935483870968,12,0.5854838709677419,12,0.7870967741935484,12,0.9241935483870968,12,0.5854838709677419,0.7870967741935484,0.9241935483870968,0.3241935483870968,0.7870967741935484,0.9241935483870968,0.3241935483870968,0.5854838709677419,0.9241935483870968,0.3241935483870968,0.5854838709677419,0.7870967741935484
london,8,3–5,0.25203252032520324,123,0.5284552845528455,123,0.7560975609756098,123,0.926829268292683,123,0.5854838709677419,0.7870967741935484,0.9241935483870968,0.3241935483870968,0.7870967741935484,0.9241935483870968,0.3241935483870968,0.5854838709677419,0.9241935483870968,0.3241935483870968,0.5854838709677419,0.7870967741935484
london,8,6–9,0.19696969696969696,66,0.45454545454545453,66,0.7121212121212122,66,0.8636363636363636,66,0.5854838709677419,0.7870967741935484,0.9241935483870968,0.3241935483870968,0.7870967741935484,0.9241935483870968,0.3241935483870968,0.5854838709677419,0.9241935483870968,0.3241935483870968,0.5854838709677419,0.7870967741935484
london,9,0–2,0.40797546012269936,326,0.6993865030674846,326,0.8865030674846626,326,0.9570552147239264,326,0.5833333333333334,0.8116666666666666,0.9466666666666667,0.31833333333333336,0.8116666666666666,0.9466666666666667,0.31833333333333336,0.5833333333333334,0.9466666666666667,0.31833333333333336,0.5833333333333334,0.8116666666666666
london,9,10–19,0.13580246913580246,81,0.30864197530864196,81,0.6296296296296297,81,0.9382716049382716,81,0.5833333333333334,0.8116666666666666,0.9466666666666667,0.31833333333333336,0.8116666666666666,0.9466666666666667,0.31833333333333336,0.5833333333333334,0.9466666666666667,0.31833333333333336,0.5833333333333334,0.8116666666666666
london,9,20+,0.31833333333333336,16,0.5833333333333334,16,0.8116666666666666,16,0.9466666666666667,16,0.5833333333333334,0.8116666666666666,0.9466666666666667,0.31833333333333336,0.8116666666666666,0.9466666666666667,0.31833333333333336,0.5833333333333334,0.9466666666666667,0.31833333333333336,0.5833333333333334,0.8116666666666666
london,9,3–5,0.2871287128712871,101,0.5544554455445545,101,0.7821782178217822,101,0.9207920792079208,101,0.5833333333333334,0.8116666666666666,0.9466666666666667,0.31833333333333336,0.8116666666666666,0.9466666666666667,0.31833333333333336,0.5833333333333334,0.9466666666666667,0.31833333333333336,0.5833333333333334,0.8116666666666666
london,9,6–9,0.18421052631578946,76,0.4342105263157895,76,0.6973684210526315,76,0.9342105263157895,76,0.5833333333333334,0.8116666666666666,0.9466666666666667,0.31833333333333336,0.8116666666666666,0.9466666666666667,0.31833333333333336,0.5833333333333334,0.9466666666666667,0.31833333333333336,0.5833333333333334,0.8116666666666666
london,10,0–2,0.38213399503722084,403,0.6799007444168734,403,0.8660049627791563,403,0.9578163771712159,403,0.6290322580645161,0.8306451612903226,0.9548387096774194,0.34516129032258064,0.8306451612903226,0.9548387096774194,0.34516129032258064,0.6290322580645161,0.9548387096774194,0.34516129032258064,0.6290322580645161,0.8306451612903226
london,10,10–19,0.2,55,0.4909090909090909,55,0.8,55,0.9636363636363636,55,0.6290322580645161,0.8306451612903226,0.9548387096774194,0.34516129032258064,0.8306451612903226,0.9548387096774194,0.34516129032258064,0.6290322580645161,0.9548387096774194,0.34516129032258064,0.6290322580645161,0.8306451612903226
london,10,20+,0.34516129032258064,3,0.6290322580645161,3,0.8306451612903226,3,0.9548387096774194,3,0.6290322580645161,0.8306451612903226,0.9548387096774194,0.34516129032258064,0.8306451612903226,0.9548387096774194,0.34516129032258064,0.6290322580645161,0.9548387096774194,0.34516129032258064,0.6290322580645161,0.8306451612903226
london,10,3–5,0.3425925925925926,108,0.6203703703703703,108,0.7962962962962963,108,0.9537037037037037,108,0.6290322580645161,0.8306451612903226,0.9548387096774194,0.34516129032258064,0.8306451612903226,0.9548387096774194,0.34516129032258064,0.6290322580645161,0.9548387096774194,0.34516129032258064,0.6290322580645161,0.8306451612903226
london,10,6–9,0.21568627450980393,51,0.39215686274509803,51,0.6666666666666666,51,0.9215686274509803,51,0.6290322580645161,0.8306451612903226,0.9548387096774194,0.34516129032258064,0.8306451612903226,0.9548387096774194,0.34516129032258064,0.6290322580645161,0.9548387096774194,0.34516129032258064,0.6290322580645161,0.8306451612903226
london,11,0–2,0.39690721649484534,388,0.7371134020618557,388,0.8969072164948454,388,0.961340206185567,388,0.67,0.8733333333333333,0.96,0.36,0.8733333333333333,0.96,0.36,0.67,0.96,0.36,0.67,0.8733333333333333
london,11,10–19,0.3,40,0.675,40,0.925,40,0.975,40,0.67,0.8733333333333333,0.96,0.36,0.8733333333333333,0.96,0.36,0.67,0.96,0.36,0.67,0.8733333333333333
london,11,20+,0.36,7,0.67,7,0.8733333333333333,7,0.96,7,0.67,0.8733333333333333,0.96,0.36,0.8733333333333333,0.96,0.36,0.67,0.96,0.36,0.67,0.8733333333333333
london,11,3–5,0.34545454545454546,110,0.5636363636363636,110,0.8090909090909091,110,0.9636363636363636,110,0.67,0.8733333333333333,0.96,0.36,0.8733333333333333,0.96,0.36,0.67,0.96,0.36,0.67,0.8733333333333333
london,11,6–9,0.18181818181818182,55,0.41818181818181815,55,0.7818181818181819,55,0.9272727272727272,55,0.67,0.8733333333333333,0.96,0.36,0.8733333333333333,0.96,0.36,0.67,0.96,0.36,0.67,0.8733333333333333
london,12,0–2,0.42592592592592593,378,0.6904761904761905,378,0.8571428571428571,378,0.9682539682539683,378,0.6023102310231023,0.8151815181518152,0.966996699669967,0.34983498349834985,0.8151815181518152,0.966996699669967,0.34983498349834985,0.6023102310231023,0.966996699669967,0.34983498349834985,0.6023102310231023,0.8151815181518152
london,12,10–19,0.23636363636363636,55,0.4727272727272727,55,0.7636363636363637,55,0.9818181818181818,55,0.6023102310231023,0.8151815181518152,0.966996699669967,0.34983498349834985,0.8151815181518152,0.966996699669967,0.34983498349834985,0.6023102310231023,0.966996699669967,0.34983498349834985,0.6023102310231023,0.8151815181518152
london,12,20+,0.34983498349834985,7,0.6023102310231023,7,0.8151815181518152,7,0.966996699669967,7,0.6023102310231023,0.8151815181518152,0.966996699669967,0.34983498349834985,0.8151815181518152,0.966996699669967,0.34983498349834985,0.6023102310231023,0.966996699669967,0.34983498349834985,0.6023102310231023,0.8151815181518152
london,12,3–5,0.25510204081632654,98,0.42857142857142855,98,0.6938775510204082,98,0.9489795918367347,98,0.6023102310231023,0.8151815181518152,0.966996699669967,0.34983498349834985,0.8151815181518152,0.966996699669967,0.34983498349834985,0.6023102310231023,0.966996699669967,0.34983498349834985,0.6023102310231023,0.8151815181518152
london,12,6–9,0.16176470588235295,68,0.47058823529411764,68,0.7794117647058824,68,0.9705882352941176,68,0.6023102310231023,0.8151815181518152,0.966996699669967,0.34983498349834985,0.8151815181518152,0.966996699669967,0.34983498349834985,0.6023102310231023,0.966996699669967,0.34983498349834985,0.6023102310231023,0.8151815181518152
mumbai,1,0–2,0.0,21,0.0,21,0.0,21,0.0,21,0.027419354838709678,0.05806451612903226,0.10161290322580645,0.01129032258064516,0.05806451612903226,0.10161290322580645,0.01129032258064516,0.027419354838709678,0.10161290322580645,0.01129032258064516,0.027419354838709678,0.05806451612903226
mumbai,1,10–19,0.0,47,0.0,47,0.0,47,0.0,47,0.027419354838709678,0.05806451612903226,0.10161290322580645,0.01129032258064516,0.05806451612903226,0.10161290322580645,0.01129032258064516,0.027419354838709678,0.10161290322580645,0.01129032258064516,0.027419354838709678,0.05806451612903226
mumbai,1,20+,0.013725490196078431,510,0.03333333333333333,510,0.07058823529411765,510,0.12352941176470589,510,0.027419354838709678,0.05806451612903226,0.10161290322580645,0.01129032258064516,0.05806451612903226,0.10161290322580645,0.01129032258064516,0.027419354838709678,0.10161290322580645,0.01129032258064516,0.027419354838709678,0.05806451612903226
mumbai,1,3–5,0.01129032258064516,18,0.027419354838709678,18,0.05806451612903226,18,0.10161290322580645,18,0.027419354838709678,0.05806451612903226,0.10161290322580645,0.01129032258064516,0.05806451612903226,0.10161290322580645,0.01129032258064516,0.027419354838709678,0.10161290322580645,0.01129032258064516,0.027419354838709678,0.05806451612903226
mumbai,1,6–9,0.0,24,0.0,24,0.0,24,0.0,24,0.027419354838709678,0.05806451612903226,0.10161290322580645,0.01129032258064516,0.05806451612903226,0.10161290322580645,0.01129032258064516,0.027419354838709678,0.10161290322580645,0.01129032258064516,0.027419354838709678,0.05806451612903226
mumbai,2,0–2,0.005309734513274336,11,0.01592920353982301,11,0.03716814159292035,11,0.07964601769911504,11,0.01592920353982301,0.03716814159292035,0.07964601769911504,0.005309734513274336,0.03716814159292035,0.07964601769911504,0.005309734513274336,0.01592920353982301,0.07964601769911504,0.005309734513274336,0.01592920353982301,0.03716814159292035
mumbai,2,10–19,0.0,31,0.0,31,0.0,31,0.0,31,0.01592920353982301,0.03716814159292035,0.07964601769911504,0.005309734513274336,0.03716814159292035,0.07964601769911504,0.005309734513274336,0.01592920353982301,0.07964601769911504,0.005309734513274336,0.01592920353982301,0.03716814159292035
mumbai,2,20+,0.006060606060606061,495,0.01818181818181818,495,0.04242424242424243,495,0.09090909090909091,495,0.01592920353982301,0.03716814159292035,0.07964601769911504,0.005309734513274336,0.03716814159292035,0.07964601769911504,0.005309734513274336,0.01592920353982301,0.07964601769911504,0.005309734513274336,0.01592920353982301,0.03716814159292035
mumbai,2,3–5,0.005309734513274336,12,0.01592920353982301,12,0.03716814159292035,12,0.07964601769911504,12,0.01592920353982301,0.03716814159292035,0.07964601769911504,0.005309734513274336,0.03716814159292035,0.07964601769911504,0.005309734513274336,0.01592920353982301,0.07964601769911504,0.005309734513274336,0.01592920353982301,0.03716814159292035
mumbai,2,6–9,0.005309734513274336,16,0.01592920353982301,16,0.03716814159292035,16,0.07964601769911504,16,0.01592920353982301,0.03716814159292035,0.07964601769911504,0.005309734513274336,0.03716814159292035,0.07964601769911504,0.005309734513274336,0.01592920353982301,0.07964601769911504,0.005309734513274336,0.01592920353982301,0.03716814159292035
mumbai,3,0–2,0.0016129032258064516,3,0.008064516129032258,3,0.020967741935483872,3,0.03387096774193549,3,0.008064516129032258,0.020967741935483872,0.03387096774193549,0.0016129032258064516,0.020967741935483872,0.03387096774193549,0.0016129032258064516,0.008064516129032258,0.03387096774193549,0.0016129032258064516,0.008064516129032258,0.020967741935483872
mumbai,3,10–19,0.0,32,0.0,32,0.0,32,0.0,32,0.008064516129032258,0.020967741935483872,0.03387096774193549,0.0016129032258064516,0.020967741935483872,0.03387096774193549,0.0016129032258064516,0.008064516129032258,0.03387096774193549,0.0016129032258064516,0.008064516129032258,0.020967741935483872
mumbai,3,20+,0.0017301038062283738,578,0.00865051903114187,578,0.02249134948096886,578,0.03633217993079585,578,0.008064516129032258,0.020967741935483872,0.03387096774193549,0.0016129032258064516,0.020967741935483872,0.03387096774193549,0.0016129032258064516,0.008064516129032258,0.03387096774193549,0.0016129032258064516,0.008064516129032258,0.020967741935483872
mumbai,3,3–5,0.0016129032258064516,3,0.008064516129032258,3,0.020967741935483872,3,0.03387096774193549,3,0.008064516129032258,0.020967741935483872,0.03387096774193549,0.0016129032258064516,0.020967741935483872,0.03387096774193549,0.0016129032258064516,0.008064516129032258,0.03387096774193549,0.0016129032258064516,0.008064516129032258,0.020967741935483872
mumbai,3,6–9,0.0016129032258064516,4,0.008064516129032258,4,0.020967741935483872,4,0.03387096774193549,4,0.008064516129032258,0.020967741935483872,0.03387096774193549,0.0016129032258064516,0.020967741935483872,0.03387096774193549,0.0016129032258064516,0.008064516129032258,0.03387096774193549,0.0016129032258064516,0.008064516129032258,0.020967741935483872
mumbai,4,0–2,0.0033333333333333335,4,0.006666666666666667,4,0.021666666666666667,4,0.06833333333333333,4,0.006666666666666667,0.021666666666666667,0.06833333333333333,0.0033333333333333335,0.021666666666666667,0.06833333333333333,0.0033333333333333335,0.006666666666666667,0.06833333333333333,0.0033333333333333335,0.006666666666666667,0.021666666666666667
mumbai,4,10–19,0.0033333333333333335,10,0.006666666666666667,10,0.021666666666666667,10,0.06833333333333333,10,0.006666666666666667,0.021666666666666667,0.06833333333333333,0.0033333333333333335,0.021666666666666667,0.06833333333333333,0.0033333333333333335,0.006666666666666667,0.06833333333333333,0.0033333333333333335,0.006666666666666667,0.021666666666666667
mumbai,4,20+,0.0034542314335060447,579,0.0069084628670120895,579,0.02072538860103627,579,0.05699481865284974,579,0.006666666666666667,0.021666666666666667,0.06833333333333333,0.0033333333333333335,0.021666666666666667,0.06833333333333333,0.0033333333333333335,0.006666666666666667,0.06833333333333333,0.0033333333333333335,0.006666666666666667,0.021666666666666667
mumbai,4,3–5,0.0033333333333333335,3,0.006666666666666667,3,0.021666666666666667,3,0.06833333333333333,3,0.006666666666666667,0.021666666666666667,0.06833333333333333,0.0033333333333333335,0.021666666666666667,0.06833333333333333,0.0033333333333333335,0.006666666666666667,0.06833333333333333,0.0033333333333333335,0.006666666666666667,0.021666666666666667
mumbai,4,6–9,0.0033333333333333335,4,0.006666666666666667,4,0.021666666666666667,4,0.06833333333333333,4,0.006666666666666667,0.021666666666666667,0.06833333333333333,0.0033333333333333335,0.021666666666666667,0.06833333333333333,0.0033333333333333335,0.006666666666666667,0.06833333333333333,0.0033333333333333335,0.006666666666666667,0.021666666666666667
mumbai,5,0–2,0.5454545454545454,99,0.6666666666666666,99,0.8282828282828283,99,0.9393939393939394,99,0.21129032258064517,0.3467741935483871,0.567741935483871,0.1338709677419355,0.3467741935483871,0.567741935483871,0.1338709677419355,0.21129032258064517,0.567741935483871,0.1338709677419355,0.21129032258064517,0.3467741935483871
mumbai,5,10–19,0.0,21,0.0,21,0.047619047619047616,21,0.47619047619047616,21,0.21129032258064517,0.3467741935483871,0.567741935483871,0.1338709677419355,0.3467741935483871,0.567741935483871,0.1338709677419355,0.21129032258064517,0.567741935483871,0.1338709677419355,0.21129032258064517,0.3467741935483871
mumbai,5,20+,0.039473684210526314,456,0.1074561403508772,456,0.23903508771929824,456,0.48026315789473684,456,0.21129032258064517,0.3467741935483871,0.567741935483871,0.1338709677419355,0.3467741935483871,0.567741935483871,0.1338709677419355,0.21129032258064517,0.567741935483871,0.1338709677419355,0.21129032258064517,0.3467741935483871
mumbai,5,3–5,0.34615384615384615,26,0.5384615384615384,26,0.5384615384615384,26,0.7692307692307693,26,0.21129032258064517,0.3467741935483871,0.567741935483871,0.1338709677419355,0.3467741935483871,0.567741935483871,0.1338709677419355,0.21129032258064517,0.567741935483871,0.1338709677419355,0.21129032258064517,0.3467741935483871
mumbai,5,6–9,0.1338709677419355,18,0.21129032258064517,18,0.3467741935483871,18,0.567741935483871,18,0.21129032258064517,0.3467741935483871,0.567741935483871,0.1338709677419355,0.3467741935483871,0.567741935483871,0.1338709677419355,0.21129032258064517,0.567741935483871,0.1338709677419355,0.21129032258064517,0.3467741935483871
mumbai,6,0–2,0.9471624266144814,511,0.9823874755381604,511,1.0,511,1.0,511,0.9283333333333333,0.9866666666666667,1.0,0.8533333333333334,0.9866666666666667,1.0,0.8533333333333334,0.9283333333333333,1.0,0.8533333333333334,0.9283333333333333,0.9866666666666667
mumbai,6,10–19,0.8533333333333334,8,0.9283333333333333,8,0.9866666666666667,8,1.0,8,0.9283333333333333,0.9866666666666667,1.0,0.8533333333333334,0.9866666666666667,1.0,0.8533333333333334,0.9283333333333333,1.0,0.8533333333333334,0.9283333333333333,0.9866666666666667
mumbai,6,20+,0.26666666666666666,60,0.5333333333333333,60,0.8666666666666667,60,1.0,60,0.9283333333333333,0.9866666666666667,1.0,0.8533333333333334,0.9866666666666667,1.0,0.8533333333333334,0.9283333333333333,1.0,0.8533333333333334,0.9283333333333333,0.9866666666666667
mumbai,6,3–5,0.8533333333333334,13,0.9283333333333333,13,0.9866666666666667,13,1.0,13,0.9283333333333333,0.9866666666666667,1.0,0.8533333333333334,0.9866666666666667,1.0,0.8533333333333334,0.9283333333333333,1.0,0.8533333333333334,0.9283333333333333,0.9866666666666667
mumbai,6,6–9,0.8533333333333334,8,0.9283333333333333,8,0.9866666666666667,8,1.0,8,0.9283333333333333,0.9866666666666667,1.0,0.8533333333333334,0.9866666666666667,1.0,0.8533333333333334,0.9283333333333333,1.0,0.8533333333333334,0.9283333333333333,0.9866666666666667
mumbai,7,0–2,1.0,620,1.0,620,1.0,620,1.0,620,1.0,1.0,1.0,1.0,1.0,1.0,1.0,1.0,1.0,1.0,1.0,1.0
mumbai,8,0–2,0.9805825242718447,618,0.9967637540453075,618,1.0,618,1.0,618,0.9967741935483871,1.0,1.0,0.9774193548387097,1.0,1.0,0.9774193548387097,0.9967741935483871,1.0,0.9774193548387097,0.9967741935483871,1.0
mumbai,8,3–5,0.9774193548387097,2,0.9967741935483871,2,1.0,2,1.0,2,0.9967741935483871,1.0,1.0,0.9774193548387097,1.0,1.0,0.9774193548387097,0.9967741935483871,1.0,0.9774193548387097,0.9967741935483871,1.0
mumbai,9,0–2,0.7931034482758621,551,0.9074410163339383,551,0.9600725952813067,551,0.9909255898366606,551,0.8866666666666667,0.96,0.9916666666666667,0.7616666666666667,0.96,0.9916666666666667,0.7616666666666667,0.8866666666666667,0.9916666666666667,0.7616666666666667,0.8866666666666667,0.96
mumbai,9,10–19,0.7616666666666667,3,0.8866666666666667,3,0.96,3,0.9916666666666667,3,0.8866666666666667,0.96,0.9916666666666667,0.7616666666666667,0.96,0.9916666666666667,0.7616666666666667,0.8866666666666667,0.9916666666666667,0.7616666666666667,0.8866666666666667,0.96
mumbai,9,3–5,0.40625,32,0.625,32,0.9375,32,1.0,32,0.8866666666666667,0.96,0.9916666666666667,0.7616666666666667,0.96,0.9916666666666667,0.7616666666666667,0.8866666666666667,0.9916666666666667,0.7616666666666667,0.8866666666666667,0.96
mumbai,9,6–9,0.7616666666666667,14,0.8866666666666667,14,0.96,14,0.9916666666666667,14,0.8866666666666667,0.96,0.9916666666666667,0.7616666666666667,0.96,0.9916666666666667,0.7616666666666667,0.8866666666666667,0.9916666666666667,0.7616666666666667,0.8866666666666667,0.96
mumbai,10,0–2,0.48148148148148145,270,0.5962962962962963,270,0.6962962962962963,270,0.7666666666666667,270,0.35,0.4467741935483871,0.5370967741935484,0.2532258064516129,0.4467741935483871,0.5370967741935484,0.2532258064516129,0.35,0.5370967741935484,0.2532258064516129,0.35,0.4467741935483871
mumbai,10,10–19,0.040983606557377046,122,0.06557377049180328,122,0.09836065573770492,122,0.23770491803278687,122,0.35,0.4467741935483871,0.5370967741935484,0.2532258064516129,0.4467741935483871,0.5370967741935484,0.2532258064516129,0.35,0.5370967741935484,0.2532258064516129,0.35,0.4467741935483871
mumbai,10,20+,0.029411764705882353,34,0.08823529411764706,34,0.20588235294117646,34,0.47058823529411764,34,0.35,0.4467741935483871,0.5370967741935484,0.2532258064516129,0.4467741935483871,0.5370967741935484,0.2532258064516129,0.35,0.5370967741935484,0.2532258064516129,0.35,0.4467741935483871
mumbai,10,3–5,0.12,100,0.24,100,0.44,100,0.49,100,0.35,0.4467741935483871,0.5370967741935484,0.2532258064516129,0.4467741935483871,0.5370967741935484,0.2532258064516129,0.35,0.5370967741935484,0.2532258064516129,0.35,0.4467741935483871
mumbai,10,6–9,0.09574468085106383,94,0.22340425531914893,94,0.2765957446808511,94,0.3404255319148936,94,0.35,0.4467741935483871,0.5370967741935484,0.2532258064516129,0.4467741935483871,0.5370967741935484,0.2532258064516129,0.35,0.5370967741935484,0.2532258064516129,0.35,0.4467741935483871
mumbai,11,0–2,0.23333333333333334,60,0.31666666666666665,60,0.4166666666666667,60,0.5166666666666667,60,0.09333333333333334,0.15833333333333333,0.22833333333333333,0.05333333333333334,0.15833333333333333,0.22833333333333333,0.05333333333333334,0.09333333333333334,0.22833333333333333,0.05333333333333334,0.09333333333333334,0.15833333333333333
mumbai,11,10–19,0.02608695652173913,115,0.0782608695652174,115,0.1826086956521739,115,0.25217391304347825,115,0.09333333333333334,0.15833333333333333,0.22833333333333333,0.05333333333333334,0.15833333333333333,0.22833333333333333,0.05333333333333334,0.09333333333333334,0.22833333333333333,0.05333333333333334,0.09333333333333334,0.15833333333333333
mumbai,11,20+,0.03216374269005848,342,0.05555555555555555,342,0.09941520467836257,342,0.14912280701754385,342,0.09333333333333334,0.15833333333333333,0.22833333333333333,0.05333333333333334,0.15833333333333333,0.22833333333333333,0.05333333333333334,0.09333333333333334,0.22833333333333333,0.05333333333333334,0.09333333333333334,0.15833333333333333
mumbai,11,3–5,0.05555555555555555,36,0.1111111111111111,36,0.16666666666666666,36,0.25,36,0.09333333333333334,0.15833333333333333,0.22833333333333333,0.05333333333333334,0.15833333333333333,0.22833333333333333,0.05333333333333334,0.09333333333333334,0.22833333333333333,0.05333333333333334,0.09333333333333334,0.15833333333333333
mumbai,11,6–9,0.0425531914893617,47,0.10638297872340426,47,0.19148936170212766,47,0.3617021276595745,47,0.09333333333333334,0.15833333333333333,0.22833333333333333,0.05333333333333334,0.15833333333333333,0.22833333333333333,0.05333333333333334,0.09333333333333334,0.22833333333333333,0.05333333333333334,0.09333333333333334,0.15833333333333333
mumbai,12,0–2,0.00825082508250825,13,0.019801980198019802,13,0.036303630363036306,13,0.066006600660066,13,0.019801980198019802,0.036303630363036306,0.066006600660066,0.00825082508250825,0.036303630363036306,0.066006600660066,0.00825082508250825,0.019801980198019802,0.066006600660066,0.00825082508250825,0.019801980198019802,0.036303630363036306
mumbai,12,10–19,0.0,66,0.030303030303030304,66,0.06060606060606061,66,0.07575757575757576,66,0.019801980198019802,0.036303630363036306,0.066006600660066,0.00825082508250825,0.036303630363036306,0.066006600660066,0.00825082508250825,0.019801980198019802,0.066006600660066,0.00825082508250825,0.019801980198019802,0.036303630363036306
mumbai,12,20+,0.004032258064516129,496,0.010080645161290322,496,0.020161290322580645,496,0.05443548387096774,496,0.019801980198019802,0.036303630363036306,0.066006600660066,0.00825082508250825,0.036303630363036306,0.066006600660066,0.00825082508250825,0.019801980198019802,0.066006600660066,0.00825082508250825,0.019801980198019802,0.036303630363036306
mumbai,12,3–5,0.00825082508250825,12,0.019801980198019802,12,0.036303630363036306,12,0.066006600660066,12,0.019801980198019802,0.036303630363036306,0.066006600660066,0.00825082508250825,0.036303630363036306,0.066006600660066,0.00825082508250825,0.019801980198019802,0.066006600660066,0.00825082508250825,0.019801980198019802,0.036303630363036306
mumbai,12,6–9,0.00825082508250825,19,0.019801980198019802,19,0.036303630363036306,19,0.066006600660066,19,0.019801980198019802,0.036303630363036306,0.066006600660066,0.00825082508250825,0.036303630363036306,0.066006600660066,0.00825082508250825,0.019801980198019802,0.066006600660066,0.00825082508250825,0.019801980198019802,0.036303630363036306
nairobi,1,0–2,0.3453815261044177,249,0.5220883534136547,249,0.678714859437751,249,0.8112449799196787,249,0.3725806451612903,0.5580645161290323,0.7290322580645161,0.22419354838709676,0.5580645161290323,0.7290322580645161,0.22419354838709676,0.3725806451612903,0.7290322580645161,0.22419354838709676,0.3725806451612903,0.5580645161290323
nairobi,1,10–19,0.10569105691056911,123,0.2032520325203252,123,0.42276422764227645,123,0.7398373983739838,123,0.3725806451612903,0.5580645161290323,0.7290322580645161,0.22419354838709676,0.5580645161290323,0.7290322580645161,0.22419354838709676,0.3725806451612903,0.7290322580645161,0.22419354838709676,0.3725806451612903,0.5580645161290323
nairobi,1,20+,0.17391304347826086,46,0.391304347826087,46,0.7391304347826086,46,0.8260869565217391,46,0.3725806451612903,0.5580645161290323,0.7290322580645161,0.22419354838709676,0.5580645161290323,0.7290322580645161,0.22419354838709676,0.3725806451612903,0.7290322580645161,0.22419354838709676,0.3725806451612903,0.5580645161290323
nairobi,1,3–5,0.17272727272727273,110,0.3090909090909091,110,0.4909090909090909,110,0.6363636363636364,110,0.3725806451612903,0.5580645161290323,0.7290322580645161,0.22419354838709676,0.5580645161290323,0.7290322580645161,0.22419354838709676,0.3725806451612903,0.7290322580645161,0.22419354838709676,0.3725806451612903,0.5580645161290323
nairobi,1,6–9,0.14130434782608695,92,0.2608695652173913,92,0.40217391304347827,92,0.5543478260869565,92,0.3725806451612903,0.5580645161290323,0.7290322580645161,0.22419354838709676,0.5580645161290323,0.7290322580645161,0.22419354838709676,0.3725806451612903,0.7290322580645161,0.22419354838709676,0.3725806451612903,0.5580645161290323
nairobi,2,0–2,0.2847682119205298,151,0.3973509933774834,151,0.6158940397350994,151,0.7814569536423841,151,0.2920353982300885,0.504424778761062,0.7486725663716814,0.15752212389380532,0.504424778761062,0.7486725663716814,0.15752212389380532,0.2920353982300885,0.7486725663716814,0.15752212389380532,0.2920353982300885,0.504424778761062
nairobi,2,10–19,0.08620689655172414,116,0.1724137931034483,116,0.3275862068965517,116,0.6551724137931034,116,0.2920353982300885,0.504424778761062,0.7486725663716814,0.15752212389380532,0.504424778761062,0.7486725663716814,0.15752212389380532,0.2920353982300885,0.7486725663716814,0.15752212389380532,0.2920353982300885,0.504424778761062
nairobi,2,20+,0.1111111111111111,117,0.24786324786324787,117,0.48717948717948717,117,0.7264957264957265,117,0.2920353982300885,0.504424778761062,0.7486725663716814,0.15752212389380532,0.504424778761062,0.7486725663716814,0.15752212389380532,0.2920353982300885,0.7486725663716814,0.15752212389380532,0.2920353982300885,0.504424778761062
nairobi,2,3–5,0.13636363636363635,88,0.3409090909090909,88,0.5454545454545454,88,0.8068181818181818,88,0.2920353982300885,0.504424778761062,0.7486725663716814,0.15752212389380532,0.504424778761062,0.7486725663716814,0.15752212389380532,0.2920353982300885,0.7486725663716814,0.15752212389380532,0.2920353982300885,0.504424778761062
nairobi,2,6–9,0.11827956989247312,93,0.27956989247311825,93,0.5268817204301075,93,0.7849462365591398,93,0.2920353982300885,0.504424778761062,0.7486725663716814,0.15752212389380532,0.504424778761062,0.7486725663716814,0.15752212389380532,0.2920353982300885,0.7486725663716814,0.15752212389380532,0.2920353982300885,0.504424778761062
nairobi,3,0–2,0.42948717948717946,312,0.6538461538461539,312,0.8653846153846154,312,0.9711538461538461,312,0.5580645161290323,0.8096774193548387,0.9451612903225807,0.3241935483870968,0.8096774193548387,0.9451612903225807,0.3241935483870968,0.5580645161290323,0.9451612903225807,0.3241935483870968,0.5580645161290323,0.8096774193548387
nairobi,3,10–19,0.19101123595505617,89,0.42696629213483145,89,0.7752808988764045,89,0.9213483146067416,89,0.5580645161290323,0.8096774193548387,0.9451612903225807,0.3241935483870968,0.8096774193548387,0.9451612903225807,0.3241935483870968,0.5580645161290323,0.9451612903225807,0.3241935483870968,0.5580645161290323,0.8096774193548387
nairobi,3,20+,0.13793103448275862,58,0.29310344827586204,58,0.5689655172413793,58,0.8275862068965517,58,0.5580645161290323,0.8096774193548387,0.9451612903225807,0.3241935483870968,0.8096774193548387,0.9451612903225807,0.3241935483870968,0.5580645161290323,0.9451612903225807,0.3241935483870968,0.5580645161290323,0.8096774193548387
nairobi,3,3–5,0.23711340206185566,97,0.5360824742268041,97,0.8350515463917526,97,0.9587628865979382,97,0.5580645161290323,0.8096774193548387,0.9451612903225807,0.3241935483870968,0.8096774193548387,0.9451612903225807,0.3241935483870968,0.5580645161290323,0.9451612903225807,0.3241935483870968,0.5580645161290323,0.8096774193548387
nairobi,3,6–9,0.296875,64,0.546875,64,0.765625,64,0.9375,64,0.5580645161290323,0.8096774193548387,0.9451612903225807,0.3241935483870968,0.8096774193548387,0.9451612903225807,0.3241935483870968,0.5580645161290323,0.9451612903225807,0.3241935483870968,0.5580645161290323,0.8096774193548387
nairobi,4,0–2,0.650390625,512,0.88671875,512,0.9765625,512,0.9921875,512,0.8683333333333333,0.9716666666666667,0.9883333333333333,0.6166666666666667,0.9716666666666667,0.9883333333333333,0.6166666666666667,0.8683333333333333,0.9883333333333333,0.6166666666666667,0.8683333333333333,0.9716666666666667
nairobi,4,10–19,0.6166666666666667,4,0.8683333333333333,4,0.9716666666666667,4,0.9883333333333333,4,0.8683333333333333,0.9716666666666667,0.9883333333333333,0.6166666666666667,0.9716666666666667,0.9883333333333333,0.6166666666666667,0.8683333333333333,0.9883333333333333,0.6166666666666667,0.8683333333333333,0.9716666666666667
nairobi,4,3–5,0.3968253968253968,63,0.746031746031746,63,0.9206349206349206,63,0.9523809523809523,63,0.8683333333333333,0.9716666666666667,0.9883333333333333,0.6166666666666667,0.9716666666666667,0.9883333333333333,0.6166666666666667,0.8683333333333333,0.9883333333333333,0.6166666666666667,0.8683333333333333,0.9716666666666667
nairobi,4,6–9,0.42857142857142855,21,0.7619047619047619,21,1.0,21,1.0,21,0.8683333333333333,0.9716666666666667,0.9883333333333333,0.6166666666666667,0.9716666666666667,0.9883333333333333,0.6166666666666667,0.8683333333333333,0.9883333333333333,0.6166666666666667,0.8683333333333333,0.9716666666666667
nairobi,5,0–2,0.5518672199170125,482,0.7863070539419087,482,0.9315352697095436,482,0.970954356846473,482,0.7354838709677419,0.896774193548387,0.9725806451612903,0.5,0.896774193548387,0.9725806451612903,0.5,0.7354838709677419,0.9725806451612903,0.5,0.7354838709677419,0.896774193548387
nairobi,5,10–19,0.125,24,0.25,24,0.75,24,1.0,24,0.7354838709677419,0.896774193548387,0.9725806451612903,0.5,0.896774193548387,0.9725806451612903,0.5,0.7354838709677419,0.9725806451612903,0.5,0.7354838709677419,0.896774193548387
nairobi,5,20+,0.5,4,0.7354838709677419,4,0.896774193548387,4,0.9725806451612903,4,0.7354838709677419,0.896774193548387,0.9725806451612903,0.5,0.896774193548387,0.9725806451612903,0.5,0.7354838709677419,0.9725806451612903,0.5,0.7354838709677419,0.896774193548387
nairobi,5,3–5,0.41333333333333333,75,0.6933333333333334,75,0.88,75,1.0,75,0.7354838709677419,0.896774193548387,0.9725806451612903,0.5,0.896774193548387,0.9725806451612903,0.5,0.7354838709677419,0.9725806451612903,0.5,0.7354838709677419,0.896774193548387
nairobi,5,6–9,0.2571428571428571,35,0.45714285714285713,35,0.5428571428571428,35,0.9142857142857143,35,0.7354838709677419,0.896774193548387,0.9725806451612903,0.5,0.896774193548387,0.9725806451612903,0.5,0.7354838709677419,0.9725806451612903,0.5,0.7354838709677419,0.896774193548387
nairobi,6,0–2,0.3273381294964029,278,0.5359712230215827,278,0.7086330935251799,278,0.8237410071942446,278,0.42,0.6083333333333333,0.7533333333333333,0.235,0.6083333333333333,0.7533333333333333,0.235,0.42,0.7533333333333333,0.235,0.42,0.6083333333333333
nairobi,6,10–19,0.0989010989010989,91,0.27472527472527475,91,0.4945054945054945,91,0.5824175824175825,91,0.42,0.6083333333333333,0.7533333333333333,0.235,0.6083333333333333,0.7533333333333333,0.235,0.42,0.7533333333333333,0.235,0.42,0.6083333333333333
nairobi,6,20+,0.235,11,0.42,11,0.6083333333333333,11,0.7533333333333333,11,0.42,0.6083333333333333,0.7533333333333333,0.235,0.6083333333333333,0.7533333333333333,0.235,0.42,0.7533333333333333,0.235,0.42,0.6083333333333333
nairobi,6,3–5,0.176,125,0.392,125,0.576,125,0.776,125,0.42,0.6083333333333333,0.7533333333333333,0.235,0.6083333333333333,0.7533333333333333,0.235,0.42,0.7533333333333333,0.235,0.42,0.6083333333333333
nairobi,6,6–9,0.2,95,0.30526315789473685,95,0.5157894736842106,95,0.7263157894736842,95,0.42,0.6083333333333333,0.7533333333333333,0.235,0.6083333333333333,0.7533333333333333,0.235,0.42,0.7533333333333333,0.235,0.42,0.6083333333333333
nairobi,7,0–2,0.19117647058823528,136,0.2647058823529412,136,0.4852941176470588,136,0.6838235294117647,136,0.21774193548387097,0.38870967741935486,0.6,0.10483870967741936,0.38870967741935486,0.6,0.10483870967741936,0.21774193548387097,0.6,0.10483870967741936,0.21774193548387097,0.38870967741935486
nairobi,7,10–19,0.08450704225352113,142,0.20422535211267606,142,0.36619718309859156,142,0.5985915492957746,142,0.21774193548387097,0.38870967741935486,0.6,0.10483870967741936,0.38870967741935486,0.6,0.10483870967741936,0.21774193548387097,0.6,0.10483870967741936,0.21774193548387097,0.38870967741935486
nairobi,7,20+,0.0736196319018405,163,0.1656441717791411,163,0.3067484662576687,163,0.49693251533742333,163,0.21774193548387097,0.38870967741935486,0.6,0.10483870967741936,0.38870967741935486,0.6,0.10483870967741936,0.21774193548387097,0.6,0.10483870967741936,0.21774193548387097,0.38870967741935486
nairobi,7,3–5,0.0967741935483871,93,0.26881720430107525,93,0.44086021505376344,93,0.6344086021505376,93,0.21774193548387097,0.38870967741935486,0.6,0.10483870967741936,0.38870967741935486,0.6,0.10483870967741936,0.21774193548387097,0.6,0.10483870967741936,0.21774193548387097,0.38870967741935486
nairobi,7,6–9,0.06976744186046512,86,0.20930232558139536,86,0.37209302325581395,86,0.627906976744186,86,0.21774193548387097,0.38870967741935486,0.6,0.10483870967741936,0.38870967741935486,0.6,0.10483870967741936,0.21774193548387097,0.6,0.10483870967741936,0.21774193548387097,0.38870967741935486
nairobi,8,0–2,0.19078947368421054,152,0.34868421052631576,152,0.4473684210526316,152,0.625,152,0.24516129032258063,0.44193548387096776,0.6887096774193548,0.11774193548387096,0.44193548387096776,0.6887096774193548,0.11774193548387096,0.24516129032258063,0.6887096774193548,0.11774193548387096,0.24516129032258063,0.44193548387096776
nairobi,8,10–19,0.12337662337662338,154,0.2727272727272727,154,0.564935064935065,154,0.8441558441558441,154,0.24516129032258063,0.44193548387096776,0.6887096774193548,0.11774193548387096,0.44193548387096776,0.6887096774193548,0.11774193548387096,0.24516129032258063,0.6887096774193548,0.11774193548387096,0.24516129032258063,0.44193548387096776
nairobi,8,20+,0.08264462809917356,121,0.2231404958677686,121,0.4049586776859504,121,0.628099173553719,121,0.24516129032258063,0.44193548387096776,0.6887096774193548,0.11774193548387096,0.44193548387096776,0.6887096774193548,0.11774193548387096,0.24516129032258063,0.6887096774193548,0.11774193548387096,0.24516129032258063,0.44193548387096776
nairobi,8,3–5,0.07865168539325842,89,0.11235955056179775,89,0.29213483146067415,89,0.5955056179775281,89,0.24516129032258063,0.44193548387096776,0.6887096774193548,0.11774193548387096,0.44193548387096776,0.6887096774193548,0.11774193548387096,0.24516129032258063,0.6887096774193548,0.11774193548387096,0.24516129032258063,0.44193548387096776
nairobi,8,6–9,0.07692307692307693,104,0.19230769230769232,104,0.4230769230769231,104,0.7019230769230769,104,0.24516129032258063,0.44193548387096776,0.6887096774193548,0.11774193548387096,0.44193548387096776,0.6887096774193548,0.11774193548387096,0.24516129032258063,0.6887096774193548,0.11774193548387096,0.24516129032258063,0.44193548387096776
nairobi,9,0–2,0.14516129032258066,124,0.3064516129032258,124,0.5241935483870968,124,0.6532258064516129,124,0.20666666666666667,0.39,0.5983333333333334,0.09,0.39,0.5983333333333334,0.09,0.20666666666666667,0.5983333333333334,0.09,0.20666666666666667,0.39
nairobi,9,10–19,0.05421686746987952,166,0.1566265060240964,166,0.39759036144578314,166,0.7349397590361446,166,0.20666666666666667,0.39,0.5983333333333334,0.09,0.39,0.5983333333333334,0.09,0.20666666666666667,0.5983333333333334,0.09,0.20666666666666667,0.39
nairobi,9,20+,0.06711409395973154,149,0.16778523489932887,149,0.33557046979865773,149,0.42953020134228187,149,0.20666666666666667,0.39,0.5983333333333334,0.09,0.39,0.5983333333333334,0.09,0.20666666666666667,0.5983333333333334,0.09,0.20666666666666667,0.39
nairobi,9,3–5,0.12658227848101267,79,0.27848101265822783,79,0.4177215189873418,79,0.6075949367088608,79,0.20666666666666667,0.39,0.5983333333333334,0.09,0.39,0.5983333333333334,0.09,0.20666666666666667,0.5983333333333334,0.09,0.20666666666666667,0.39
nairobi,9,6–9,0.08536585365853659,82,0.15853658536585366,82,0.24390243902439024,82,0.5365853658536586,82,0.20666666666666667,0.39,0.5983333333333334,0.09,0.39,0.5983333333333334,0.09,0.20666666666666667,0.5983333333333334,0.09,0.20666666666666667,0.39
nairobi,10,0–2,0.42066420664206644,271,0.6937269372693727,271,0.8523985239852399,271,0.9520295202952029,271,0.5112903225806451,0.7258064516129032,0.9145161290322581,0.28225806451612906,0.7258064516129032,0.9145161290322581,0.28225806451612906,0.5112903225806451,0.9145161290322581,0.28225806451612906,0.5112903225806451,0.7258064516129032
nairobi,10,10–19,0.18681318681318682,91,0.4065934065934066,91,0.6703296703296703,91,0.8461538461538461,91,0.5112903225806451,0.7258064516129032,0.9145161290322581,0.28225806451612906,0.7258064516129032,0.9145161290322581,0.28225806451612906,0.5112903225806451,0.9145161290322581,0.28225806451612906,0.5112903225806451,0.7258064516129032
nairobi,10,20+,0.11304347826086956,115,0.2956521739130435,115,0.5478260869565217,115,0.8434782608695652,115,0.5112903225806451,0.7258064516129032,0.9145161290322581,0.28225806451612906,0.7258064516129032,0.9145161290322581,0.28225806451612906,0.5112903225806451,0.9145161290322581,0.28225806451612906,0.5112903225806451,0.7258064516129032
nairobi,10,3–5,0.25316455696202533,79,0.43037974683544306,79,0.6708860759493671,79,0.9493670886075949,79,0.5112903225806451,0.7258064516129032,0.9145161290322581,0.28225806451612906,0.7258064516129032,0.9145161290322581,0.28225806451612906,0.5112903225806451,0.9145161290322581,0.28225806451612906,0.5112903225806451,0.7258064516129032
nairobi,10,6–9,0.171875,64,0.375,64,0.65625,64,0.9375,64,0.5112903225806451,0.7258064516129032,0.9145161290322581,0.28225806451612906,0.7258064516129032,0.9145161290322581,0.28225806451612906,0.5112903225806451,0.9145161290322581,0.28225806451612906,0.5112903225806451,0.7258064516129032
nairobi,11,0–2,0.6334012219959266,491,0.8431771894093686,491,0.9755600814663951,491,0.9877800407331976,491,0.8233333333333334,0.96,0.99,0.5866666666666667,0.96,0.99,0.5866666666666667,0.8233333333333334,0.99,0.5866666666666667,0.8233333333333334,0.96
nairobi,11,10–19,0.5866666666666667,13,0.8233333333333334,13,0.96,13,0.99,13,0.8233333333333334,0.96,0.99,0.5866666666666667,0.96,0.99,0.5866666666666667,0.8233333333333334,0.99,0.5866666666666667,0.8233333333333334,0.96
nairobi,11,20+,0.5866666666666667,4,0.8233333333333334,4,0.96,4,0.99,4,0.8233333333333334,0.96,0.99,0.5866666666666667,0.96,0.99,0.5866666666666667,0.8233333333333334,0.99,0.5866666666666667,0.8233333333333334,0.96
nairobi,11,3–5,0.36231884057971014,69,0.7971014492753623,69,0.9130434782608695,69,1.0,69,0.8233333333333334,0.96,0.99,0.5866666666666667,0.96,0.99,0.5866666666666667,0.8233333333333334,0.99,0.5866666666666667,0.8233333333333334,0.96
nairobi,11,6–9,0.4782608695652174,23,0.6086956521739131,23,0.7391304347826086,23,1.0,23,0.8233333333333334,0.96,0.99,0.5866666666666667,0.96,0.99,0.5866666666666667,0.8233333333333334,0.99,0.5866666666666667,0.8233333333333334,0.96
nairobi,12,0–2,0.38292011019283745,363,0.6060606060606061,363,0.8126721763085399,363,0.9090909090909091,363,0.5363036303630363,0.7442244224422442,0.8811881188118812,0.3201320132013201,0.7442244224422442,0.8811881188118812,0.3201320132013201,0.5363036303630363,0.8811881188118812,0.3201320132013201,0.5363036303630363,0.7442244224422442
nairobi,12,10–19,0.06,50,0.12,50,0.4,50,0.94,50,0.5363036303630363,0.7442244224422442,0.8811881188118812,0.3201320132013201,0.7442244224422442,0.8811881188118812,0.3201320132013201,0.5363036303630363,0.8811881188118812,0.3201320132013201,0.5363036303630363,0.7442244224422442
nairobi,12,20+,0.3201320132013201,7,0.5363036303630363,7,0.7442244224422442,7,0.8811881188118812,7,0.5363036303630363,0.7442244224422442,0.8811881188118812,0.3201320132013201,0.7442244224422442,0.8811881188118812,0.3201320132013201,0.5363036303630363,0.8811881188118812,0.3201320132013201,0.5363036303630363,0.7442244224422442
nairobi,12,3–5,0.28688524590163933,122,0.5491803278688525,122,0.7786885245901639,122,0.8442622950819673,122,0.5363036303630363,0.7442244224422442,0.8811881188118812,0.3201320132013201,0.7442244224422442,0.8811881188118812,0.3201320132013201,0.5363036303630363,0.8811881188118812,0.3201320132013201,0.5363036303630363,0.7442244224422442
nairobi,12,6–9,0.234375,64,0.421875,64,0.546875,64,0.75,64,0.5363036303630363,0.7442244224422442,0.8811881188118812,0.3201320132013201,0.7442244224422442,0.8811881188118812,0.3201320132013201,0.5363036303630363,0.8811881188118812,0.3201320132013201,0.5363036303630363,0.7442244224422442
tokyo,1,0–2,0.23102310231023102,303,0.504950495049505,303,0.7491749174917491,303,0.9372937293729373,303,0.49838709677419357,0.7709677419354839,0.9548387096774194,0.23225806451612904,0.7709677419354839,0.9548387096774194,0.23225806451612904,0.49838709677419357,0.9548387096774194,0.23225806451612904,0.49838709677419357,0.7709677419354839
tokyo,1,10–19,0.25757575757575757,66,0.6212121212121212,66,0.9545454545454546,66,0.9848484848484849,66,0.49838709677419357,0.7709677419354839,0.9548387096774194,0.23225806451612904,0.7709677419354839,0.9548387096774194,0.23225806451612904,0.49838709677419357,0.9548387096774194,0.23225806451612904,0.49838709677419357,0.7709677419354839
tokyo,1,20+,0.23225806451612904,4,0.49838709677419357,4,0.7709677419354839,4,0.9548387096774194,4,0.49838709677419357,0.7709677419354839,0.9548387096774194,0.23225806451612904,0.7709677419354839,0.9548387096774194,0.23225806451612904,0.49838709677419357,0.9548387096774194,0.23225806451612904,0.49838709677419357,0.7709677419354839
tokyo,1,3–5,0.22758620689655173,145,0.4482758620689655,145,0.7103448275862069,145,0.9586206896551724,145,0.49838709677419357,0.7709677419354839,0.9548387096774194,0.23225806451612904,0.7709677419354839,0.9548387096774194,0.23225806451612904,0.49838709677419357,0.9548387096774194,0.23225806451612904,0.49838709677419357,0.7709677419354839
tokyo,1,6–9,0.21568627450980393,102,0.46078431372549017,102,0.7941176470588235,102,0.9803921568627451,102,0.49838709677419357,0.7709677419354839,0.9548387096774194,0.23225806451612904,0.7709677419354839,0.9548387096774194,0.23225806451612904,0.49838709677419357,0.9548387096774194,0.23225806451612904,0.49838709677419357,0.7709677419354839
tokyo,2,0–2,0.2696245733788396,293,0.5358361774744027,293,0.8805460750853242,293,1.0,293,0.5592920353982301,0.8884955752212389,1.0,0.27964601769911507,0.8884955752212389,1.0,0.27964601769911507,0.5592920353982301,1.0,0.27964601769911507,0.5592920353982301,0.8884955752212389
tokyo,2,10–19,0.3157894736842105,57,0.6140350877192983,57,0.8771929824561403,57,1.0,57,0.5592920353982301,0.8884955752212389,1.0,0.27964601769911507,0.8884955752212389,1.0,0.27964601769911507,0.5592920353982301,1.0,0.27964601769911507,0.5592920353982301,0.8884955752212389
tokyo,2,20+,0.27964601769911507,1,0.5592920353982301,1,0.8884955752212389,1,1.0,1,0.5592920353982301,0.8884955752212389,1.0,0.27964601769911507,0.8884955752212389,1.0,0.27964601769911507,0.5592920353982301,1.0,0.27964601769911507,0.5592920353982301,0.8884955752212389
tokyo,2,3–5,0.26717557251908397,131,0.5877862595419847,131,0.8931297709923665,131,1.0,131,0.5592920353982301,0.8884955752212389,1.0,0.27964601769911507,0.8884955752212389,1.0,0.27964601769911507,0.5592920353982301,1.0,0.27964601769911507,0.5592920353982301,0.8884955752212389
tokyo,2,6–9,0.3132530120481928,83,0.5662650602409639,83,0.9156626506024096,83,1.0,83,0.5592920353982301,0.8884955752212389,1.0,0.27964601769911507,0.8884955752212389,1.0,0.27964601769911507,0.5592920353982301,1.0,0.27964601769911507,0.5592920353982301,0.8884955752212389
tokyo,3,0–2,0.3674832962138085,449,0.7060133630289532,449,0.9732739420935412,449,1.0,449,0.7338709677419355,0.9725806451612903,1.0,0.38387096774193546,0.9725806451612903,1.0,0.38387096774193546,0.7338709677419355,1.0,0.38387096774193546,0.7338709677419355,0.9725806451612903
tokyo,3,10–19,0.38387096774193546,7,0.7338709677419355,7,0.9725806451612903,7,1.0,7,0.7338709677419355,0.9725806451612903,1.0,0.38387096774193546,0.9725806451612903,1.0,0.38387096774193546,0.7338709677419355,1.0,0.38387096774193546,0.7338709677419355,0.9725806451612903
tokyo,3,3–5,0.3816793893129771,131,0.7938931297709924,131,0.9770992366412213,131,1.0,131,0.7338709677419355,0.9725806451612903,1.0,0.38387096774193546,0.9725806451612903,1.0,0.38387096774193546,0.7338709677419355,1.0,0.38387096774193546,0.7338709677419355,0.9725806451612903
tokyo,3,6–9,0.5757575757575758,33,0.8484848484848485,33,0.9696969696969697,33,1.0,33,0.7338709677419355,0.9725806451612903,1.0,0.38387096774193546,0.9725806451612903,1.0,0.38387096774193546,0.7338709677419355,1.0,0.38387096774193546,0.7338709677419355,0.9725806451612903
tokyo,4,0–2,0.33031674208144796,442,0.7036199095022625,442,0.9524886877828054,442,1.0,442,0.7166666666666667,0.96,1.0,0.36333333333333334,0.96,1.0,0.36333333333333334,0.7166666666666667,1.0,0.36333333333333334,0.7166666666666667,0.96
tokyo,4,10–19,0.36333333333333334,3,0.7166666666666667,3,0.96,3,1.0,3,0.7166666666666667,0.96,1.0,0.36333333333333334,0.96,1.0,0.36333333333333334,0.7166666666666667,1.0,0.36333333333333334,0.7166666666666667,0.96
tokyo,4,3–5,0.4566929133858268,127,0.7480314960629921,127,0.9763779527559056,127,1.0,127,0.7166666666666667,0.96,1.0,0.36333333333333334,0.96,1.0,0.36333333333333334,0.7166666666666667,1.0,0.36333333333333334,0.7166666666666667,0.96
tokyo,4,6–9,0.4642857142857143,28,0.75,28,1.0,28,1.0,28,0.7166666666666667,0.96,1.0,0.36333333333333334,0.96,1.0,0.36333333333333334,0.7166666666666667,1.0,0.36333333333333334,0.7166666666666667,0.96
tokyo,5,0–2,0.34831460674157305,445,0.6921348314606741,445,0.9707865168539326,445,1.0,445,0.7274193548387097,0.9774193548387097,1.0,0.38548387096774195,0.9774193548387097,1.0,0.38548387096774195,0.7274193548387097,1.0,0.38548387096774195,0.7274193548387097,0.9774193548387097
tokyo,5,3–5,0.4507042253521127,142,0.8098591549295775,142,0.9929577464788732,142,1.0,142,0.7274193548387097,0.9774193548387097,1.0,0.38548387096774195,0.9774193548387097,1.0,0.38548387096774195,0.7274193548387097,1.0,0.38548387096774195,0.7274193548387097,0.9774193548387097
tokyo,5,6–9,0.6060606060606061,33,0.8484848484848485,33,1.0,33,1.0,33,0.7274193548387097,0.9774193548387097,1.0,0.38548387096774195,0.9774193548387097,1.0,0.38548387096774195,0.7274193548387097,1.0,0.38548387096774195,0.7274193548387097,0.9774193548387097
tokyo,6,0–2,0.4896694214876033,484,0.8078512396694215,484,0.9772727272727273,484,1.0,484,0.8216666666666667,0.98,1.0,0.49333333333333335,0.98,1.0,0.49333333333333335,0.8216666666666667,1.0,0.49333333333333335,0.8216666666666667,0.98
tokyo,6,3–5,0.5106382978723404,94,0.8723404255319149,94,0.9893617021276596,94,1.0,94,0.8216666666666667,0.98,1.0,0.49333333333333335,0.98,1.0,0.49333333333333335,0.8216666666666667,1.0,0.49333333333333335,0.8216666666666667,0.98
tokyo,6,6–9,0.5,22,0.9090909090909091,22,1.0,22,1.0,22,0.8216666666666667,0.98,1.0,0.49333333333333335,0.98,1.0,0.49333333333333335,0.8216666666666667,1.0,0.49333333333333335,0.8216666666666667,0.98
tokyo,7,0–2,0.42452830188679247,424,0.6839622641509434,424,0.8891509433962265,424,0.9905660377358491,424,0.65,0.8838709677419355,0.9935483870967742,0.38548387096774195,0.8838709677419355,0.9935483870967742,0.38548387096774195,0.65,0.9935483870967742,0.38548387096774195,0.65,0.8838709677419355
tokyo,7,10–19,0.38548387096774195,17,0.65,17,0.8838709677419355,17,0.9935483870967742,17,0.65,0.8838709677419355,0.9935483870967742,0.38548387096774195,0.8838709677419355,0.9935483870967742,0.38548387096774195,0.65,0.9935483870967742,0.38548387096774195,0.65,0.8838709677419355
tokyo,7,3–5,0.2767857142857143,112,0.5267857142857143,112,0.8125,112,1.0,112,0.65,0.8838709677419355,0.9935483870967742,0.38548387096774195,0.8838709677419355,0.9935483870967742,0.38548387096774195,0.65,0.9935483870967742,0.38548387096774195,0.65,0.8838709677419355
tokyo,7,6–9,0.31343283582089554,67,0.6119402985074627,67,0.9402985074626866,67,1.0,67,0.65,0.8838709677419355,0.9935483870967742,0.38548387096774195,0.8838709677419355,0.9935483870967742,0.38548387096774195,0.65,0.9935483870967742,0.38548387096774195,0.65,0.8838709677419355
tokyo,8,0–2,0.36220472440944884,381,0.6299212598425197,381,0.8976377952755905,381,0.973753280839895,381,0.6225806451612903,0.8774193548387097,0.9629032258064516,0.3532258064516129,0.8774193548387097,0.9629032258064516,0.3532258064516129,0.6225806451612903,0.9629032258064516,0.3532258064516129,0.6225806451612903,0.8774193548387097
tokyo,8,10–19,0.3548387096774194,31,0.5806451612903226,31,0.8064516129032258,31,0.9354838709677419,31,0.6225806451612903,0.8774193548387097,0.9629032258064516,0.3532258064516129,0.8774193548387097,0.9629032258064516,0.3532258064516129,0.6225806451612903,0.9629032258064516,0.3532258064516129,0.6225806451612903,0.8774193548387097
tokyo,8,3–5,0.3188405797101449,138,0.6014492753623188,138,0.8913043478260869,138,0.9492753623188406,138,0.6225806451612903,0.8774193548387097,0.9629032258064516,0.3532258064516129,0.8774193548387097,0.9629032258064516,0.3532258064516129,0.6225806451612903,0.9629032258064516,0.3532258064516129,0.6225806451612903,0.8774193548387097
tokyo,8,6–9,0.37142857142857144,70,0.6428571428571429,70,0.7714285714285715,70,0.9428571428571428,70,0.6225806451612903,0.8774193548387097,0.9629032258064516,0.3532258064516129,0.8774193548387097,0.9629032258064516,0.3532258064516129,0.6225806451612903,0.9629032258064516,0.3532258064516129,0.6225806451612903,0.8774193548387097
tokyo,9,0–2,0.47540983606557374,427,0.7564402810304449,427,0.9578454332552693,427,0.9976580796252927,427,0.7433333333333333,0.94,0.9966666666666667,0.45666666666666667,0.94,0.9966666666666667,0.45666666666666667,0.7433333333333333,0.9966666666666667,0.45666666666666667,0.7433333333333333,0.94
tokyo,9,10–19,0.25925925925925924,27,0.5185185185185185,27,0.7037037037037037,27,0.9629629629629629,27,0.7433333333333333,0.94,0.9966666666666667,0.45666666666666667,0.94,0.9966666666666667,0.45666666666666667,0.7433333333333333,0.9966666666666667,0.45666666666666667,0.7433333333333333,0.94
tokyo,9,20+,0.45666666666666667,8,0.7433333333333333,8,0.94,8,0.9966666666666667,8,0.7433333333333333,0.94,0.9966666666666667,0.45666666666666667,0.94,0.9966666666666667,0.45666666666666667,0.7433333333333333,0.9966666666666667,0.45666666666666667,0.7433333333333333,0.94
tokyo,9,3–5,0.4563106796116505,103,0.8058252427184466,103,0.9320388349514563,103,1.0,103,0.7433333333333333,0.94,0.9966666666666667,0.45666666666666667,0.94,0.9966666666666667,0.45666666666666667,0.7433333333333333,0.9966666666666667,0.45666666666666667,0.7433333333333333,0.94
tokyo,9,6–9,0.42857142857142855,35,0.6285714285714286,35,0.9142857142857143,35,1.0,35,0.7433333333333333,0.94,0.9966666666666667,0.45666666666666667,0.94,0.9966666666666667,0.45666666666666667,0.7433333333333333,0.9966666666666667,0.45666666666666667,0.7433333333333333,0.94
tokyo,10,0–2,0.3720430107526882,465,0.7118279569892473,465,0.9354838709677419,465,0.989247311827957,465,0.7129032258064516,0.9258064516129032,0.9919354838709677,0.38387096774193546,0.9258064516129032,0.9919354838709677,0.38387096774193546,0.7129032258064516,0.9919354838709677,0.38387096774193546,0.7129032258064516,0.9258064516129032
tokyo,10,10–19,0.38387096774193546,12,0.7129032258064516,12,0.9258064516129032,12,0.9919354838709677,12,0.7129032258064516,0.9258064516129032,0.9919354838709677,0.38387096774193546,0.9258064516129032,0.9919354838709677,0.38387096774193546,0.7129032258064516,0.9919354838709677,0.38387096774193546,0.7129032258064516,0.9258064516129032
tokyo,10,3–5,0.44144144144144143,111,0.7207207207207207,111,0.8738738738738738,111,1.0,111,0.7129032258064516,0.9258064516129032,0.9919354838709677,0.38387096774193546,0.9258064516129032,0.9919354838709677,0.38387096774193546,0.7129032258064516,0.9919354838709677,0.38387096774193546,0.7129032258064516,0.9258064516129032
tokyo,10,6–9,0.375,32,0.6875,32,0.9375,32,1.0,32,0.7129032258064516,0.9258064516129032,0.9919354838709677,0.38387096774193546,0.9258064516129032,0.9919354838709677,0.38387096774193546,0.7129032258064516,0.9919354838709677,0.38387096774193546,0.7129032258064516,0.9258064516129032
tokyo,11,0–2,0.29829545454545453,352,0.6022727272727273,352,0.8863636363636364,352,0.9772727272727273,352,0.5983333333333334,0.8766666666666667,0.9833333333333333,0.2833333333333333,0.8766666666666667,0.9833333333333333,0.2833333333333333,0.5983333333333334,0.9833333333333333,0.2833333333333333,0.5983333333333334,0.8766666666666667
tokyo,11,10–19,0.20588235294117646,34,0.5882352941176471,34,1.0,34,1.0,34,0.5983333333333334,0.8766666666666667,0.9833333333333333,0.2833333333333333,0.8766666666666667,0.9833333333333333,0.2833333333333333,0.5983333333333334,0.9833333333333333,0.2833333333333333,0.5983333333333334,0.8766666666666667
tokyo,11,3–5,0.2708333333333333,144,0.6319444444444444,144,0.8541666666666666,144,0.9861111111111112,144,0.5983333333333334,0.8766666666666667,0.9833333333333333,0.2833333333333333,0.8766666666666667,0.9833333333333333,0.2833333333333333,0.5983333333333334,0.9833333333333333,0.2833333333333333,0.5983333333333334,0.8766666666666667
tokyo,11,6–9,0.2714285714285714,70,0.5142857142857142,70,0.8142857142857143,70,1.0,70,0.5983333333333334,0.8766666666666667,0.9833333333333333,0.2833333333333333,0.8766666666666667,0.9833333333333333,0.2833333333333333,0.5983333333333334,0.9833333333333333,0.2833333333333333,0.5983333333333334,0.8766666666666667
tokyo,12,0–2,0.24161073825503357,298,0.4966442953020134,298,0.7315436241610739,298,0.9261744966442953,298,0.4471947194719472,0.7046204620462047,0.929042904290429,0.20957095709570958,0.7046204620462047,0.929042904290429,0.20957095709570958,0.4471947194719472,0.929042904290429,0.20957095709570958,0.4471947194719472,0.7046204620462047
tokyo,12,10–19,0.208955223880597,67,0.44776119402985076,67,0.6865671641791045,67,0.9104477611940298,67,0.4471947194719472,0.7046204620462047,0.929042904290429,0.20957095709570958,0.7046204620462047,0.929042904290429,0.20957095709570958,0.4471947194719472,0.929042904290429,0.20957095709570958,0.4471947194719472,0.7046204620462047
tokyo,12,20+,0.20957095709570958,8,0.4471947194719472,8,0.7046204620462047,8,0.929042904290429,8,0.4471947194719472,0.7046204620462047,0.929042904290429,0.20957095709570958,0.7046204620462047,0.929042904290429,0.20957095709570958,0.4471947194719472,0.929042904290429,0.20957095709570958,0.4471947194719472,0.7046204620462047
tokyo,12,3–5,0.17518248175182483,137,0.38686131386861317,137,0.6423357664233577,137,0.9343065693430657,137,0.4471947194719472,0.7046204620462047,0.929042904290429,0.20957095709570958,0.7046204620462047,0.929042904290429,0.20957095709570958,0.4471947194719472,0.929042904290429,0.20957095709570958,0.4471947194719472,0.7046204620462047
tokyo,12,6–9,0.17708333333333334,96,0.3854166666666667,96,0.7083333333333334,96,0.9375,96,0.4471947194719472,0.7046204620462047,0.929042904290429,0.20957095709570958,0.7046204620462047,0.929042904290429,0.20957095709570958,0.4471947194719472,0.929042904290429,0.20957095709570958,0.4471947194719472,0.7046204620462047
tucson,1,0–2,0.18848167539267016,191,0.36649214659685864,191,0.6649214659685864,191,0.8272251308900523,191,0.3064516129032258,0.5241935483870968,0.717741935483871,0.15,0.5241935483870968,0.717741935483871,0.15,0.3064516129032258,0.717741935483871,0.15,0.3064516129032258,0.5241935483870968
tucson,1,10–19,0.09345794392523364,107,0.205607476635514,107,0.40186915887850466,107,0.5981308411214953,107,0.3064516129032258,0.5241935483870968,0.717741935483871,0.15,0.5241935483870968,0.717741935483871,0.15,0.3064516129032258,0.717741935483871,0.15,0.3064516129032258,0.5241935483870968
tucson,1,20+,0.07092198581560284,141,0.1773049645390071,141,0.3191489361702128,141,0.5460992907801419,141,0.3064516129032258,0.5241935483870968,0.717741935483871,0.15,0.5241935483870968,0.717741935483871,0.15,0.3064516129032258,0.717741935483871,0.15,0.3064516129032258,0.5241935483870968
tucson,1,3–5,0.18811881188118812,101,0.43564356435643564,101,0.6534653465346535,101,0.8118811881188119,101,0.3064516129032258,0.5241935483870968,0.717741935483871,0.15,0.5241935483870968,0.717741935483871,0.15,0.3064516129032258,0.717741935483871,0.15,0.3064516129032258,0.5241935483870968
tucson,1,6–9,0.225,80,0.3625,80,0.55,80,0.8,80,0.3064516129032258,0.5241935483870968,0.717741935483871,0.15,0.5241935483870968,0.717741935483871,0.15,0.3064516129032258,0.717741935483871,0.15,0.3064516129032258,0.5241935483870968
tucson,2,0–2,0.22099447513812154,181,0.43646408839779005,181,0.6077348066298343,181,0.856353591160221,181,0.3415929203539823,0.5557522123893806,0.7946902654867256,0.17168141592920355,0.5557522123893806,0.7946902654867256,0.17168141592920355,0.3415929203539823,0.7946902654867256,0.17168141592920355,0.3415929203539823,0.5557522123893806
tucson,2,10–19,0.1509433962264151,106,0.3490566037735849,106,0.6037735849056604,106,0.8207547169811321,106,0.3415929203539823,0.5557522123893806,0.7946902654867256,0.17168141592920355,0.5557522123893806,0.7946902654867256,0.17168141592920355,0.3415929203539823,0.7946902654867256,0.17168141592920355,0.3415929203539823,0.5557522123893806
tucson,2,20+,0.08235294117647059,85,0.17647058823529413,85,0.29411764705882354,85,0.5647058823529412,85,0.3415929203539823,0.5557522123893806,0.7946902654867256,0.17168141592920355,0.5557522123893806,0.7946902654867256,0.17168141592920355,0.3415929203539823,0.7946902654867256,0.17168141592920355,0.3415929203539823,0.5557522123893806
tucson,2,3–5,0.17647058823529413,102,0.28431372549019607,102,0.5784313725490197,102,0.8137254901960784,102,0.3415929203539823,0.5557522123893806,0.7946902654867256,0.17168141592920355,0.5557522123893806,0.7946902654867256,0.17168141592920355,0.3415929203539823,0.7946902654867256,0.17168141592920355,0.3415929203539823,0.5557522123893806
tucson,2,6–9,0.17582417582417584,91,0.3626373626373626,91,0.6153846153846154,91,0.8351648351648352,91,0.3415929203539823,0.5557522123893806,0.7946902654867256,0.17168141592920355,0.5557522123893806,0.7946902654867256,0.17168141592920355,0.3415929203539823,0.7946902654867256,0.17168141592920355,0.3415929203539823,0.5557522123893806
tucson,3,0–2,0.15789473684210525,171,0.2807017543859649,171,0.49707602339181284,171,0.6140350877192983,171,0.2532258064516129,0.44516129032258067,0.603225806451613,0.12258064516129032,0.44516129032258067,0.603225806451613,0.12258064516129032,0.2532258064516129,0.603225806451613,0.12258064516129032,0.2532258064516129,0.44516129032258067
tucson,3,10–19,0.09554140127388536,157,0.1910828025477707,157,0.3248407643312102,157,0.5732484076433121,157,0.2532258064516129,0.44516129032258067,0.603225806451613,0.12258064516129032,0.44516129032258067,0.603225806451613,0.12258064516129032,0.2532258064516129,0.603225806451613,0.12258064516129032,0.2532258064516129,0.44516129032258067
tucson,3,20+,0.11627906976744186,86,0.29069767441860467,86,0.5930232558139535,86,0.7093023255813954,86,0.2532258064516129,0.44516129032258067,0.603225806451613,0.12258064516129032,0.44516129032258067,0.603225806451613,0.12258064516129032,0.2532258064516129,0.603225806451613,0.12258064516129032,0.2532258064516129,0.44516129032258067
tucson,3,3–5,0.1111111111111111,99,0.29292929292929293,99,0.45454545454545453,99,0.5959595959595959,99,0.2532258064516129,0.44516129032258067,0.603225806451613,0.12258064516129032,0.44516129032258067,0.603225806451613,0.12258064516129032,0.2532258064516129,0.603225806451613,0.12258064516129032,0.2532258064516129,0.44516129032258067
tucson,3,6–9,0.12149532710280374,107,0.2336448598130841,107,0.411214953271028,107,0.5514018691588785,107,0.2532258064516129,0.44516129032258067,0.603225806451613,0.12258064516129032,0.44516129032258067,0.603225806451613,0.12258064516129032,0.2532258064516129,0.603225806451613,0.12258064516129032,0.2532258064516129,0.44516129032258067
tucson,4,0–2,0.0958904109589041,73,0.1506849315068493,73,0.1917808219178082,73,0.2876712328767123,73,0.09833333333333333,0.18,0.29833333333333334,0.043333333333333335,0.18,0.29833333333333334,0.043333333333333335,0.09833333333333333,0.29833333333333334,0.043333333333333335,0.09833333333333333,0.18
tucson,4,10–19,0.032679738562091505,153,0.06535947712418301,153,0.10457516339869281,153,0.2222222222222222,153,0.09833333333333333,0.18,0.29833333333333334,0.043333333333333335,0.18,0.29833333333333334,0.043333333333333335,0.09833333333333333,0.29833333333333334,0.043333333333333335,0.09833333333333333,0.18
tucson,4,20+,0.05217391304347826,230,0.12608695652173912,230,0.2565217391304348,230,0.39565217391304347,230,0.09833333333333333,0.18,0.29833333333333334,0.043333333333333335,0.18,0.29833333333333334,0.043333333333333335,0.09833333333333333,0.29833333333333334,0.043333333333333335,0.09833333333333333,0.18
tucson,4,3–5,0.0,67,0.05970149253731343,67,0.13432835820895522,67,0.23880597014925373,67,0.09833333333333333,0.18,0.29833333333333334,0.043333333333333335,0.18,0.29833333333333334,0.043333333333333335,0.09833333333333333,0.29833333333333334,0.043333333333333335,0.09833333333333333,0.18
tucson,4,6–9,0.025974025974025976,77,0.06493506493506493,77,0.12987012987012986,77,0.22077922077922077,77,0.09833333333333333,0.18,0.29833333333333334,0.043333333333333335,0.18,0.29833333333333334,0.043333333333333335,0.09833333333333333,0.29833333333333334,0.043333333333333335,0.09833333333333333,0.18
tucson,5,0–2,0.10526315789473684,38,0.23684210526315788,38,0.2631578947368421,38,0.42105263157894735,38,0.06774193548387097,0.12903225806451613,0.23548387096774193,0.027419354838709678,0.12903225806451613,0.23548387096774193,0.027419354838709678,0.06774193548387097,0.23548387096774193,0.027419354838709678,0.06774193548387097,0.12903225806451613
tucson,5,10–19,0.03488372093023256,86,0.08139534883720931,86,0.13953488372093023,86,0.2441860465116279,86,0.06774193548387097,0.12903225806451613,0.23548387096774193,0.027419354838709678,0.12903225806451613,0.23548387096774193,0.027419354838709678,0.06774193548387097,0.23548387096774193,0.027419354838709678,0.06774193548387097,0.12903225806451613
tucson,5,20+,0.020689655172413793,435,0.052873563218390804,435,0.10804597701149425,435,0.2045977011494253,435,0.06774193548387097,0.12903225806451613,0.23548387096774193,0.027419354838709678,0.12903225806451613,0.23548387096774193,0.027419354838709678,0.06774193548387097,0.23548387096774193,0.027419354838709678,0.06774193548387097,0.12903225806451613
tucson,5,3–5,0.0,26,0.0,26,0.11538461538461539,26,0.34615384615384615,26,0.06774193548387097,0.12903225806451613,0.23548387096774193,0.027419354838709678,0.12903225806451613,0.23548387096774193,0.027419354838709678,0.06774193548387097,0.23548387096774193,0.027419354838709678,0.06774193548387097,0.12903225806451613
tucson,5,6–9,0.02857142857142857,35,0.08571428571428572,35,0.22857142857142856,35,0.3142857142857143,35,0.06774193548387097,0.12903225806451613,0.23548387096774193,0.027419354838709678,0.12903225806451613,0.23548387096774193,0.027419354838709678,0.06774193548387097,0.23548387096774193,0.027419354838709678,0.06774193548387097,0.12903225806451613
tucson,6,0–2,0.11904761904761904,42,0.23809523809523808,42,0.30952380952380953,42,0.5476190476190477,42,0.09666666666666666,0.20333333333333334,0.39666666666666667,0.03833333333333333,0.20333333333333334,0.39666666666666667,0.03833333333333333,0.09666666666666666,0.39666666666666667,0.03833333333333333,0.09666666666666666,0.20333333333333334
tucson,6,10–19,0.010526315789473684,95,0.031578947368421054,95,0.12631578947368421,95,0.3157894736842105,95,0.09666666666666666,0.20333333333333334,0.39666666666666667,0.03833333333333333,0.20333333333333334,0.39666666666666667,0.03833333333333333,0.09666666666666666,0.39666666666666667,0.03833333333333333,0.09666666666666666,0.20333333333333334
tucson,6,20+,0.038560411311053984,389,0.09768637532133675,389,0.20822622107969152,389,0.4138817480719794,389,0.09666666666666666,0.20333333333333334,0.39666666666666667,0.03833333333333333,0.20333333333333334,0.39666666666666667,0.03833333333333333,0.09666666666666666,0.39666666666666667,0.03833333333333333,0.09666666666666666,0.20333333333333334
tucson,6,3–5,0.03125,32,0.0625,32,0.25,32,0.40625,32,0.09666666666666666,0.20333333333333334,0.39666666666666667,0.03833333333333333,0.20333333333333334,0.39666666666666667,0.03833333333333333,0.09666666666666666,0.39666666666666667,0.03833333333333333,0.09666666666666666,0.20333333333333334
tucson,6,6–9,0.023809523809523808,42,0.11904761904761904,42,0.19047619047619047,42,0.2619047619047619,42,0.09666666666666666,0.20333333333333334,0.39666666666666667,0.03833333333333333,0.20333333333333334,0.39666666666666667,0.03833333333333333,0.09666666666666666,0.39666666666666667,0.03833333333333333,0.09666666666666666,0.20333333333333334
tucson,7,0–2,0.32677165354330706,254,0.5433070866141733,254,0.7677165354330708,254,0.9212598425196851,254,0.4435483870967742,0.6838709677419355,0.896774193548387,0.23548387096774193,0.6838709677419355,0.896774193548387,0.23548387096774193,0.4435483870967742,0.896774193548387,0.23548387096774193,0.4435483870967742,0.6838709677419355
tucson,7,10–19,0.1774193548387097,62,0.3548387096774194,62,0.6612903225806451,62,0.9838709677419355,62,0.4435483870967742,0.6838709677419355,0.896774193548387,0.23548387096774193,0.6838709677419355,0.896774193548387,0.23548387096774193,0.4435483870967742,0.896774193548387,0.23548387096774193,0.4435483870967742,0.6838709677419355
tucson,7,20+,0.1337579617834395,157,0.2929936305732484,157,0.554140127388535,157,0.8535031847133758,157,0.4435483870967742,0.6838709677419355,0.896774193548387,0.23548387096774193,0.6838709677419355,0.896774193548387,0.23548387096774193,0.4435483870967742,0.896774193548387,0.23548387096774193,0.4435483870967742,0.6838709677419355
tucson,7,3–5,0.1951219512195122,82,0.45121951219512196,82,0.7195121951219512,82,0.8292682926829268,82,0.4435483870967742,0.6838709677419355,0.896774193548387,0.23548387096774193,0.6838709677419355,0.896774193548387,0.23548387096774193,0.4435483870967742,0.896774193548387,0.23548387096774193,0.4435483870967742,0.6838709677419355
tucson,7,6–9,0.23076923076923078,65,0.49230769230769234,65,0.6461538461538462,65,0.9076923076923077,65,0.4435483870967742,0.6838709677419355,0.896774193548387,0.23548387096774193,0.6838709677419355,0.896774193548387,0.23548387096774193,0.4435483870967742,0.896774193548387,0.23548387096774193,0.4435483870967742,0.6838709677419355
tucson,8,0–2,0.28823529411764703,340,0.5647058823529412,340,0.7941176470588235,340,0.9470588235294117,340,0.532258064516129,0.7887096774193548,0.9451612903225807,0.26129032258064516,0.7887096774193548,0.9451612903225807,0.26129032258064516,0.532258064516129,0.9451612903225807,0.26129032258064516,0.532258064516129,0.7887096774193548
tucson,8,10–19,0.15789473684210525,57,0.43859649122807015,57,0.7894736842105263,57,0.9298245614035088,57,0.532258064516129,0.7887096774193548,0.9451612903225807,0.26129032258064516,0.7887096774193548,0.9451612903225807,0.26129032258064516,0.532258064516129,0.9451612903225807,0.26129032258064516,0.532258064516129,0.7887096774193548
tucson,8,20+,0.26129032258064516,7,0.532258064516129,7,0.7887096774193548,7,0.9451612903225807,7,0.532258064516129,0.7887096774193548,0.9451612903225807,0.26129032258064516,0.7887096774193548,0.9451612903225807,0.26129032258064516,0.532258064516129,0.9451612903225807,0.26129032258064516,0.532258064516129,0.7887096774193548
tucson,8,3–5,0.24812030075187969,133,0.5037593984962406,133,0.7669172932330827,133,0.9473684210526315,133,0.532258064516129,0.7887096774193548,0.9451612903225807,0.26129032258064516,0.7887096774193548,0.9451612903225807,0.26129032258064516,0.532258064516129,0.9451612903225807,0.26129032258064516,0.532258064516129,0.7887096774193548
tucson,8,6–9,0.21686746987951808,83,0.46987951807228917,83,0.7831325301204819,83,0.9397590361445783,83,0.532258064516129,0.7887096774193548,0.9451612903225807,0.26129032258064516,0.7887096774193548,0.9451612903225807,0.26129032258064516,0.532258064516129,0.9451612903225807,0.26129032258064516,0.532258064516129,0.7887096774193548
tucson,9,0–2,0.12962962962962962,162,0.2654320987654321,162,0.38271604938271603,162,0.6481481481481481,162,0.23833333333333334,0.4216666666666667,0.66,0.11166666666666666,0.4216666666666667,0.66,0.11166666666666666,0.23833333333333334,0.66,0.11166666666666666,0.23833333333333334,0.4216666666666667
tucson,9,10–19,0.17197452229299362,157,0.3630573248407643,157,0.5732484076433121,157,0.6878980891719745,157,0.23833333333333334,0.4216666666666667,0.66,0.11166666666666666,0.4216666666666667,0.66,0.11166666666666666,0.23833333333333334,0.66,0.11166666666666666,0.23833333333333334,0.4216666666666667
tucson,9,20+,0.023809523809523808,42,0.023809523809523808,42,0.07142857142857142,42,0.35714285714285715,42,0.23833333333333334,0.4216666666666667,0.66,0.11166666666666666,0.4216666666666667,0.66,0.11166666666666666,0.23833333333333334,0.66,0.11166666666666666,0.23833333333333334,0.4216666666666667
tucson,9,3–5,0.1111111111111111,117,0.18803418803418803,117,0.3333333333333333,117,0.6752136752136753,117,0.23833333333333334,0.4216666666666667,0.66,0.11166666666666666,0.4216666666666667,0.66,0.11166666666666666,0.23833333333333334,0.66,0.11166666666666666,0.23833333333333334,0.4216666666666667
tucson,9,6–9,0.040983606557377046,122,0.16393442622950818,122,0.48360655737704916,122,0.7295081967213115,122,0.23833333333333334,0.4216666666666667,0.66,0.11166666666666666,0.4216666666666667,0.66,0.11166666666666666,0.23833333333333334,0.66,0.11166666666666666,0.23833333333333334,0.4216666666666667
tucson,10,0–2,0.12149532710280374,107,0.24299065420560748,107,0.3925233644859813,107,0.5233644859813084,107,0.17258064516129032,0.317741935483871,0.5112903225806451,0.07419354838709677,0.317741935483871,0.5112903225806451,0.07419354838709677,0.17258064516129032,0.5112903225806451,0.07419354838709677,0.17258064516129032,0.317741935483871
tucson,10,10–19,0.03592814371257485,167,0.10179640718562874,167,0.15568862275449102,167,0.38323353293413176,167,0.17258064516129032,0.317741935483871,0.5112903225806451,0.07419354838709677,0.317741935483871,0.5112903225806451,0.07419354838709677,0.17258064516129032,0.5112903225806451,0.07419354838709677,0.17258064516129032,0.317741935483871
tucson,10,20+,0.09473684210526316,190,0.22631578947368422,190,0.45789473684210524,190,0.7157894736842105,190,0.17258064516129032,0.317741935483871,0.5112903225806451,0.07419354838709677,0.317741935483871,0.5112903225806451,0.07419354838709677,0.17258064516129032,0.5112903225806451,0.07419354838709677,0.17258064516129032,0.317741935483871
tucson,10,3–5,0.05714285714285714,70,0.14285714285714285,70,0.24285714285714285,70,0.4,70,0.17258064516129032,0.317741935483871,0.5112903225806451,0.07419354838709677,0.317741935483871,0.5112903225806451,0.07419354838709677,0.17258064516129032,0.5112903225806451,0.07419354838709677,0.17258064516129032,0.317741935483871
tucson,10,6–9,0.05813953488372093,86,0.12790697674418605,86,0.29069767441860467,86,0.38372093023255816,86,0.17258064516129032,0.317741935483871,0.5112903225806451,0.07419354838709677,0.317741935483871,0.5112903225806451,0.07419354838709677,0.17258064516129032,0.5112903225806451,0.07419354838709677,0.17258064516129032,0.317741935483871
tucson,11,0–2,0.15841584158415842,101,0.32673267326732675,101,0.504950495049505,101,0.7425742574257426,101,0.185,0.35,0.555,0.08333333333333333,0.35,0.555,0.08333333333333333,0.185,0.555,0.08333333333333333,0.185,0.35
tucson,11,10–19,0.10273972602739725,146,0.22602739726027396,146,0.4315068493150685,146,0.7191780821917808,146,0.185,0.35,0.555,0.08333333333333333,0.35,0.555,0.08333333333333333,0.185,0.555,0.08333333333333333,0.185,0.35
tucson,11,20+,0.05263157894736842,209,0.12440191387559808,209,0.22966507177033493,209,0.3014354066985646,209,0.185,0.35,0.555,0.08333333333333333,0.35,0.555,0.08333333333333333,0.185,0.555,0.08333333333333333,0.185,0.35
tucson,11,3–5,0.08695652173913043,69,0.17391304347826086,69,0.3188405797101449,69,0.6521739130434783,69,0.185,0.35,0.555,0.08333333333333333,0.35,0.555,0.08333333333333333,0.185,0.555,0.08333333333333333,0.185,0.35
tucson,11,6–9,0.02666666666666667,75,0.09333333333333334,75,0.3466666666666667,75,0.6,75,0.185,0.35,0.555,0.08333333333333333,0.35,0.555,0.08333333333333333,0.185,0.555,0.08333333333333333,0.185,0.35
tucson,12,0–2,0.16666666666666666,174,0.3563218390804598,174,0.6379310344827587,174,0.7873563218390804,174,0.27887788778877887,0.5066006600660066,0.7079207920792079,0.12706270627062707,0.5066006600660066,0.7079207920792079,0.12706270627062707,0.27887788778877887,0.7079207920792079,0.12706270627062707,0.27887788778877887,0.5066006600660066
tucson,12,10–19,0.060240963855421686,83,0.1566265060240964,83,0.3493975903614458,83,0.5421686746987951,83,0.27887788778877887,0.5066006600660066,0.7079207920792079,0.12706270627062707,0.5066006600660066,0.7079207920792079,0.12706270627062707,0.27887788778877887,0.7079207920792079,0.12706270627062707,0.27887788778877887,0.5066006600660066
tucson,12,20+,0.0718562874251497,167,0.20359281437125748,167,0.437125748502994,167,0.7544910179640718,167,0.27887788778877887,0.5066006600660066,0.7079207920792079,0.12706270627062707,0.5066006600660066,0.7079207920792079,0.12706270627062707,0.27887788778877887,0.7079207920792079,0.12706270627062707,0.27887788778877887,0.5066006600660066
tucson,12,3–5,0.1553398058252427,103,0.3300970873786408,103,0.5631067961165048,103,0.7378640776699029,103,0.27887788778877887,0.5066006600660066,0.7079207920792079,0.12706270627062707,0.5066006600660066,0.7079207920792079,0.12706270627062707,0.27887788778877887,0.7079207920792079,0.12706270627062707,0.27887788778877887,0.5066006600660066
tucson,12,6–9,0.189873417721519,79,0.3291139240506329,79,0.45569620253164556,79,0.569620253164557,79,0.27887788778877887,0.5066006600660066,0.7079207920792079,0.12706270627062707,0.5066006600660066,0.7079207920792079,0.12706270627062707,0.27887788778877887,0.7079207920792079,0.12706270627062707,0.27887788778877887,0.5066006600660066
